#include "ui_mdi_icons.h"
#include <lvgl.h>

/* Auto-generated ui_font_mdi_32 (32px) */
static const uint8_t ui_font_mdi_32_bitmap[] = {
    0x00, 0x00, 0x00, 0x00, 0x00, 0x00, 0x00, 0x00, 0x00, 0x00, 0x00, 0x00, 0x00, 0x00, 0x00, 0x00, 
    0x00, 0x00, 0x00, 0x00, 0x00, 0x00, 0x00, 0x00, 0x00, 0x00, 0x00, 0x00, 0x00, 0x00, 0x00, 0x00, 
    0x00, 0x00, 0x00, 0x00, 0x00, 0x00, 0x00, 0x24, 0x43, 0x10, 0x00, 0x00, 0x00, 0x00, 0x00, 0x00, 
    0x00, 0x00, 0x00, 0x00, 0x00, 0x01, 0x7d, 0xff, 0xff, 0xfb, 0x50, 0x00, 0x00, 0x00, 0x00, 0x00, 
    0x00, 0x00, 0x00, 0x00, 0x00, 0x3d, 0xff, 0xff, 0xff, 0xff, 0xfa, 0x10, 0x00, 0x00, 0x00, 0x00, 
    0x00, 0x00, 0x00, 0x00, 0x05, 0xff, 0xff, 0xff, 0xff, 0xff, 0xff, 0xd1, 0x00, 0x00, 0x00, 0x00, 
    0x00, 0x00, 0x00, 0x00, 0x3e, 0xff, 0xff, 0xff, 0xff, 0xff, 0xff, 0xfb, 0x00, 0x00, 0x00, 0x00, 
    0x00, 0x00, 0x00, 0x00, 0xcf, 0xff, 0xff, 0xff, 0xff, 0xff, 0xff, 0xff, 0x70, 0x00, 0x00, 0x00, 
    0x00, 0x00, 0x00, 0x05, 0xff, 0xff, 0xff, 0xff, 0xff, 0xff, 0xff, 0xff, 0xe0, 0x00, 0x00, 0x00, 
    0x00, 0x00, 0x00, 0x0a, 0xff, 0xff, 0xff, 0xff, 0xff, 0xff, 0xff, 0xff, 0xf4, 0x00, 0x00, 0x00, 
    0x00, 0x00, 0x00, 0x0d, 0xff, 0xff, 0xff, 0xff, 0xff, 0xff, 0xff, 0xff, 0xf7, 0x00, 0x00, 0x00, 
    0x00, 0x00, 0x00, 0x0f, 0xff, 0xff, 0xff, 0xff, 0xff, 0xff, 0xff, 0xff, 0xf9, 0x00, 0x00, 0x00, 
    0x00, 0x00, 0x00, 0x0f, 0xff, 0xff, 0xff, 0xff, 0xff, 0xff, 0xff, 0xff, 0xf9, 0x00, 0x00, 0x00, 
    0x00, 0x00, 0x00, 0x0d, 0xff, 0xff, 0xff, 0xff, 0xff, 0xff, 0xff, 0xff, 0xf7, 0x00, 0x00, 0x00, 
    0x00, 0x00, 0x00, 0x0a, 0xff, 0xff, 0xff, 0xff, 0xff, 0xff, 0xff, 0xff, 0xf4, 0x00, 0x00, 0x00, 
    0x00, 0x00, 0x00, 0x05, 0xff, 0xff, 0xff, 0xff, 0xff, 0xff, 0xff, 0xff, 0xe0, 0x00, 0x00, 0x00, 
    0x00, 0x00, 0x00, 0x00, 0xcf, 0xff, 0xff, 0xff, 0xff, 0xff, 0xff, 0xff, 0x70, 0x00, 0x00, 0x00, 
    0x00, 0x00, 0x00, 0x00, 0x3f, 0xff, 0xff, 0xff, 0xff, 0xff, 0xff, 0xfb, 0x00, 0x00, 0x00, 0x00, 
    0x00, 0x00, 0x00, 0x00, 0x05, 0xff, 0xff, 0xff, 0xff, 0xff, 0xff, 0xc2, 0x00, 0x00, 0x00, 0x00, 
    0x00, 0x00, 0x00, 0x00, 0x00, 0x3f, 0xff, 0xff, 0xff, 0xff, 0xfc, 0x10, 0x00, 0x00, 0x00, 0x00, 
    0x00, 0x00, 0x00, 0x00, 0x00, 0x0f, 0xff, 0xff, 0xff, 0xff, 0xf9, 0x00, 0x00, 0x00, 0x00, 0x00, 
    0x00, 0x00, 0x00, 0x00, 0x00, 0x0f, 0xff, 0xff, 0xff, 0xff, 0xf9, 0x00, 0x00, 0x00, 0x00, 0x00, 
    0x00, 0x00, 0x00, 0x00, 0x00, 0x0f, 0xff, 0xff, 0xff, 0xff, 0xf9, 0x00, 0x00, 0x00, 0x00, 0x00, 
    0x00, 0x00, 0x00, 0x00, 0x00, 0x09, 0xff, 0xff, 0xff, 0xff, 0xe4, 0x00, 0x00, 0x00, 0x00, 0x00, 
    0x00, 0x00, 0x00, 0x00, 0x00, 0x00, 0x00, 0x00, 0x00, 0x00, 0x00, 0x00, 0x00, 0x00, 0x00, 0x00, 
    0x00, 0x00, 0x00, 0x00, 0x00, 0x00, 0x00, 0x00, 0x00, 0x00, 0x00, 0x00, 0x00, 0x00, 0x00, 0x00, 
    0x00, 0x00, 0x00, 0x00, 0x00, 0x00, 0x69, 0x99, 0x99, 0x99, 0x30, 0x00, 0x00, 0x00, 0x00, 0x00, 
    0x00, 0x00, 0x00, 0x00, 0x00, 0x00, 0xaf, 0xff, 0xff, 0xff, 0x50, 0x00, 0x00, 0x00, 0x00, 0x00, 
    0x00, 0x00, 0x00, 0x00, 0x00, 0x00, 0x5e, 0xff, 0xff, 0xfd, 0x10, 0x00, 0x00, 0x00, 0x00, 0x00, 
    0x00, 0x00, 0x00, 0x00, 0x00, 0x00, 0x00, 0x00, 0x00, 0x00, 0x00, 0x00, 0x00, 0x00, 0x00, 0x00, 
    0x00, 0x00, 0x00, 0x00, 0x00, 0x00, 0x00, 0x00, 0x00, 0x00, 0x00, 0x00, 0x00, 0x00, 0x00, 0x00, 
    0x00, 0x00, 0x00, 0x00, 0x00, 0x00, 0x00, 0x00, 0x00, 0x00, 0x00, 0x00, 0x00, 0x00, 0x00, 0x00, 
    0x00, 0x00, 0x00, 0x00, 0x00, 0x00, 0x00, 0x00, 0x00, 0x00, 0x00, 0x00, 0x00, 0x00, 0x00, 0x00, 
    0x00, 0x00, 0x00, 0x00, 0x00, 0x00, 0x00, 0x00, 0x00, 0x00, 0x00, 0x00, 0x00, 0x00, 0x00, 0x00, 
    0x00, 0x00, 0x00, 0x00, 0x00, 0x00, 0x77, 0x77, 0x77, 0x77, 0x00, 0x00, 0x00, 0x00, 0x00, 0x00, 
    0x00, 0x00, 0x00, 0x00, 0x00, 0x00, 0xff, 0xff, 0xff, 0xff, 0x00, 0x00, 0x00, 0x00, 0x00, 0x00, 
    0x00, 0x00, 0x00, 0x00, 0x00, 0x00, 0xff, 0xff, 0xff, 0xff, 0x00, 0x00, 0x00, 0x00, 0x00, 0x00, 
    0x00, 0x00, 0x00, 0x00, 0x4c, 0xdd, 0xff, 0xff, 0xff, 0xff, 0xdd, 0xc4, 0x00, 0x00, 0x00, 0x00, 
    0x00, 0x00, 0x00, 0x00, 0xdf, 0xff, 0xff, 0xff, 0xff, 0xff, 0xff, 0xfd, 0x00, 0x00, 0x00, 0x00, 
    0x00, 0x00, 0x00, 0x00, 0xff, 0xff, 0xff, 0xff, 0xff, 0xff, 0xff, 0xff, 0x00, 0x00, 0x00, 0x00, 
    0x00, 0x00, 0x00, 0x00, 0xff, 0xd0, 0x00, 0x00, 0x00, 0x00, 0x0d, 0xff, 0x00, 0x00, 0x00, 0x00, 
    0x00, 0x00, 0x00, 0x00, 0xff, 0xd0, 0x00, 0x00, 0x00, 0x00, 0x0d, 0xff, 0x00, 0x00, 0x00, 0x00, 
    0x00, 0x00, 0x00, 0x00, 0xff, 0xe9, 0x99, 0x99, 0x99, 0x99, 0x9e, 0xff, 0x00, 0x00, 0x00, 0x00, 
    0x00, 0x00, 0x00, 0x00, 0xff, 0xff, 0xff, 0xff, 0xff, 0xff, 0xff, 0xff, 0x00, 0x00, 0x00, 0x00, 
    0x00, 0x00, 0x00, 0x00, 0xff, 0xff, 0xff, 0xff, 0xff, 0xff, 0xff, 0xff, 0x00, 0x00, 0x00, 0x00, 
    0x00, 0x00, 0x00, 0x00, 0xff, 0xff, 0xff, 0xff, 0xff, 0xff, 0xff, 0xff, 0x00, 0x00, 0x00, 0x00, 
    0x00, 0x00, 0x00, 0x00, 0xff, 0xff, 0xff, 0xff, 0xff, 0xff, 0xff, 0xff, 0x00, 0x00, 0x00, 0x00, 
    0x00, 0x00, 0x00, 0x00, 0xff, 0xff, 0xff, 0xff, 0xff, 0xff, 0xff, 0xff, 0x00, 0x00, 0x00, 0x00, 
    0x00, 0x00, 0x00, 0x00, 0xff, 0xff, 0xff, 0xff, 0xff, 0xff, 0xff, 0xff, 0x00, 0x00, 0x00, 0x00, 
    0x00, 0x00, 0x00, 0x00, 0xff, 0xff, 0xff, 0xff, 0xff, 0xff, 0xff, 0xff, 0x00, 0x00, 0x00, 0x00, 
    0x00, 0x00, 0x00, 0x00, 0xff, 0xff, 0xff, 0xff, 0xff, 0xff, 0xff, 0xff, 0x00, 0x00, 0x00, 0x00, 
    0x00, 0x00, 0x00, 0x00, 0xff, 0xff, 0xff, 0xff, 0xff, 0xff, 0xff, 0xff, 0x00, 0x00, 0x00, 0x00, 
    0x00, 0x00, 0x00, 0x00, 0xff, 0xff, 0xff, 0xff, 0xff, 0xff, 0xff, 0xff, 0x00, 0x00, 0x00, 0x00, 
    0x00, 0x00, 0x00, 0x00, 0xff, 0xff, 0xff, 0xff, 0xff, 0xff, 0xff, 0xff, 0x00, 0x00, 0x00, 0x00, 
    0x00, 0x00, 0x00, 0x00, 0xff, 0xff, 0xff, 0xff, 0xff, 0xff, 0xff, 0xff, 0x00, 0x00, 0x00, 0x00, 
    0x00, 0x00, 0x00, 0x00, 0xff, 0xff, 0xff, 0xff, 0xff, 0xff, 0xff, 0xff, 0x00, 0x00, 0x00, 0x00, 
    0x00, 0x00, 0x00, 0x00, 0xff, 0xff, 0xff, 0xff, 0xff, 0xff, 0xff, 0xff, 0x00, 0x00, 0x00, 0x00, 
    0x00, 0x00, 0x00, 0x00, 0xff, 0xff, 0xff, 0xff, 0xff, 0xff, 0xff, 0xff, 0x00, 0x00, 0x00, 0x00, 
    0x00, 0x00, 0x00, 0x00, 0xff, 0xff, 0xff, 0xff, 0xff, 0xff, 0xff, 0xff, 0x00, 0x00, 0x00, 0x00, 
    0x00, 0x00, 0x00, 0x00, 0xef, 0xff, 0xff, 0xff, 0xff, 0xff, 0xff, 0xfe, 0x00, 0x00, 0x00, 0x00, 
    0x00, 0x00, 0x00, 0x00, 0x6e, 0xff, 0xff, 0xff, 0xff, 0xff, 0xff, 0xe6, 0x00, 0x00, 0x00, 0x00, 
    0x00, 0x00, 0x00, 0x00, 0x00, 0x00, 0x00, 0x00, 0x00, 0x00, 0x00, 0x00, 0x00, 0x00, 0x00, 0x00, 
    0x00, 0x00, 0x00, 0x00, 0x00, 0x00, 0x00, 0x00, 0x00, 0x00, 0x00, 0x00, 0x00, 0x00, 0x00, 0x00, 
    0x00, 0x00, 0x00, 0x00, 0x00, 0x00, 0x00, 0x00, 0x00, 0x00, 0x00, 0x00, 0x00, 0x00, 0x00, 0x00, 
    0x00, 0x00, 0x00, 0x00, 0x00, 0x00, 0x00, 0x00, 0x00, 0x00, 0x00, 0x00, 0x00, 0x00, 0x00, 0x00, 
    0x00, 0x00, 0x00, 0x00, 0x00, 0x00, 0x00, 0x00, 0x00, 0x00, 0x00, 0x00, 0x00, 0x00, 0x00, 0x00, 
    0x00, 0x00, 0x00, 0x00, 0x00, 0x00, 0x00, 0x00, 0x00, 0x00, 0x00, 0x00, 0x00, 0x00, 0x00, 0x00, 
    0x00, 0x00, 0x00, 0x00, 0x00, 0x00, 0x00, 0x00, 0x00, 0x00, 0x00, 0x00, 0x00, 0x00, 0x00, 0x00, 
    0x00, 0x00, 0x00, 0x00, 0x00, 0x00, 0x00, 0x03, 0x30, 0x00, 0x00, 0x00, 0x00, 0x00, 0x00, 0x00, 
    0x00, 0x00, 0x00, 0x00, 0x00, 0x00, 0x00, 0x1d, 0xd1, 0x00, 0x00, 0x00, 0x00, 0x00, 0x00, 0x00, 
    0x00, 0x00, 0x00, 0x00, 0x00, 0x00, 0x00, 0xbf, 0xfb, 0x00, 0x00, 0x00, 0x00, 0x00, 0x00, 0x00, 
    0x00, 0x00, 0x00, 0x00, 0x00, 0x00, 0x08, 0xff, 0xff, 0x80, 0x00, 0x00, 0x00, 0x00, 0x00, 0x00, 
    0x00, 0x00, 0x00, 0x00, 0x00, 0x00, 0x4f, 0xff, 0xff, 0xf4, 0x00, 0x00, 0x00, 0x00, 0x00, 0x00, 
    0x00, 0x00, 0x00, 0x00, 0x00, 0x01, 0xef, 0xff, 0xff, 0xfe, 0x10, 0x00, 0x00, 0x00, 0x00, 0x00, 
    0x00, 0x00, 0x00, 0x00, 0x00, 0x0a, 0xff, 0xff, 0xff, 0xff, 0xa0, 0x00, 0x00, 0x00, 0x00, 0x00, 
    0x00, 0x00, 0x00, 0x00, 0x00, 0x4f, 0xff, 0xff, 0xff, 0xff, 0xf4, 0x00, 0x00, 0x00, 0x00, 0x00, 
    0x00, 0x00, 0x00, 0x00, 0x00, 0xdf, 0xff, 0xff, 0xff, 0xff, 0xfd, 0x00, 0x00, 0x00, 0x00, 0x00, 
    0x00, 0x00, 0x00, 0x00, 0x06, 0xff, 0xff, 0xff, 0xff, 0xff, 0xff, 0x60, 0x00, 0x00, 0x00, 0x00, 
    0x00, 0x00, 0x00, 0x00, 0x0d, 0xff, 0xff, 0xff, 0xff, 0xff, 0xff, 0xd0, 0x00, 0x00, 0x00, 0x00, 
    0x00, 0x00, 0x00, 0x00, 0x5f, 0xff, 0xff, 0xff, 0xff, 0xff, 0xff, 0xf5, 0x00, 0x00, 0x00, 0x00, 
    0x00, 0x00, 0x00, 0x00, 0xaf, 0xff, 0xff, 0xff, 0xff, 0xff, 0xff, 0xfa, 0x00, 0x00, 0x00, 0x00, 
    0x00, 0x00, 0x00, 0x00, 0xdf, 0xff, 0xff, 0xff, 0xff, 0xff, 0xff, 0xfd, 0x00, 0x00, 0x00, 0x00, 
    0x00, 0x00, 0x00, 0x00, 0xff, 0xff, 0xff, 0xff, 0xff, 0xff, 0xff, 0xff, 0x00, 0x00, 0x00, 0x00, 
    0x00, 0x00, 0x00, 0x00, 0xef, 0xff, 0xff, 0xff, 0xff, 0xff, 0xff, 0xfe, 0x00, 0x00, 0x00, 0x00, 
    0x00, 0x00, 0x00, 0x00, 0xcf, 0xff, 0xff, 0xff, 0xff, 0xff, 0xff, 0xfc, 0x00, 0x00, 0x00, 0x00, 
    0x00, 0x00, 0x00, 0x00, 0x7f, 0xff, 0xff, 0xff, 0xff, 0xff, 0xff, 0xf7, 0x00, 0x00, 0x00, 0x00, 
    0x00, 0x00, 0x00, 0x00, 0x1e, 0xff, 0xff, 0xff, 0xff, 0xff, 0xff, 0xe1, 0x00, 0x00, 0x00, 0x00, 
    0x00, 0x00, 0x00, 0x00, 0x05, 0xff, 0xff, 0xff, 0xff, 0xff, 0xff, 0x50, 0x00, 0x00, 0x00, 0x00, 
    0x00, 0x00, 0x00, 0x00, 0x00, 0x6f, 0xff, 0xff, 0xff, 0xff, 0xf6, 0x00, 0x00, 0x00, 0x00, 0x00, 
    0x00, 0x00, 0x00, 0x00, 0x00, 0x04, 0xdf, 0xff, 0xff, 0xfd, 0x40, 0x00, 0x00, 0x00, 0x00, 0x00, 
    0x00, 0x00, 0x00, 0x00, 0x00, 0x00, 0x04, 0x8a, 0xa8, 0x40, 0x00, 0x00, 0x00, 0x00, 0x00, 0x00, 
    0x00, 0x00, 0x00, 0x00, 0x00, 0x00, 0x00, 0x00, 0x00, 0x00, 0x00, 0x00, 0x00, 0x00, 0x00, 0x00, 
    0x00, 0x00, 0x00, 0x00, 0x00, 0x00, 0x00, 0x00, 0x00, 0x00, 0x00, 0x00, 0x00, 0x00, 0x00, 0x00, 
    0x00, 0x00, 0x00, 0x00, 0x00, 0x00, 0x00, 0x00, 0x00, 0x00, 0x00, 0x00, 0x00, 0x00, 0x00, 0x00, 
    0x00, 0x00, 0x00, 0x00, 0x00, 0x00, 0x00, 0x00, 0x00, 0x00, 0x00, 0x00, 0x00, 0x00, 0x00, 0x00, 
    0x00, 0x00, 0x00, 0x00, 0x00, 0x00, 0x00, 0x00, 0x00, 0x00, 0x00, 0x00, 0x00, 0x00, 0x00, 0x00, 
    0x00, 0x00, 0x00, 0x00, 0x00, 0x00, 0x00, 0x00, 0x00, 0x00, 0x00, 0x00, 0x00, 0x00, 0x00, 0x00, 
    0x00, 0x00, 0x00, 0x00, 0x00, 0x00, 0x00, 0x00, 0x00, 0x00, 0x00, 0x00, 0x00, 0x00, 0x00, 0x00, 
    0x00, 0x00, 0x00, 0x00, 0x00, 0x00, 0x00, 0x59, 0x95, 0x00, 0x00, 0x00, 0x00, 0x00, 0x00, 0x00, 
    0x00, 0x00, 0x00, 0x00, 0x00, 0x00, 0x0b, 0xff, 0xff, 0xb0, 0x00, 0x00, 0x00, 0x00, 0x00, 0x00, 
    0x00, 0x00, 0x00, 0x00, 0x00, 0x00, 0x8f, 0xff, 0xff, 0xf8, 0x00, 0x00, 0x00, 0x00, 0x00, 0x00, 
    0x00, 0x00, 0x00, 0x00, 0x00, 0x00, 0xdf, 0xf3, 0x3f, 0xfd, 0x00, 0x00, 0x00, 0x00, 0x00, 0x00, 
    0x00, 0x00, 0x00, 0x00, 0x00, 0x00, 0xff, 0xd0, 0x0d, 0xff, 0x00, 0x00, 0x00, 0x00, 0x00, 0x00, 
    0x00, 0x00, 0x00, 0x00, 0x00, 0x00, 0xff, 0xd0, 0x0d, 0xff, 0x00, 0x00, 0x00, 0x00, 0x00, 0x00, 
    0x00, 0x00, 0x00, 0x00, 0x00, 0x00, 0xff, 0xd0, 0x0d, 0xff, 0x00, 0x00, 0x00, 0x00, 0x00, 0x00, 
    0x00, 0x00, 0x00, 0x00, 0x00, 0x00, 0xff, 0xd0, 0x0d, 0xff, 0x00, 0x00, 0x00, 0x00, 0x00, 0x00, 
    0x00, 0x00, 0x00, 0x00, 0x00, 0x00, 0xff, 0xe9, 0x9e, 0xff, 0x00, 0x00, 0x00, 0x00, 0x00, 0x00, 
    0x00, 0x00, 0x00, 0x00, 0x00, 0x00, 0xff, 0xff, 0xff, 0xff, 0x00, 0x00, 0x00, 0x00, 0x00, 0x00, 
    0x00, 0x00, 0x00, 0x00, 0x00, 0x00, 0xff, 0xff, 0xff, 0xff, 0x00, 0x00, 0x00, 0x00, 0x00, 0x00, 
    0x00, 0x00, 0x00, 0x00, 0x00, 0x00, 0xff, 0xff, 0xff, 0xff, 0x00, 0x00, 0x00, 0x00, 0x00, 0x00, 
    0x00, 0x00, 0x00, 0x00, 0x00, 0x00, 0xff, 0xff, 0xff, 0xff, 0x00, 0x00, 0x00, 0x00, 0x00, 0x00, 
    0x00, 0x00, 0x00, 0x00, 0x00, 0x00, 0xff, 0xff, 0xff, 0xff, 0x00, 0x00, 0x00, 0x00, 0x00, 0x00, 
    0x00, 0x00, 0x00, 0x00, 0x00, 0x00, 0xff, 0xff, 0xff, 0xff, 0x00, 0x00, 0x00, 0x00, 0x00, 0x00, 
    0x00, 0x00, 0x00, 0x00, 0x00, 0x08, 0xff, 0xff, 0xff, 0xff, 0x80, 0x00, 0x00, 0x00, 0x00, 0x00, 
    0x00, 0x00, 0x00, 0x00, 0x00, 0x7f, 0xff, 0xff, 0xff, 0xff, 0xf7, 0x00, 0x00, 0x00, 0x00, 0x00, 
    0x00, 0x00, 0x00, 0x00, 0x01, 0xef, 0xff, 0xff, 0xff, 0xff, 0xfe, 0x10, 0x00, 0x00, 0x00, 0x00, 
    0x00, 0x00, 0x00, 0x00, 0x06, 0xff, 0xff, 0xff, 0xff, 0xff, 0xff, 0x60, 0x00, 0x00, 0x00, 0x00, 
    0x00, 0x00, 0x00, 0x00, 0x09, 0xff, 0xff, 0xff, 0xff, 0xff, 0xff, 0x90, 0x00, 0x00, 0x00, 0x00, 
    0x00, 0x00, 0x00, 0x00, 0x0a, 0xff, 0xff, 0xff, 0xff, 0xff, 0xff, 0xa0, 0x00, 0x00, 0x00, 0x00, 
    0x00, 0x00, 0x00, 0x00, 0x08, 0xff, 0xff, 0xff, 0xff, 0xff, 0xff, 0x80, 0x00, 0x00, 0x00, 0x00, 
    0x00, 0x00, 0x00, 0x00, 0x04, 0xff, 0xff, 0xff, 0xff, 0xff, 0xff, 0x40, 0x00, 0x00, 0x00, 0x00, 
    0x00, 0x00, 0x00, 0x00, 0x00, 0xdf, 0xff, 0xff, 0xff, 0xff, 0xfd, 0x00, 0x00, 0x00, 0x00, 0x00, 
    0x00, 0x00, 0x00, 0x00, 0x00, 0x3f, 0xff, 0xff, 0xff, 0xff, 0xe3, 0x00, 0x00, 0x00, 0x00, 0x00, 
    0x00, 0x00, 0x00, 0x00, 0x00, 0x04, 0xef, 0xff, 0xff, 0xfe, 0x40, 0x00, 0x00, 0x00, 0x00, 0x00, 
    0x00, 0x00, 0x00, 0x00, 0x00, 0x00, 0x17, 0xce, 0xec, 0x71, 0x00, 0x00, 0x00, 0x00, 0x00, 0x00, 
    0x00, 0x00, 0x00, 0x00, 0x00, 0x00, 0x00, 0x00, 0x00, 0x00, 0x00, 0x00, 0x00, 0x00, 0x00, 0x00, 
    0x00, 0x00, 0x00, 0x00, 0x00, 0x00, 0x00, 0x00, 0x00, 0x00, 0x00, 0x00, 0x00, 0x00, 0x00, 0x00, 
    0x00, 0x00, 0x00, 0x00, 0x00, 0x00, 0x00, 0x00, 0x00, 0x00, 0x00, 0x00, 0x00, 0x00, 0x00, 0x00, 
    0x00, 0x00, 0x00, 0x00, 0x00, 0x00, 0x00, 0x00, 0x00, 0x00, 0x00, 0x00, 0x00, 0x00, 0x00, 0x00, 
    0x00, 0x00, 0x00, 0x00, 0x00, 0x00, 0x00, 0x00, 0x00, 0x00, 0x00, 0x00, 0x00, 0x00, 0x00, 0x00, 
    0x00, 0x00, 0x00, 0x00, 0x00, 0x00, 0x00, 0x00, 0x00, 0x00, 0x00, 0x00, 0x00, 0x00, 0x00, 0x00, 
    0x00, 0x00, 0x00, 0x00, 0x00, 0x00, 0x00, 0x00, 0x00, 0x00, 0x00, 0x00, 0x00, 0x00, 0x00, 0x00, 
    0x00, 0x00, 0x00, 0x00, 0x00, 0x00, 0x00, 0x00, 0x00, 0x00, 0x00, 0x00, 0x00, 0x00, 0x00, 0x00, 
    0x00, 0x00, 0x00, 0x00, 0x00, 0x00, 0x00, 0x00, 0x00, 0x00, 0x00, 0x00, 0x00, 0x00, 0x00, 0x00, 
    0x00, 0x00, 0x00, 0x17, 0xac, 0xdd, 0xdd, 0xdd, 0xdd, 0xdd, 0xdd, 0xdc, 0x94, 0x00, 0x00, 0x00, 
    0x00, 0x00, 0x04, 0xef, 0xff, 0xff, 0xff, 0xff, 0xff, 0xff, 0xff, 0xff, 0xff, 0xb1, 0x00, 0x00, 
    0x00, 0x00, 0x5f, 0xff, 0xff, 0xff, 0xff, 0xff, 0xff, 0xff, 0xff, 0xff, 0xff, 0xfd, 0x10, 0x00, 
    0x00, 0x01, 0xef, 0xff, 0xff, 0xff, 0xff, 0xff, 0xff, 0xff, 0xc4, 0x11, 0x5d, 0xff, 0xa0, 0x00, 
    0x00, 0x07, 0xff, 0xff, 0xff, 0xff, 0xff, 0xff, 0xff, 0xfc, 0x10, 0x00, 0x01, 0xdf, 0xf2, 0x00, 
    0x00, 0x0c, 0xff, 0xff, 0xff, 0xff, 0xff, 0xff, 0xff, 0xf4, 0x00, 0x00, 0x00, 0x5f, 0xf6, 0x00, 
    0x00, 0x0e, 0xff, 0xff, 0xff, 0xff, 0xff, 0xff, 0xff, 0xf1, 0x00, 0x00, 0x00, 0x1f, 0xf8, 0x00, 
    0x00, 0x0e, 0xff, 0xff, 0xff, 0xff, 0xff, 0xff, 0xff, 0xf1, 0x00, 0x00, 0x00, 0x1f, 0xf8, 0x00, 
    0x00, 0x0c, 0xff, 0xff, 0xff, 0xff, 0xff, 0xff, 0xff, 0xf4, 0x00, 0x00, 0x00, 0x5f, 0xf6, 0x00, 
    0x00, 0x07, 0xff, 0xff, 0xff, 0xff, 0xff, 0xff, 0xff, 0xfc, 0x10, 0x00, 0x01, 0xdf, 0xf2, 0x00, 
    0x00, 0x01, 0xef, 0xff, 0xff, 0xff, 0xff, 0xff, 0xff, 0xff, 0xc4, 0x11, 0x5d, 0xff, 0xa0, 0x00, 
    0x00, 0x00, 0x5f, 0xff, 0xff, 0xff, 0xff, 0xff, 0xff, 0xff, 0xff, 0xff, 0xff, 0xfd, 0x10, 0x00, 
    0x00, 0x00, 0x05, 0xef, 0xff, 0xff, 0xff, 0xff, 0xff, 0xff, 0xff, 0xff, 0xff, 0xc1, 0x00, 0x00, 
    0x00, 0x00, 0x00, 0x17, 0xac, 0xdd, 0xdd, 0xdd, 0xdd, 0xdd, 0xdd, 0xdc, 0xa4, 0x00, 0x00, 0x00, 
    0x00, 0x00, 0x00, 0x00, 0x00, 0x00, 0x00, 0x00, 0x00, 0x00, 0x00, 0x00, 0x00, 0x00, 0x00, 0x00, 
    0x00, 0x00, 0x00, 0x00, 0x00, 0x00, 0x00, 0x00, 0x00, 0x00, 0x00, 0x00, 0x00, 0x00, 0x00, 0x00, 
    0x00, 0x00, 0x00, 0x00, 0x00, 0x00, 0x00, 0x00, 0x00, 0x00, 0x00, 0x00, 0x00, 0x00, 0x00, 0x00, 
    0x00, 0x00, 0x00, 0x00, 0x00, 0x00, 0x00, 0x00, 0x00, 0x00, 0x00, 0x00, 0x00, 0x00, 0x00, 0x00, 
    0x00, 0x00, 0x00, 0x00, 0x00, 0x00, 0x00, 0x00, 0x00, 0x00, 0x00, 0x00, 0x00, 0x00, 0x00, 0x00, 
    0x00, 0x00, 0x00, 0x00, 0x00, 0x00, 0x00, 0x00, 0x00, 0x00, 0x00, 0x00, 0x00, 0x00, 0x00, 0x00, 
    0x00, 0x00, 0x00, 0x00, 0x00, 0x00, 0x00, 0x00, 0x00, 0x00, 0x00, 0x00, 0x00, 0x00, 0x00, 0x00, 
    0x00, 0x00, 0x00, 0x00, 0x00, 0x00, 0x00, 0x00, 0x00, 0x00, 0x00, 0x00, 0x00, 0x00, 0x00, 0x00, 
    0x00, 0x00, 0x00, 0x00, 0x00, 0x00, 0x00, 0x00, 0x00, 0x00, 0x00, 0x00, 0x00, 0x00, 0x00, 0x00, 
    0x00, 0x00, 0x00, 0x00, 0x00, 0x00, 0x00, 0x00, 0x00, 0x00, 0x00, 0x00, 0x00, 0x00, 0x00, 0x00, 
    0x00, 0x00, 0x00, 0x00, 0x00, 0x00, 0x00, 0x00, 0x00, 0x00, 0x00, 0x00, 0x00, 0x00, 0x00, 0x00, 
    0x00, 0x00, 0x00, 0x00, 0x00, 0x00, 0x00, 0x00, 0x00, 0x00, 0x00, 0x00, 0x00, 0x00, 0x00, 0x00, 
    0x00, 0x00, 0x00, 0x00, 0x00, 0x00, 0x00, 0x00, 0x00, 0x00, 0x00, 0x00, 0x00, 0x00, 0x00, 0x00, 
    0x00, 0x00, 0x00, 0x00, 0x00, 0x00, 0x00, 0x00, 0x00, 0x00, 0x00, 0x00, 0x00, 0x00, 0x00, 0x00, 
    0x00, 0x00, 0x00, 0x00, 0x00, 0x00, 0x00, 0x00, 0x00, 0x00, 0x00, 0x00, 0x00, 0x00, 0x00, 0x00, 
    0x00, 0x00, 0x00, 0x00, 0x00, 0x00, 0x00, 0x00, 0x00, 0x00, 0x00, 0x00, 0x00, 0x00, 0x00, 0x00, 
    0x00, 0x00, 0x00, 0x00, 0x00, 0x00, 0x00, 0x00, 0x00, 0x00, 0x00, 0x00, 0x00, 0x00, 0x00, 0x00, 
    0x00, 0x00, 0x00, 0x00, 0x00, 0x00, 0x00, 0x00, 0x00, 0x00, 0x00, 0x00, 0x00, 0x00, 0x00, 0x00, 
    0x00, 0x00, 0x00, 0x00, 0x00, 0x00, 0x00, 0x00, 0x00, 0x00, 0x00, 0x00, 0x00, 0x00, 0x00, 0x00, 
    0x00, 0x09, 0x99, 0x99, 0x99, 0x99, 0x99, 0x99, 0x99, 0x99, 0x99, 0x99, 0x99, 0x99, 0x96, 0x00, 
    0x00, 0x0f, 0xff, 0xff, 0xff, 0xff, 0xff, 0xff, 0xff, 0xff, 0xff, 0xff, 0xff, 0xff, 0xf9, 0x00, 
    0x00, 0x0f, 0xff, 0xff, 0xff, 0xff, 0xff, 0xff, 0xff, 0xff, 0xff, 0xff, 0xff, 0xff, 0xf9, 0x00, 
    0x00, 0x0f, 0xf9, 0x00, 0xf2, 0x00, 0xef, 0xff, 0xff, 0xfe, 0x00, 0x0f, 0x20, 0x0f, 0xf9, 0x00, 
    0x00, 0x0f, 0xf9, 0x00, 0xf2, 0x00, 0x7f, 0xff, 0xff, 0xf7, 0x00, 0x0f, 0x20, 0x0f, 0xf9, 0x00, 
    0x00, 0x0f, 0xf9, 0x00, 0xf2, 0x00, 0x05, 0xaa, 0xaa, 0x50, 0x00, 0x0f, 0x20, 0x0f, 0xf9, 0x00, 
    0x00, 0x0f, 0xf9, 0x00, 0xf2, 0x00, 0x00, 0x00, 0x00, 0x00, 0x00, 0x0f, 0x20, 0x0f, 0xf9, 0x00, 
    0x00, 0x0f, 0xf9, 0x00, 0xf2, 0x00, 0x00, 0x00, 0x00, 0x00, 0x00, 0x0f, 0x20, 0x0f, 0xf9, 0x00, 
    0x00, 0x0f, 0xfd, 0x99, 0xfa, 0x99, 0x99, 0x99, 0x99, 0x99, 0x99, 0x9f, 0xa9, 0x9f, 0xf9, 0x00, 
    0x00, 0x0f, 0xff, 0xff, 0xff, 0xff, 0xff, 0xff, 0xff, 0xff, 0xff, 0xff, 0xff, 0xff, 0xf9, 0x00, 
    0x00, 0x0f, 0xff, 0xff, 0xff, 0xff, 0xff, 0xff, 0xff, 0xff, 0xff, 0xff, 0xff, 0xff, 0xf9, 0x00, 
    0x00, 0x00, 0x00, 0x00, 0x00, 0x00, 0x00, 0x00, 0x00, 0x00, 0x00, 0x00, 0x00, 0x00, 0x00, 0x00, 
    0x00, 0x00, 0x00, 0x00, 0x00, 0x00, 0x00, 0x00, 0x00, 0x00, 0x00, 0x00, 0x00, 0x00, 0x00, 0x00, 
    0x00, 0x00, 0x00, 0x00, 0x00, 0x00, 0x00, 0x00, 0x00, 0x00, 0x00, 0x00, 0x00, 0x00, 0x00, 0x00, 
    0x00, 0x00, 0x00, 0x00, 0x00, 0x00, 0x00, 0x00, 0x00, 0x00, 0x00, 0x00, 0x00, 0x00, 0x00, 0x00, 
    0x00, 0x00, 0x00, 0x00, 0x00, 0x00, 0x00, 0x00, 0x00, 0x00, 0x00, 0x00, 0x00, 0x00, 0x00, 0x00, 
    0x00, 0x00, 0x00, 0x00, 0x00, 0x00, 0x00, 0x00, 0x00, 0x00, 0x00, 0x00, 0x00, 0x00, 0x00, 0x00, 
    0x00, 0x00, 0x00, 0x00, 0x00, 0x00, 0x00, 0x00, 0x00, 0x00, 0x00, 0x00, 0x00, 0x00, 0x00, 0x00, 
    0x00, 0x00, 0x00, 0x00, 0x00, 0x00, 0x00, 0x00, 0x00, 0x00, 0x00, 0x00, 0x00, 0x00, 0x00, 0x00, 
    0x00, 0x00, 0x00, 0x00, 0x00, 0x00, 0x00, 0x00, 0x00, 0x00, 0x00, 0x00, 0x00, 0x00, 0x00, 0x00, 
    0x00, 0x00, 0x00, 0x00, 0x00, 0x00, 0x00, 0x00, 0x00, 0x00, 0x00, 0x00, 0x00, 0x00, 0x00, 0x00, 
    0x00, 0x00, 0x00, 0x00, 0x00, 0x00, 0x00, 0x00, 0x00, 0x00, 0x00, 0x00, 0x00, 0x00, 0x00, 0x00, 
    0x00, 0x00, 0x00, 0x00, 0x00, 0x00, 0x00, 0x00, 0x00, 0x00, 0x00, 0x00, 0x00, 0x00, 0x00, 0x00, 
    0x00, 0x00, 0x00, 0x00, 0x00, 0x00, 0x00, 0x00, 0x00, 0x00, 0x00, 0x00, 0x00, 0x00, 0x00, 0x00, 
    0x00, 0x00, 0x00, 0x00, 0x00, 0x00, 0x00, 0x00, 0x00, 0x00, 0x00, 0x00, 0x00, 0x00, 0x00, 0x00, 
    0x00, 0x00, 0x00, 0x00, 0x00, 0x00, 0x00, 0x00, 0x00, 0x00, 0x00, 0x00, 0x00, 0x00, 0x00, 0x00, 
    0x00, 0x00, 0x00, 0x00, 0x00, 0x00, 0x00, 0x00, 0x00, 0x00, 0x00, 0x00, 0x00, 0x00, 0x00, 0x00, 
    0x00, 0x00, 0x00, 0x00, 0x00, 0x00, 0x00, 0x00, 0x00, 0x00, 0x00, 0x00, 0x00, 0x00, 0x00, 0x00, 
    0x00, 0x00, 0x00, 0x00, 0x00, 0x00, 0x00, 0x00, 0x00, 0x00, 0x55, 0x40, 0x00, 0x00, 0x00, 0x00, 
    0x00, 0x00, 0x00, 0x00, 0x00, 0x00, 0x00, 0x00, 0x00, 0x00, 0xff, 0xd0, 0x00, 0x00, 0x00, 0x00, 
    0x00, 0x00, 0x00, 0x00, 0x00, 0x00, 0x00, 0x00, 0x00, 0x00, 0xff, 0xd0, 0x00, 0x00, 0x00, 0x00, 
    0x00, 0x00, 0x99, 0x99, 0x99, 0x99, 0x99, 0x99, 0x96, 0x00, 0xff, 0xe9, 0x99, 0x99, 0x10, 0x00, 
    0x00, 0x00, 0xff, 0xff, 0xff, 0xff, 0xff, 0xff, 0xf9, 0x00, 0xff, 0xff, 0xff, 0xff, 0x20, 0x00, 
    0x00, 0x00, 0xff, 0xff, 0xff, 0xff, 0xff, 0xff, 0xf9, 0x00, 0xff, 0xff, 0xff, 0xff, 0x20, 0x00, 
    0x00, 0x00, 0x00, 0x00, 0x00, 0x00, 0x00, 0x00, 0x00, 0x00, 0xff, 0xd0, 0x00, 0x00, 0x00, 0x00, 
    0x00, 0x00, 0x00, 0x00, 0x00, 0x00, 0x00, 0x00, 0x00, 0x00, 0xff, 0xd0, 0x00, 0x00, 0x00, 0x00, 
    0x00, 0x00, 0x00, 0x00, 0x03, 0x55, 0x00, 0x00, 0x00, 0x00, 0xaa, 0x90, 0x00, 0x00, 0x00, 0x00, 
    0x00, 0x00, 0x00, 0x00, 0x0a, 0xff, 0x00, 0x00, 0x00, 0x00, 0x00, 0x00, 0x00, 0x00, 0x00, 0x00, 
    0x00, 0x00, 0x00, 0x00, 0x0a, 0xff, 0x00, 0x00, 0x00, 0x00, 0x00, 0x00, 0x00, 0x00, 0x00, 0x00, 
    0x00, 0x00, 0x99, 0x99, 0x9d, 0xff, 0x00, 0x09, 0x99, 0x99, 0x99, 0x99, 0x99, 0x99, 0x10, 0x00, 
    0x00, 0x00, 0xff, 0xff, 0xff, 0xff, 0x00, 0x0f, 0xff, 0xff, 0xff, 0xff, 0xff, 0xff, 0x20, 0x00, 
    0x00, 0x00, 0xff, 0xff, 0xff, 0xff, 0x00, 0x0f, 0xff, 0xff, 0xff, 0xff, 0xff, 0xff, 0x20, 0x00, 
    0x00, 0x00, 0x00, 0x00, 0x0a, 0xff, 0x00, 0x00, 0x00, 0x00, 0x00, 0x00, 0x00, 0x00, 0x00, 0x00, 
    0x00, 0x00, 0x00, 0x00, 0x0a, 0xff, 0x00, 0x00, 0x00, 0x00, 0x00, 0x00, 0x00, 0x00, 0x00, 0x00, 
    0x00, 0x00, 0x00, 0x00, 0x07, 0xaa, 0x00, 0x05, 0x53, 0x00, 0x00, 0x00, 0x00, 0x00, 0x00, 0x00, 
    0x00, 0x00, 0x00, 0x00, 0x00, 0x00, 0x00, 0x0f, 0xf9, 0x00, 0x00, 0x00, 0x00, 0x00, 0x00, 0x00, 
    0x00, 0x00, 0x00, 0x00, 0x00, 0x00, 0x00, 0x0f, 0xf9, 0x00, 0x00, 0x00, 0x00, 0x00, 0x00, 0x00, 
    0x00, 0x00, 0x99, 0x99, 0x99, 0x99, 0x00, 0x0f, 0xfd, 0x99, 0x99, 0x99, 0x99, 0x99, 0x10, 0x00, 
    0x00, 0x00, 0xff, 0xff, 0xff, 0xff, 0x00, 0x0f, 0xff, 0xff, 0xff, 0xff, 0xff, 0xff, 0x20, 0x00, 
    0x00, 0x00, 0xff, 0xff, 0xff, 0xff, 0x00, 0x0f, 0xff, 0xff, 0xff, 0xff, 0xff, 0xff, 0x20, 0x00, 
    0x00, 0x00, 0x00, 0x00, 0x00, 0x00, 0x00, 0x0f, 0xf9, 0x00, 0x00, 0x00, 0x00, 0x00, 0x00, 0x00, 
    0x00, 0x00, 0x00, 0x00, 0x00, 0x00, 0x00, 0x0f, 0xf9, 0x00, 0x00, 0x00, 0x00, 0x00, 0x00, 0x00, 
    0x00, 0x00, 0x00, 0x00, 0x00, 0x00, 0x00, 0x0a, 0xa6, 0x00, 0x00, 0x00, 0x00, 0x00, 0x00, 0x00, 
    0x00, 0x00, 0x00, 0x00, 0x00, 0x00, 0x00, 0x00, 0x00, 0x00, 0x00, 0x00, 0x00, 0x00, 0x00, 0x00, 
    0x00, 0x00, 0x00, 0x00, 0x00, 0x00, 0x00, 0x00, 0x00, 0x00, 0x00, 0x00, 0x00, 0x00, 0x00, 0x00, 
    0x00, 0x00, 0x00, 0x00, 0x00, 0x00, 0x00, 0x00, 0x00, 0x00, 0x00, 0x00, 0x00, 0x00, 0x00, 0x00, 
    0x00, 0x00, 0x00, 0x00, 0x00, 0x00, 0x00, 0x00, 0x00, 0x00, 0x00, 0x00, 0x00, 0x00, 0x00, 0x00, 
    0x00, 0x00, 0x00, 0x00, 0x00, 0x00, 0x00, 0x00, 0x00, 0x00, 0x00, 0x00, 0x00, 0x00, 0x00, 0x00, 
    0x00, 0x00, 0x00, 0x00, 0x00, 0x00, 0x00, 0x00, 0x00, 0x00, 0x00, 0x00, 0x00, 0x00, 0x00, 0x00, 
    0x00, 0x00, 0x00, 0x00, 0x00, 0x00, 0x00, 0x00, 0x00, 0x00, 0x00, 0x00, 0x00, 0x00, 0x00, 0x00, 
    0x00, 0x00, 0x00, 0x00, 0x00, 0x00, 0x00, 0x00, 0x00, 0x00, 0x00, 0x00, 0x00, 0x00, 0x00, 0x00, 
    0x00, 0x00, 0x00, 0x00, 0x01, 0x58, 0xbd, 0xef, 0xfe, 0xdb, 0x85, 0x10, 0x00, 0x00, 0x00, 0x00, 
    0x00, 0x00, 0x00, 0x16, 0xcf, 0xff, 0xff, 0xff, 0xff, 0xff, 0xff, 0xfc, 0x61, 0x00, 0x00, 0x00, 
    0x00, 0x00, 0x18, 0xef, 0xff, 0xff, 0xff, 0xff, 0xff, 0xff, 0xff, 0xff, 0xfe, 0x81, 0x00, 0x00, 
    0x00, 0x07, 0xef, 0xff, 0xff, 0xff, 0xff, 0xff, 0xff, 0xff, 0xff, 0xff, 0xff, 0xfe, 0x70, 0x00, 
    0x02, 0xcf, 0xff, 0xff, 0xff, 0xc8, 0x53, 0x10, 0x01, 0x35, 0x8c, 0xff, 0xff, 0xff, 0xfc, 0x20, 
    0x01, 0xcf, 0xff, 0xfe, 0x82, 0x00, 0x00, 0x00, 0x00, 0x00, 0x00, 0x28, 0xef, 0xff, 0xfc, 0x10, 
    0x00, 0x2e, 0xfe, 0x60, 0x00, 0x00, 0x00, 0x00, 0x00, 0x00, 0x00, 0x00, 0x06, 0xef, 0xe2, 0x00, 
    0x00, 0x06, 0xa2, 0x00, 0x00, 0x00, 0x00, 0x00, 0x00, 0x00, 0x00, 0x00, 0x00, 0x2a, 0x60, 0x00, 
    0x00, 0x00, 0x00, 0x00, 0x00, 0x15, 0x8c, 0xde, 0xed, 0xc8, 0x51, 0x00, 0x00, 0x00, 0x00, 0x00, 
    0x00, 0x00, 0x00, 0x00, 0x28, 0xef, 0xff, 0xff, 0xff, 0xff, 0xfe, 0x82, 0x00, 0x00, 0x00, 0x00, 
    0x00, 0x00, 0x00, 0x08, 0xff, 0xff, 0xff, 0xff, 0xff, 0xff, 0xff, 0xff, 0x80, 0x00, 0x00, 0x00, 
    0x00, 0x00, 0x00, 0x5f, 0xff, 0xff, 0xff, 0xff, 0xff, 0xff, 0xff, 0xff, 0xf5, 0x00, 0x00, 0x00, 
    0x00, 0x00, 0x00, 0x09, 0xff, 0xfd, 0x84, 0x21, 0x12, 0x48, 0xdf, 0xff, 0x90, 0x00, 0x00, 0x00, 
    0x00, 0x00, 0x00, 0x01, 0xcd, 0x50, 0x00, 0x00, 0x00, 0x00, 0x05, 0xdc, 0x10, 0x00, 0x00, 0x00, 
    0x00, 0x00, 0x00, 0x00, 0x21, 0x00, 0x00, 0x00, 0x00, 0x00, 0x00, 0x12, 0x00, 0x00, 0x00, 0x00, 
    0x00, 0x00, 0x00, 0x00, 0x00, 0x00, 0x00, 0x00, 0x00, 0x00, 0x00, 0x00, 0x00, 0x00, 0x00, 0x00, 
    0x00, 0x00, 0x00, 0x00, 0x00, 0x00, 0x39, 0xde, 0xed, 0x93, 0x00, 0x00, 0x00, 0x00, 0x00, 0x00, 
    0x00, 0x00, 0x00, 0x00, 0x00, 0x07, 0xff, 0xff, 0xff, 0xff, 0x70, 0x00, 0x00, 0x00, 0x00, 0x00, 
    0x00, 0x00, 0x00, 0x00, 0x00, 0x03, 0xff, 0xff, 0xff, 0xff, 0x30, 0x00, 0x00, 0x00, 0x00, 0x00, 
    0x00, 0x00, 0x00, 0x00, 0x00, 0x00, 0x6f, 0xff, 0xff, 0xf6, 0x00, 0x00, 0x00, 0x00, 0x00, 0x00, 
    0x00, 0x00, 0x00, 0x00, 0x00, 0x00, 0x0a, 0xff, 0xff, 0xa0, 0x00, 0x00, 0x00, 0x00, 0x00, 0x00, 
    0x00, 0x00, 0x00, 0x00, 0x00, 0x00, 0x01, 0xdf, 0xfd, 0x10, 0x00, 0x00, 0x00, 0x00, 0x00, 0x00, 
    0x00, 0x00, 0x00, 0x00, 0x00, 0x00, 0x00, 0x3e, 0xe3, 0x00, 0x00, 0x00, 0x00, 0x00, 0x00, 0x00, 
    0x00, 0x00, 0x00, 0x00, 0x00, 0x00, 0x00, 0x06, 0x60, 0x00, 0x00, 0x00, 0x00, 0x00, 0x00, 0x00, 
    0x00, 0x00, 0x00, 0x00, 0x00, 0x00, 0x00, 0x00, 0x00, 0x00, 0x00, 0x00, 0x00, 0x00, 0x00, 0x00, 
    0x00, 0x00, 0x00, 0x00, 0x00, 0x00, 0x00, 0x00, 0x00, 0x00, 0x00, 0x00, 0x00, 0x00, 0x00, 0x00, 
    0x00, 0x00, 0x00, 0x00, 0x00, 0x00, 0x00, 0x00, 0x00, 0x00, 0x00, 0x00, 0x00, 0x00, 0x00, 0x00, 
    0x00, 0x00, 0x00, 0x00, 0x00, 0x00, 0x00, 0x00, 0x00, 0x00, 0x00, 0x00, 0x00, 0x00, 0x00, 0x00, 
    0x00, 0x00, 0x00, 0x00, 0x00, 0x00, 0x00, 0x00, 0x00, 0x00, 0x00, 0x00, 0x00, 0x00, 0x00, 0x00, 
    0x00, 0x00, 0x00, 0x00, 0x00, 0x00, 0x00, 0x00, 0x00, 0x00, 0x00, 0x00, 0x00, 0x00, 0x00, 0x00, 
    0x00, 0x00, 0x00, 0x00, 0x00, 0x00, 0x99, 0x99, 0x99, 0x99, 0x00, 0x00, 0x00, 0x00, 0x00, 0x00, 
    0x00, 0x00, 0x00, 0x00, 0x00, 0x00, 0xff, 0xff, 0xff, 0xff, 0x00, 0x00, 0x00, 0x00, 0x00, 0x00, 
    0x00, 0x00, 0x00, 0x00, 0x00, 0x00, 0xff, 0xff, 0xff, 0xff, 0x00, 0x00, 0x00, 0x00, 0x00, 0x00, 
    0x00, 0x00, 0x00, 0x00, 0x6e, 0xff, 0xff, 0xff, 0xff, 0xff, 0xff, 0xe6, 0x00, 0x00, 0x00, 0x00, 
    0x00, 0x00, 0x00, 0x00, 0xef, 0xff, 0xff, 0xff, 0xff, 0xff, 0xff, 0xfe, 0x00, 0x00, 0x00, 0x00, 
    0x00, 0x00, 0x00, 0x00, 0xff, 0xff, 0xff, 0xff, 0xff, 0xff, 0xff, 0xff, 0x00, 0x00, 0x00, 0x00, 
    0x00, 0x00, 0x00, 0x00, 0xff, 0xff, 0xff, 0xff, 0xff, 0xff, 0xff, 0xff, 0x00, 0x00, 0x00, 0x00, 
    0x00, 0x00, 0x00, 0x00, 0xff, 0xff, 0xff, 0xff, 0xff, 0xff, 0xff, 0xff, 0x00, 0x00, 0x00, 0x00, 
    0x00, 0x00, 0x00, 0x00, 0xff, 0xff, 0xff, 0xff, 0xff, 0xff, 0xff, 0xff, 0x00, 0x00, 0x00, 0x00, 
    0x00, 0x00, 0x00, 0x00, 0xff, 0xff, 0xff, 0xff, 0xff, 0xff, 0xff, 0xff, 0x00, 0x00, 0x00, 0x00, 
    0x00, 0x00, 0x00, 0x00, 0xff, 0xff, 0xff, 0xff, 0xff, 0xff, 0xff, 0xff, 0x00, 0x00, 0x00, 0x00, 
    0x00, 0x00, 0x00, 0x00, 0xff, 0xff, 0xff, 0xff, 0xff, 0xff, 0xff, 0xff, 0x00, 0x00, 0x00, 0x00, 
    0x00, 0x00, 0x00, 0x00, 0xff, 0xff, 0xff, 0xff, 0xff, 0xff, 0xff, 0xff, 0x00, 0x00, 0x00, 0x00, 
    0x00, 0x00, 0x00, 0x00, 0xff, 0xff, 0xff, 0xff, 0xff, 0xff, 0xff, 0xff, 0x00, 0x00, 0x00, 0x00, 
    0x00, 0x00, 0x00, 0x00, 0xff, 0xff, 0xff, 0xff, 0xff, 0xff, 0xff, 0xff, 0x00, 0x00, 0x00, 0x00, 
    0x00, 0x00, 0x00, 0x00, 0xff, 0xff, 0xff, 0xff, 0xff, 0xff, 0xff, 0xff, 0x00, 0x00, 0x00, 0x00, 
    0x00, 0x00, 0x00, 0x00, 0xff, 0xff, 0xff, 0xff, 0xff, 0xff, 0xff, 0xff, 0x00, 0x00, 0x00, 0x00, 
    0x00, 0x00, 0x00, 0x00, 0xff, 0xff, 0xff, 0xff, 0xff, 0xff, 0xff, 0xff, 0x00, 0x00, 0x00, 0x00, 
    0x00, 0x00, 0x00, 0x00, 0xff, 0xff, 0xff, 0xff, 0xff, 0xff, 0xff, 0xff, 0x00, 0x00, 0x00, 0x00, 
    0x00, 0x00, 0x00, 0x00, 0xff, 0xff, 0xff, 0xff, 0xff, 0xff, 0xff, 0xff, 0x00, 0x00, 0x00, 0x00, 
    0x00, 0x00, 0x00, 0x00, 0xff, 0xff, 0xff, 0xff, 0xff, 0xff, 0xff, 0xff, 0x00, 0x00, 0x00, 0x00, 
    0x00, 0x00, 0x00, 0x00, 0xff, 0xff, 0xff, 0xff, 0xff, 0xff, 0xff, 0xff, 0x00, 0x00, 0x00, 0x00, 
    0x00, 0x00, 0x00, 0x00, 0xff, 0xff, 0xff, 0xff, 0xff, 0xff, 0xff, 0xff, 0x00, 0x00, 0x00, 0x00, 
    0x00, 0x00, 0x00, 0x00, 0xff, 0xff, 0xff, 0xff, 0xff, 0xff, 0xff, 0xff, 0x00, 0x00, 0x00, 0x00, 
    0x00, 0x00, 0x00, 0x00, 0xff, 0xff, 0xff, 0xff, 0xff, 0xff, 0xff, 0xff, 0x00, 0x00, 0x00, 0x00, 
    0x00, 0x00, 0x00, 0x00, 0xef, 0xff, 0xff, 0xff, 0xff, 0xff, 0xff, 0xfe, 0x00, 0x00, 0x00, 0x00, 
    0x00, 0x00, 0x00, 0x00, 0x6e, 0xff, 0xff, 0xff, 0xff, 0xff, 0xff, 0xe6, 0x00, 0x00, 0x00, 0x00, 
    0x00, 0x00, 0x00, 0x00, 0x00, 0x00, 0x00, 0x00, 0x00, 0x00, 0x00, 0x00, 0x00, 0x00, 0x00, 0x00, 
    0x00, 0x00, 0x00, 0x00, 0x00, 0x00, 0x00, 0x00, 0x00, 0x00, 0x00, 0x00, 0x00, 0x00, 0x00, 0x00, 
    0x00, 0x00, 0x00, 0x00, 0x00, 0x00, 0x00, 0x00, 0x00, 0x00, 0x00, 0x00, 0x00, 0x00, 0x00, 0x00, 
    0x00, 0x00, 0x00, 0x00, 0x00, 0x00, 0x00, 0x00, 0x00, 0x00, 0x00, 0x00, 0x00, 0x00, 0x00, 0x00, 
    0x00, 0x00, 0x00, 0x00, 0x00, 0x00, 0x00, 0x00, 0x00, 0x00, 0x00, 0x00, 0x00, 0x00, 0x00, 0x00, 
    0x00, 0x00, 0x00, 0x00, 0x14, 0x55, 0x41, 0x00, 0x00, 0x00, 0x00, 0x00, 0x00, 0x00, 0x00, 0x00, 
    0x00, 0x00, 0x00, 0x03, 0xef, 0xff, 0xfe, 0x30, 0x00, 0x00, 0x00, 0x00, 0x00, 0x00, 0x00, 0x00, 
    0x00, 0x00, 0x00, 0x0c, 0xff, 0xff, 0xff, 0xc0, 0x00, 0x00, 0x00, 0x00, 0x00, 0x00, 0x00, 0x00, 
    0x00, 0x00, 0x00, 0x0f, 0xff, 0xff, 0xff, 0xf0, 0x00, 0x00, 0x00, 0x00, 0x00, 0x00, 0x00, 0x00, 
    0x00, 0x00, 0x00, 0x3f, 0xff, 0xff, 0xff, 0xf5, 0x55, 0x55, 0x55, 0x55, 0x55, 0x30, 0x00, 0x00, 
    0x00, 0x00, 0x1c, 0xff, 0xff, 0xff, 0xff, 0xff, 0xff, 0xff, 0xff, 0xff, 0xff, 0xfc, 0x10, 0x00, 
    0x00, 0x00, 0x8f, 0xff, 0xff, 0xff, 0xff, 0xff, 0xff, 0xff, 0xff, 0xff, 0xff, 0xff, 0x80, 0x00, 
    0x00, 0x00, 0xaf, 0xff, 0xff, 0xff, 0xff, 0xff, 0xff, 0xff, 0xff, 0xff, 0xff, 0xff, 0xa0, 0x00, 
    0x00, 0x00, 0x5f, 0xff, 0xff, 0xff, 0xff, 0xff, 0xff, 0xff, 0xff, 0xff, 0xff, 0xff, 0xa0, 0x00, 
    0x00, 0x00, 0x07, 0xef, 0xff, 0xff, 0xff, 0xff, 0xff, 0xff, 0xff, 0xff, 0xff, 0xff, 0xa0, 0x00, 
    0x00, 0x00, 0x00, 0x0f, 0xff, 0xff, 0xff, 0xf0, 0x00, 0x00, 0x00, 0x09, 0xff, 0xff, 0xa0, 0x00, 
    0x00, 0x00, 0x00, 0x0f, 0xff, 0xff, 0xff, 0xf0, 0x00, 0x00, 0x00, 0x09, 0xff, 0xff, 0xa0, 0x00, 
    0x00, 0x00, 0x00, 0x0f, 0xff, 0xff, 0xff, 0xf0, 0x00, 0x00, 0x00, 0x4d, 0xff, 0xff, 0xd4, 0x00, 
    0x00, 0x00, 0x00, 0x0f, 0xff, 0xff, 0xff, 0xf0, 0x00, 0x00, 0x00, 0xef, 0xff, 0xff, 0xfe, 0x00, 
    0x00, 0x00, 0x00, 0x0f, 0xff, 0xff, 0xff, 0xf0, 0x00, 0x00, 0x00, 0x9f, 0xff, 0xff, 0xf9, 0x00, 
    0x00, 0x00, 0x00, 0x0f, 0xff, 0xff, 0xff, 0xf0, 0x00, 0x00, 0x00, 0x00, 0x00, 0x00, 0x00, 0x00, 
    0x00, 0x00, 0x00, 0x0f, 0xff, 0xff, 0xff, 0xf0, 0x00, 0x00, 0x00, 0x00, 0x00, 0x00, 0x00, 0x00, 
    0x00, 0x00, 0x00, 0x0f, 0xff, 0xff, 0xff, 0xf0, 0x00, 0x00, 0x00, 0x00, 0x05, 0x50, 0x00, 0x00, 
    0x00, 0x00, 0x00, 0x0f, 0xff, 0xff, 0xff, 0xf0, 0x00, 0x00, 0x00, 0x00, 0x2e, 0xe2, 0x00, 0x00, 
    0x00, 0x00, 0x00, 0x0f, 0xff, 0xff, 0xff, 0xf0, 0x00, 0x00, 0x00, 0x00, 0xbf, 0xfc, 0x00, 0x00, 
    0x00, 0x00, 0x00, 0x0f, 0xff, 0xff, 0xff, 0xf0, 0x00, 0x00, 0x00, 0x04, 0xff, 0xff, 0x40, 0x00, 
    0x00, 0x00, 0x00, 0x0f, 0xff, 0xff, 0xff, 0xf0, 0x00, 0x00, 0x00, 0x08, 0xff, 0xff, 0x90, 0x00, 
    0x00, 0x01, 0xae, 0xff, 0xff, 0xff, 0xff, 0xff, 0xea, 0x10, 0x00, 0x08, 0xff, 0xff, 0x90, 0x00, 
    0x00, 0x0a, 0xff, 0xff, 0xff, 0xff, 0xff, 0xff, 0xff, 0xa0, 0x00, 0x02, 0xef, 0xff, 0x30, 0x00, 
    0x00, 0x0e, 0xff, 0xff, 0xff, 0xff, 0xff, 0xff, 0xff, 0xe0, 0x00, 0x00, 0x29, 0x93, 0x00, 0x00, 
    0x00, 0x0f, 0xff, 0xff, 0xff, 0xff, 0xff, 0xff, 0xff, 0xf0, 0x00, 0x00, 0x00, 0x00, 0x00, 0x00, 
    0x00, 0x0f, 0xff, 0xff, 0xff, 0xff, 0xff, 0xff, 0xff, 0xf0, 0x00, 0x00, 0x00, 0x00, 0x00, 0x00, 
    0x00, 0x05, 0x55, 0x55, 0x55, 0x55, 0x55, 0x55, 0x55, 0x50, 0x00, 0x00, 0x00, 0x00, 0x00, 0x00, 
    0x00, 0x00, 0x00, 0x00, 0x00, 0x00, 0x00, 0x00, 0x00, 0x00, 0x00, 0x00, 0x00, 0x00, 0x00, 0x00, 
    0x00, 0x00, 0x00, 0x00, 0x00, 0x00, 0x00, 0x00, 0x00, 0x00, 0x00, 0x00, 0x00, 0x00, 0x00, 0x00, 
    0x00, 0x00, 0x00, 0x00, 0x00, 0x00, 0x00, 0x00, 0x00, 0x00, 0x00, 0x00, 0x00, 0x00, 0x00, 0x00, 
    0x00, 0x00, 0x00, 0x00, 0x00, 0x00, 0x00, 0x00, 0x00, 0x00, 0x00, 0x00, 0x00, 0x00, 0x00, 0x00, 
    0x00, 0x00, 0x00, 0x00, 0x00, 0x00, 0x00, 0x00, 0x00, 0x00, 0x00, 0x00, 0x00, 0x00, 0x00, 0x00, 
    0x00, 0x00, 0x00, 0x00, 0x00, 0x00, 0x00, 0x00, 0x29, 0x50, 0x00, 0x00, 0x00, 0x00, 0x00, 0x00, 
    0x00, 0x00, 0x00, 0x00, 0x00, 0x00, 0x00, 0x06, 0xef, 0x10, 0x00, 0x00, 0x00, 0x00, 0x00, 0x00, 
    0x00, 0x00, 0x00, 0x00, 0x00, 0x00, 0x00, 0x8f, 0xfe, 0x00, 0x00, 0x00, 0x00, 0x00, 0x00, 0x00, 
    0x00, 0x00, 0x00, 0x00, 0x00, 0x00, 0x06, 0xff, 0xfd, 0x00, 0x00, 0x00, 0x00, 0x00, 0x00, 0x00, 
    0x00, 0x00, 0x00, 0x00, 0x00, 0x00, 0x2e, 0xff, 0xff, 0x10, 0x00, 0x00, 0x00, 0x00, 0x00, 0x00, 
    0x00, 0x00, 0x00, 0x00, 0x00, 0x00, 0x9f, 0xff, 0xff, 0x50, 0x00, 0x00, 0x00, 0x00, 0x00, 0x00, 
    0x00, 0x00, 0x00, 0x00, 0x00, 0x00, 0xef, 0xff, 0xff, 0xc0, 0x00, 0x00, 0x00, 0x00, 0x00, 0x00, 
    0x00, 0x00, 0x00, 0x00, 0x01, 0x04, 0xff, 0xff, 0xff, 0xfa, 0x00, 0x00, 0x00, 0x00, 0x00, 0x00, 
    0x00, 0x00, 0x00, 0x00, 0x28, 0x07, 0xff, 0xff, 0xff, 0xff, 0xb1, 0x00, 0x00, 0x00, 0x00, 0x00, 
    0x00, 0x00, 0x00, 0x00, 0xb6, 0x09, 0xff, 0xff, 0xff, 0xff, 0xfd, 0x30, 0x00, 0x00, 0x00, 0x00, 
    0x00, 0x00, 0x00, 0x04, 0xf6, 0x09, 0xff, 0xff, 0xef, 0xff, 0xff, 0xe3, 0x00, 0x00, 0x00, 0x00, 
    0x00, 0x00, 0x00, 0x0b, 0xf7, 0x07, 0xff, 0xff, 0x7c, 0xff, 0xff, 0xfd, 0x10, 0x00, 0x00, 0x00, 
    0x00, 0x00, 0x00, 0x1e, 0xfb, 0x04, 0xff, 0xff, 0x62, 0xdf, 0xff, 0xff, 0x80, 0x00, 0x00, 0x00, 
    0x00, 0x00, 0x00, 0x3f, 0xff, 0x30, 0xef, 0xff, 0x70, 0x2d, 0xff, 0xff, 0xe0, 0x00, 0x00, 0x00, 
    0x00, 0x00, 0x00, 0x4f, 0xff, 0xc4, 0xef, 0xff, 0xa0, 0x02, 0xef, 0xff, 0xf3, 0x00, 0x00, 0x00, 
    0x00, 0x00, 0x00, 0x4f, 0xff, 0xff, 0xff, 0xff, 0xd0, 0x00, 0x9f, 0xff, 0xf5, 0x00, 0x00, 0x00, 
    0x00, 0x00, 0x00, 0x2f, 0xff, 0xff, 0xff, 0xff, 0xb0, 0x00, 0x7f, 0xff, 0xf4, 0x00, 0x00, 0x00, 
    0x00, 0x00, 0x00, 0x0d, 0xff, 0xff, 0xff, 0xff, 0x30, 0x00, 0x9f, 0xff, 0xf2, 0x00, 0x00, 0x00, 
    0x00, 0x00, 0x00, 0x08, 0xff, 0xff, 0xff, 0xd4, 0x00, 0x01, 0xef, 0xff, 0xd0, 0x00, 0x00, 0x00, 
    0x00, 0x00, 0x00, 0x01, 0xef, 0xff, 0xff, 0x81, 0x00, 0x2c, 0xff, 0xff, 0x60, 0x00, 0x00, 0x00, 
    0x00, 0x00, 0x00, 0x00, 0x5f, 0xff, 0xff, 0xfe, 0xbc, 0xff, 0xff, 0xfc, 0x00, 0x00, 0x00, 0x00, 
    0x00, 0x00, 0x00, 0x00, 0x06, 0xff, 0xff, 0xff, 0xff, 0xff, 0xff, 0xc1, 0x00, 0x00, 0x00, 0x00, 
    0x00, 0x00, 0x00, 0x00, 0x00, 0x3c, 0xff, 0xff, 0xff, 0xff, 0xf9, 0x10, 0x00, 0x00, 0x00, 0x00, 
    0x00, 0x00, 0x00, 0x00, 0x00, 0x00, 0x49, 0xce, 0xfd, 0xb7, 0x20, 0x00, 0x00, 0x00, 0x00, 0x00, 
    0x00, 0x00, 0x00, 0x00, 0x00, 0x00, 0x00, 0x00, 0x00, 0x00, 0x00, 0x00, 0x00, 0x00, 0x00, 0x00, 
    0x00, 0x00, 0x00, 0x00, 0x00, 0x00, 0x00, 0x00, 0x00, 0x00, 0x00, 0x00, 0x00, 0x00, 0x00, 0x00, 
    0x00, 0x00, 0x00, 0x00, 0x00, 0x00, 0x00, 0x00, 0x00, 0x00, 0x00, 0x00, 0x00, 0x00, 0x00, 0x00, 
    0x00, 0x00, 0x00, 0x00, 0x00, 0x00, 0x00, 0x00, 0x00, 0x00, 0x00, 0x00, 0x00, 0x00, 0x00, 0x00, 
    0x00, 0x00, 0x00, 0x00, 0x00, 0x00, 0x00, 0x00, 0x00, 0x00, 0x00, 0x00, 0x00, 0x00, 0x00, 0x00, 
    0x00, 0x00, 0x00, 0x00, 0x00, 0x00, 0x00, 0x00, 0x00, 0x00, 0x00, 0x00, 0x00, 0x00, 0x00, 0x00, 
    0x00, 0x00, 0x00, 0x00, 0x00, 0x00, 0x00, 0x00, 0x00, 0x00, 0x00, 0x00, 0x00, 0x00, 0x00, 0x00, 
    0x00, 0x00, 0x00, 0x00, 0x00, 0x00, 0x01, 0x10, 0x01, 0x00, 0x00, 0x00, 0x00, 0x00, 0x00, 0x00, 
    0x00, 0x00, 0x00, 0x00, 0x00, 0x00, 0x0b, 0xb1, 0x6e, 0x30, 0x00, 0x00, 0x00, 0x00, 0x00, 0x00, 
    0x00, 0x00, 0x00, 0x00, 0x00, 0x00, 0x7f, 0xfd, 0xff, 0xc0, 0x00, 0x00, 0x00, 0x00, 0x00, 0x00, 
    0x00, 0x00, 0x00, 0x00, 0x00, 0x00, 0x1c, 0xff, 0xfe, 0x40, 0x00, 0x00, 0x00, 0x00, 0x00, 0x00, 
    0x00, 0x00, 0x00, 0x00, 0x00, 0x00, 0x01, 0xdf, 0xf5, 0x00, 0x00, 0x00, 0x00, 0x00, 0x00, 0x00, 
    0x00, 0x00, 0x03, 0x8b, 0x00, 0x00, 0x00, 0x9f, 0xf0, 0x00, 0x00, 0x08, 0x95, 0x00, 0x00, 0x00, 
    0x00, 0x00, 0x09, 0xff, 0x20, 0x00, 0x00, 0x9f, 0xf0, 0x00, 0x00, 0x0d, 0xfe, 0x00, 0x00, 0x00, 
    0x00, 0x00, 0x05, 0xff, 0x60, 0x00, 0x00, 0xaf, 0xf0, 0x00, 0x00, 0x2f, 0xfa, 0x00, 0x00, 0x00, 
    0x00, 0x02, 0x7b, 0xff, 0xd4, 0x00, 0x1a, 0xff, 0xfd, 0x40, 0x02, 0xaf, 0xfd, 0x84, 0x00, 0x00, 
    0x00, 0x04, 0xff, 0xff, 0xff, 0xa7, 0xef, 0xff, 0xff, 0xf9, 0x8e, 0xff, 0xff, 0xfa, 0x00, 0x00, 
    0x00, 0x00, 0xef, 0xcb, 0xff, 0xff, 0xff, 0xd5, 0xaf, 0xff, 0xff, 0xfd, 0xae, 0xf6, 0x00, 0x00, 
    0x00, 0x00, 0x31, 0x00, 0x3c, 0xff, 0xf8, 0x00, 0x04, 0xdf, 0xfe, 0x70, 0x00, 0x31, 0x00, 0x00, 
    0x00, 0x00, 0x00, 0x00, 0x00, 0xff, 0x90, 0x00, 0x00, 0x4f, 0xf6, 0x00, 0x00, 0x00, 0x00, 0x00, 
    0x00, 0x00, 0x00, 0x00, 0x00, 0xff, 0x90, 0x00, 0x00, 0x4f, 0xf6, 0x00, 0x00, 0x00, 0x00, 0x00, 
    0x00, 0x00, 0x00, 0x00, 0x00, 0xff, 0x90, 0x00, 0x00, 0x4f, 0xf6, 0x00, 0x00, 0x00, 0x00, 0x00, 
    0x00, 0x00, 0x00, 0x00, 0x00, 0xff, 0x90, 0x00, 0x00, 0x4f, 0xf6, 0x00, 0x00, 0x00, 0x00, 0x00, 
    0x00, 0x00, 0x31, 0x00, 0x3c, 0xff, 0xf8, 0x00, 0x04, 0xdf, 0xfe, 0x60, 0x00, 0x31, 0x00, 0x00, 
    0x00, 0x00, 0xef, 0xcb, 0xff, 0xff, 0xff, 0xd5, 0xaf, 0xff, 0xff, 0xfd, 0xae, 0xf6, 0x00, 0x00, 
    0x00, 0x04, 0xff, 0xff, 0xff, 0xb6, 0xef, 0xff, 0xff, 0xfa, 0x7e, 0xff, 0xff, 0xfa, 0x00, 0x00, 
    0x00, 0x02, 0x7b, 0xff, 0xd4, 0x00, 0x1a, 0xff, 0xfd, 0x40, 0x01, 0xaf, 0xfd, 0x84, 0x00, 0x00, 
    0x00, 0x00, 0x05, 0xff, 0x70, 0x00, 0x00, 0xaf, 0xf0, 0x00, 0x00, 0x1f, 0xfa, 0x00, 0x00, 0x00, 
    0x00, 0x00, 0x09, 0xff, 0x30, 0x00, 0x00, 0x9f, 0xf0, 0x00, 0x00, 0x0b, 0xfe, 0x00, 0x00, 0x00, 
    0x00, 0x00, 0x03, 0x8b, 0x00, 0x00, 0x00, 0x9f, 0xf0, 0x00, 0x00, 0x06, 0x95, 0x00, 0x00, 0x00, 
    0x00, 0x00, 0x00, 0x00, 0x00, 0x00, 0x01, 0xdf, 0xf5, 0x00, 0x00, 0x00, 0x00, 0x00, 0x00, 0x00, 
    0x00, 0x00, 0x00, 0x00, 0x00, 0x00, 0x1c, 0xff, 0xfe, 0x40, 0x00, 0x00, 0x00, 0x00, 0x00, 0x00, 
    0x00, 0x00, 0x00, 0x00, 0x00, 0x00, 0x7f, 0xfd, 0xff, 0xc0, 0x00, 0x00, 0x00, 0x00, 0x00, 0x00, 
    0x00, 0x00, 0x00, 0x00, 0x00, 0x00, 0x0b, 0xb1, 0x7e, 0x30, 0x00, 0x00, 0x00, 0x00, 0x00, 0x00, 
    0x00, 0x00, 0x00, 0x00, 0x00, 0x00, 0x01, 0x10, 0x01, 0x00, 0x00, 0x00, 0x00, 0x00, 0x00, 0x00, 
    0x00, 0x00, 0x00, 0x00, 0x00, 0x00, 0x00, 0x00, 0x00, 0x00, 0x00, 0x00, 0x00, 0x00, 0x00, 0x00, 
    0x00, 0x00, 0x00, 0x00, 0x00, 0x00, 0x00, 0x00, 0x00, 0x00, 0x00, 0x00, 0x00, 0x00, 0x00, 0x00, 
    0x00, 0x00, 0x00, 0x00, 0x00, 0x00, 0x00, 0x00, 0x00, 0x00, 0x00, 0x00, 0x00, 0x00, 0x00, 0x00, 
    0x00, 0x00, 0x00, 0x00, 0x00, 0x00, 0x00, 0x00, 0x00, 0x00, 0x00, 0x00, 0x00, 0x00, 0x00, 0x00, 
    0x00, 0x00, 0x00, 0x00, 0x00, 0x00, 0x04, 0x68, 0x98, 0x64, 0x00, 0x00, 0x00, 0x00, 0x00, 0x00, 
    0x00, 0x00, 0x00, 0x00, 0x00, 0x3a, 0xef, 0xff, 0xff, 0xff, 0xea, 0x30, 0x00, 0x00, 0x00, 0x00, 
    0x00, 0x00, 0x00, 0x00, 0x2a, 0xff, 0xff, 0xff, 0xff, 0xff, 0xff, 0xfa, 0x20, 0x00, 0x00, 0x00, 
    0x00, 0x00, 0x00, 0x04, 0xef, 0xff, 0xff, 0xff, 0xff, 0xff, 0xff, 0xff, 0xe3, 0x00, 0x00, 0x00, 
    0x00, 0x00, 0x00, 0x4f, 0xff, 0xff, 0xff, 0xff, 0xff, 0xff, 0xff, 0xff, 0xff, 0x40, 0x00, 0x00, 
    0x00, 0x00, 0x02, 0xef, 0xff, 0xff, 0xff, 0xff, 0xff, 0xff, 0xff, 0xff, 0xff, 0xe2, 0x00, 0x00, 
    0x00, 0x00, 0x0d, 0xff, 0xff, 0xff, 0xff, 0xff, 0xff, 0xff, 0xff, 0xff, 0xff, 0xfd, 0x00, 0x00, 
    0x00, 0x00, 0x6f, 0xff, 0xff, 0xff, 0xff, 0xf0, 0x00, 0xff, 0xff, 0xff, 0xff, 0xff, 0x60, 0x00, 
    0x00, 0x00, 0xdf, 0xff, 0xff, 0xff, 0xff, 0xf0, 0x00, 0xff, 0xff, 0xff, 0xff, 0xff, 0xd0, 0x00, 
    0x00, 0x05, 0xff, 0xff, 0xff, 0xff, 0xff, 0xf0, 0x00, 0xff, 0xff, 0xff, 0xff, 0xff, 0xf5, 0x00, 
    0x00, 0x09, 0xff, 0xff, 0xff, 0xff, 0xff, 0xf0, 0x00, 0xff, 0xff, 0xff, 0xff, 0xff, 0xf9, 0x00, 
    0x00, 0x0c, 0xff, 0xff, 0xff, 0xff, 0xff, 0xf0, 0x00, 0xff, 0xff, 0xff, 0xff, 0xff, 0xfc, 0x00, 
    0x00, 0x0e, 0xff, 0xff, 0xff, 0xff, 0xff, 0xf0, 0x00, 0xff, 0xff, 0xff, 0xff, 0xff, 0xfe, 0x00, 
    0x00, 0x0f, 0xff, 0xff, 0xff, 0xff, 0xff, 0xf0, 0x00, 0xff, 0xff, 0xff, 0xff, 0xff, 0xff, 0x00, 
    0x00, 0x0e, 0xff, 0xff, 0xff, 0xff, 0xff, 0xf0, 0x00, 0xff, 0xff, 0xff, 0xff, 0xff, 0xfe, 0x00, 
    0x00, 0x0d, 0xff, 0xff, 0xff, 0xff, 0xff, 0xfd, 0xdd, 0xff, 0xff, 0xff, 0xff, 0xff, 0xfd, 0x00, 
    0x00, 0x0a, 0xff, 0xff, 0xff, 0xff, 0xff, 0xff, 0xff, 0xff, 0xff, 0xff, 0xff, 0xff, 0xfa, 0x00, 
    0x00, 0x06, 0xff, 0xff, 0xff, 0xff, 0xff, 0xff, 0xff, 0xff, 0xff, 0xff, 0xff, 0xff, 0xf6, 0x00, 
    0x00, 0x01, 0xff, 0xff, 0xff, 0xff, 0xff, 0xf0, 0x00, 0xff, 0xff, 0xff, 0xff, 0xff, 0xf1, 0x00, 
    0x00, 0x00, 0x9f, 0xff, 0xff, 0xff, 0xff, 0xf0, 0x00, 0xff, 0xff, 0xff, 0xff, 0xff, 0x90, 0x00, 
    0x00, 0x00, 0x2e, 0xff, 0xff, 0xff, 0xff, 0xf9, 0x99, 0xff, 0xff, 0xff, 0xff, 0xfe, 0x20, 0x00, 
    0x00, 0x00, 0x06, 0xff, 0xff, 0xff, 0xff, 0xff, 0xff, 0xff, 0xff, 0xff, 0xff, 0xf6, 0x00, 0x00, 
    0x00, 0x00, 0x00, 0x9f, 0xff, 0xff, 0xff, 0xff, 0xff, 0xff, 0xff, 0xff, 0xff, 0x90, 0x00, 0x00, 
    0x00, 0x00, 0x00, 0x09, 0xff, 0xff, 0xff, 0xff, 0xff, 0xff, 0xff, 0xff, 0xf9, 0x00, 0x00, 0x00, 
    0x00, 0x00, 0x00, 0x00, 0x6e, 0xff, 0xff, 0xff, 0xff, 0xff, 0xff, 0xfe, 0x60, 0x00, 0x00, 0x00, 
    0x00, 0x00, 0x00, 0x00, 0x01, 0x9f, 0xff, 0xff, 0xff, 0xff, 0xff, 0x81, 0x00, 0x00, 0x00, 0x00, 
    0x00, 0x00, 0x00, 0x00, 0x00, 0x01, 0x5a, 0xce, 0xfe, 0xca, 0x51, 0x00, 0x00, 0x00, 0x00, 0x00, 
    0x00, 0x00, 0x00, 0x00, 0x00, 0x00, 0x00, 0x00, 0x00, 0x00, 0x00, 0x00, 0x00, 0x00, 0x00, 0x00, 
    0x00, 0x00, 0x00, 0x00, 0x00, 0x00, 0x00, 0x00, 0x00, 0x00, 0x00, 0x00, 0x00, 0x00, 0x00, 0x00, 
    0x00, 0x00, 0x00, 0x00, 0x00, 0x00, 0x00, 0x00, 0x00, 0x00, 0x00, 0x00, 0x00, 0x00, 0x00, 0x00, 
    0x00, 0x00, 0x00, 0x00, 0x00, 0x00, 0x00, 0x00, 0x00, 0x00, 0x00, 0x00, 0x00, 0x00, 0x00, 0x00, 
    0x00, 0x00, 0x00, 0x00, 0x00, 0x00, 0x00, 0x00, 0x00, 0x00, 0x00, 0x00, 0x00, 0x00, 0x00, 0x00, 
    0x00, 0x0f, 0xff, 0xff, 0xff, 0xff, 0xfb, 0x06, 0x81, 0x00, 0x00, 0x00, 0x00, 0x00, 0x00, 0x00, 
    0x00, 0x0f, 0xff, 0xff, 0xff, 0xff, 0xfe, 0x07, 0xfe, 0x92, 0x00, 0x00, 0x00, 0x00, 0x00, 0x00, 
    0x00, 0x0f, 0xff, 0xff, 0xff, 0xff, 0xff, 0x07, 0xff, 0xfa, 0x10, 0x00, 0x00, 0x00, 0x00, 0x00, 
    0x00, 0x0f, 0xff, 0xff, 0xff, 0xff, 0xfe, 0x07, 0xfb, 0x30, 0x00, 0x00, 0x00, 0x00, 0x00, 0x00, 
    0x00, 0x0f, 0xff, 0xff, 0xff, 0xff, 0xfb, 0x04, 0x30, 0x00, 0x00, 0x00, 0x00, 0x00, 0x00, 0x00, 
    0x00, 0x0f, 0xff, 0xff, 0xff, 0xff, 0xf6, 0x00, 0x00, 0x00, 0x00, 0x00, 0x00, 0x00, 0x00, 0x00, 
    0x00, 0x0f, 0xff, 0xff, 0xff, 0xff, 0xd0, 0x00, 0x00, 0x00, 0x00, 0x00, 0x01, 0x00, 0x00, 0x00, 
    0x00, 0x0f, 0xff, 0xff, 0xff, 0xff, 0x40, 0x00, 0x00, 0x00, 0x00, 0x00, 0x07, 0x00, 0x00, 0x00, 
    0x00, 0x0f, 0xff, 0xff, 0xff, 0xf6, 0x04, 0x60, 0x00, 0x00, 0x00, 0x00, 0x69, 0x00, 0x00, 0x00, 
    0x00, 0x0f, 0xff, 0xff, 0xfd, 0x40, 0x4f, 0xc0, 0x00, 0x00, 0x00, 0x01, 0xe9, 0x00, 0x00, 0x00, 
    0x00, 0x0b, 0xef, 0xeb, 0x60, 0x04, 0xff, 0xf2, 0x00, 0x00, 0x00, 0x08, 0xf9, 0x00, 0x00, 0x00, 
    0x00, 0x00, 0x00, 0x00, 0x00, 0x06, 0xbf, 0xf7, 0x00, 0x00, 0x00, 0x2e, 0xf9, 0x00, 0x00, 0x00, 
    0x00, 0x06, 0x77, 0x74, 0x00, 0x00, 0x02, 0x69, 0x00, 0x00, 0x00, 0x9f, 0xf9, 0x00, 0x00, 0x00, 
    0x00, 0x08, 0xff, 0xf3, 0x00, 0x00, 0x00, 0x00, 0x00, 0x00, 0x03, 0xff, 0xf9, 0x00, 0x00, 0x00, 
    0x00, 0x01, 0xff, 0xb0, 0x00, 0x00, 0x00, 0x00, 0x00, 0x00, 0x0b, 0xff, 0xfc, 0x66, 0x63, 0x00, 
    0x00, 0x00, 0x9f, 0x30, 0x00, 0x00, 0x00, 0x00, 0x00, 0x00, 0x4f, 0xff, 0xff, 0xff, 0xf2, 0x00, 
    0x00, 0x00, 0x2a, 0x00, 0x00, 0x00, 0x00, 0x00, 0x00, 0x00, 0xcf, 0xff, 0xff, 0xff, 0x90, 0x00, 
    0x00, 0x00, 0x01, 0x00, 0x00, 0x00, 0x00, 0x00, 0x00, 0x06, 0xff, 0xff, 0xff, 0xfe, 0x10, 0x00, 
    0x00, 0x00, 0x00, 0x00, 0x00, 0x00, 0x00, 0x00, 0x00, 0x08, 0x99, 0x9f, 0xff, 0xf7, 0x00, 0x00, 
    0x00, 0x00, 0x00, 0x00, 0x00, 0x00, 0x00, 0x00, 0x00, 0x00, 0x00, 0x0f, 0xff, 0xd1, 0x00, 0x00, 
    0x00, 0x00, 0x00, 0x00, 0x00, 0x00, 0x00, 0x00, 0x00, 0x00, 0x00, 0x0f, 0xff, 0x60, 0x00, 0x00, 
    0x00, 0x00, 0x00, 0x00, 0x00, 0x00, 0x00, 0x00, 0x00, 0x00, 0x00, 0x0f, 0xfc, 0x00, 0x00, 0x00, 
    0x00, 0x00, 0x00, 0x00, 0x00, 0x00, 0x00, 0x00, 0x00, 0x00, 0x00, 0x0f, 0xf4, 0x00, 0x00, 0x00, 
    0x00, 0x00, 0x00, 0x00, 0x00, 0x00, 0x00, 0x00, 0x00, 0x00, 0x00, 0x0f, 0xb0, 0x00, 0x00, 0x00, 
    0x00, 0x00, 0x00, 0x00, 0x00, 0x00, 0x00, 0x00, 0x00, 0x00, 0x00, 0x0f, 0x30, 0x00, 0x00, 0x00, 
    0x00, 0x00, 0x00, 0x00, 0x00, 0x00, 0x00, 0x00, 0x00, 0x00, 0x00, 0x09, 0x00, 0x00, 0x00, 0x00, 
    0x00, 0x00, 0x00, 0x00, 0x00, 0x00, 0x00, 0x00, 0x00, 0x00, 0x00, 0x02, 0x00, 0x00, 0x00, 0x00, 
    0x00, 0x00, 0x00, 0x00, 0x00, 0x00, 0x00, 0x00, 0x00, 0x00, 0x00, 0x00, 0x00, 0x00, 0x00, 0x00, 
    0x00, 0x00, 0x00, 0x00, 0x00, 0x00, 0x00, 0x00, 0x00, 0x00, 0x00, 0x00, 0x00, 0x00, 0x00, 0x00, 
    0x00, 0x00, 0x00, 0x00, 0x00, 0x00, 0x00, 0x00, 0x00, 0x00, 0x00, 0x00, 0x00, 0x00, 0x00, 0x00, 
    0x00, 0x00, 0x00, 0x00, 0x00, 0x00, 0x00, 0x00, 0x00, 0x00, 0x00, 0x00, 0x00, 0x00, 0x00, 0x00, 
    0x00, 0x00, 0x00, 0x00, 0x00, 0x00, 0x00, 0x00, 0x00, 0x00, 0x00, 0x00, 0x00, 0x00, 0x00, 0x00, 
    0x00, 0x00, 0x00, 0x00, 0x00, 0x00, 0x00, 0x00, 0x00, 0x00, 0x00, 0x00, 0x00, 0x00, 0x00, 0x00, 
    0x00, 0x00, 0x00, 0x00, 0x00, 0x00, 0x00, 0x00, 0x00, 0x00, 0x00, 0x00, 0x00, 0x00, 0x00, 0x00, 
    0x00, 0x00, 0x00, 0x00, 0x00, 0x00, 0x00, 0x00, 0x00, 0x00, 0x00, 0x00, 0x00, 0x00, 0x00, 0x00, 
    0x00, 0x00, 0x00, 0x00, 0x00, 0x00, 0x00, 0x00, 0x00, 0x00, 0x00, 0x00, 0x01, 0x30, 0x00, 0x00, 
    0x00, 0x00, 0x00, 0x00, 0x00, 0x00, 0x00, 0x00, 0x00, 0x00, 0x00, 0x00, 0x1d, 0xe3, 0x00, 0x00, 
    0x00, 0x00, 0x00, 0x00, 0x00, 0x00, 0x00, 0x00, 0x00, 0x00, 0x00, 0x01, 0xdf, 0xfb, 0x00, 0x00, 
    0x00, 0x00, 0x00, 0x00, 0x00, 0x00, 0x00, 0x00, 0x00, 0x00, 0x00, 0x1d, 0xff, 0xb1, 0x00, 0x00, 
    0x00, 0x00, 0x00, 0x00, 0x00, 0x00, 0x00, 0x00, 0x00, 0x00, 0x01, 0xdf, 0xfb, 0x10, 0x00, 0x00, 
    0x00, 0x00, 0x00, 0x00, 0x00, 0x00, 0x00, 0x00, 0x00, 0x00, 0x1d, 0xff, 0xb1, 0x00, 0x00, 0x00, 
    0x00, 0x00, 0x00, 0x00, 0x00, 0x00, 0x00, 0x00, 0x00, 0x01, 0xdf, 0xfb, 0x10, 0x00, 0x00, 0x00, 
    0x00, 0x00, 0x00, 0x00, 0x00, 0x00, 0x00, 0x00, 0x00, 0x1d, 0xff, 0xb1, 0x00, 0x00, 0x00, 0x00, 
    0x00, 0x00, 0x00, 0x00, 0x00, 0x00, 0x00, 0x00, 0x01, 0xdf, 0xfb, 0x10, 0x00, 0x00, 0x00, 0x00, 
    0x00, 0x00, 0x01, 0x91, 0x00, 0x00, 0x00, 0x00, 0x1d, 0xff, 0xb1, 0x00, 0x00, 0x00, 0x00, 0x00, 
    0x00, 0x00, 0x1b, 0xfd, 0x10, 0x00, 0x00, 0x01, 0xdf, 0xfb, 0x10, 0x00, 0x00, 0x00, 0x00, 0x00, 
    0x00, 0x00, 0x1c, 0xff, 0xd1, 0x00, 0x00, 0x1d, 0xff, 0xb1, 0x00, 0x00, 0x00, 0x00, 0x00, 0x00, 
    0x00, 0x00, 0x01, 0xcf, 0xfd, 0x10, 0x01, 0xdf, 0xfb, 0x10, 0x00, 0x00, 0x00, 0x00, 0x00, 0x00, 
    0x00, 0x00, 0x00, 0x1c, 0xff, 0xd1, 0x1d, 0xff, 0xb1, 0x00, 0x00, 0x00, 0x00, 0x00, 0x00, 0x00, 
    0x00, 0x00, 0x00, 0x01, 0xcf, 0xfd, 0xdf, 0xfb, 0x10, 0x00, 0x00, 0x00, 0x00, 0x00, 0x00, 0x00, 
    0x00, 0x00, 0x00, 0x00, 0x1c, 0xff, 0xff, 0xb1, 0x00, 0x00, 0x00, 0x00, 0x00, 0x00, 0x00, 0x00, 
    0x00, 0x00, 0x00, 0x00, 0x01, 0xcf, 0xfb, 0x10, 0x00, 0x00, 0x00, 0x00, 0x00, 0x00, 0x00, 0x00, 
    0x00, 0x00, 0x00, 0x00, 0x00, 0x1c, 0xb1, 0x00, 0x00, 0x00, 0x00, 0x00, 0x00, 0x00, 0x00, 0x00, 
    0x00, 0x00, 0x00, 0x00, 0x00, 0x01, 0x10, 0x00, 0x00, 0x00, 0x00, 0x00, 0x00, 0x00, 0x00, 0x00, 
    0x00, 0x00, 0x00, 0x00, 0x00, 0x00, 0x00, 0x00, 0x00, 0x00, 0x00, 0x00, 0x00, 0x00, 0x00, 0x00, 
    0x00, 0x00, 0x00, 0x00, 0x00, 0x00, 0x00, 0x00, 0x00, 0x00, 0x00, 0x00, 0x00, 0x00, 0x00, 0x00, 
    0x00, 0x00, 0x00, 0x00, 0x00, 0x00, 0x00, 0x00, 0x00, 0x00, 0x00, 0x00, 0x00, 0x00, 0x00, 0x00, 
    0x00, 0x00, 0x00, 0x00, 0x00, 0x00, 0x00, 0x00, 0x00, 0x00, 0x00, 0x00, 0x00, 0x00, 0x00, 0x00, 
    0x00, 0x00, 0x00, 0x00, 0x00, 0x00, 0x00, 0x00, 0x00, 0x00, 0x00, 0x00, 0x00, 0x00, 0x00, 0x00, 
    0x00, 0x00, 0x00, 0x00, 0x00, 0x00, 0x00, 0x00, 0x00, 0x00, 0x00, 0x00, 0x00, 0x00, 0x00, 0x00, 
    0x00, 0x00, 0x00, 0x00, 0x00, 0x00, 0x00, 0x00, 0x00, 0x00, 0x00, 0x00, 0x00, 0x00, 0x00, 0x00, 
    0x00, 0x00, 0x00, 0x00, 0x00, 0x00, 0x00, 0x00, 0x00, 0x00, 0x00, 0x00, 0x00, 0x00, 0x00, 0x00, 
    0x00, 0x00, 0x00, 0x00, 0x00, 0x00, 0x00, 0x00, 0x00, 0x00, 0x00, 0x00, 0x00, 0x00, 0x00, 0x00, 
    0x00, 0x00, 0x00, 0x00, 0x00, 0x00, 0x00, 0x00, 0x00, 0x00, 0x00, 0x00, 0x00, 0x00, 0x00, 0x00, 
    0x00, 0x00, 0x00, 0x00, 0x00, 0x00, 0x00, 0x00, 0x00, 0x00, 0x00, 0x00, 0x00, 0x00, 0x00, 0x00, 
    0x00, 0x00, 0x00, 0x00, 0x00, 0x00, 0x00, 0x00, 0x00, 0x00, 0x00, 0x00, 0x00, 0x00, 0x00, 0x00, 
    0x00, 0x00, 0x00, 0x00, 0x00, 0x00, 0x00, 0x04, 0xb1, 0x00, 0x00, 0x00, 0x00, 0x00, 0x00, 0x00, 
    0x00, 0x00, 0x00, 0x00, 0x00, 0x00, 0x00, 0x6f, 0xfd, 0x20, 0x00, 0x00, 0x00, 0x00, 0x00, 0x00, 
    0x00, 0x00, 0x00, 0x00, 0x00, 0x00, 0x07, 0xff, 0xff, 0xe3, 0x00, 0x00, 0x00, 0x00, 0x00, 0x00, 
    0x00, 0x00, 0x00, 0x00, 0x00, 0x00, 0x8f, 0xff, 0xff, 0xfe, 0x40, 0x00, 0x00, 0x00, 0x00, 0x00, 
    0x00, 0x00, 0x00, 0x00, 0x00, 0x0a, 0xff, 0xff, 0xff, 0xff, 0xf5, 0x00, 0x00, 0x00, 0x00, 0x00, 
    0x00, 0x00, 0x00, 0x00, 0x01, 0xbf, 0xff, 0xff, 0xff, 0xff, 0xff, 0x60, 0x00, 0x00, 0x00, 0x00, 
    0x00, 0x00, 0x00, 0x00, 0x1c, 0xff, 0xff, 0xff, 0xff, 0xff, 0xff, 0xf8, 0x00, 0x00, 0x00, 0x00, 
    0x00, 0x00, 0x00, 0x02, 0xdf, 0xff, 0xff, 0xff, 0xff, 0xff, 0xff, 0xff, 0x90, 0x00, 0x00, 0x00, 
    0x00, 0x00, 0x00, 0x3e, 0xff, 0xff, 0xff, 0xff, 0xff, 0xff, 0xff, 0xff, 0xfb, 0x10, 0x00, 0x00, 
    0x00, 0x00, 0x04, 0xef, 0xff, 0xff, 0xff, 0xff, 0xff, 0xff, 0xff, 0xff, 0xff, 0xc1, 0x00, 0x00, 
    0x00, 0x00, 0x5f, 0xff, 0xff, 0xff, 0xff, 0xff, 0xff, 0xff, 0xff, 0xff, 0xff, 0xfd, 0x20, 0x00, 
    0x00, 0x07, 0xff, 0xff, 0xff, 0xff, 0xff, 0xff, 0xff, 0xff, 0xff, 0xff, 0xff, 0xff, 0xd3, 0x00, 
    0x00, 0x00, 0x00, 0x0f, 0xff, 0xff, 0xff, 0xff, 0xff, 0xff, 0xff, 0xff, 0xf9, 0x00, 0x00, 0x00, 
    0x00, 0x00, 0x00, 0x0f, 0xff, 0xff, 0xff, 0xff, 0xff, 0xff, 0xff, 0xff, 0xf9, 0x00, 0x00, 0x00, 
    0x00, 0x00, 0x00, 0x0f, 0xff, 0xff, 0xfd, 0xaa, 0xaa, 0xaf, 0xff, 0xff, 0xf9, 0x00, 0x00, 0x00, 
    0x00, 0x00, 0x00, 0x0f, 0xff, 0xff, 0xf9, 0x00, 0x00, 0x0f, 0xff, 0xff, 0xf9, 0x00, 0x00, 0x00, 
    0x00, 0x00, 0x00, 0x0f, 0xff, 0xff, 0xf9, 0x00, 0x00, 0x0f, 0xff, 0xff, 0xf9, 0x00, 0x00, 0x00, 
    0x00, 0x00, 0x00, 0x0f, 0xff, 0xff, 0xf9, 0x00, 0x00, 0x0f, 0xff, 0xff, 0xf9, 0x00, 0x00, 0x00, 
    0x00, 0x00, 0x00, 0x0f, 0xff, 0xff, 0xf9, 0x00, 0x00, 0x0f, 0xff, 0xff, 0xf9, 0x00, 0x00, 0x00, 
    0x00, 0x00, 0x00, 0x0f, 0xff, 0xff, 0xf9, 0x00, 0x00, 0x0f, 0xff, 0xff, 0xf9, 0x00, 0x00, 0x00, 
    0x00, 0x00, 0x00, 0x0f, 0xff, 0xff, 0xf9, 0x00, 0x00, 0x0f, 0xff, 0xff, 0xf9, 0x00, 0x00, 0x00, 
    0x00, 0x00, 0x00, 0x0f, 0xff, 0xff, 0xf9, 0x00, 0x00, 0x0f, 0xff, 0xff, 0xf9, 0x00, 0x00, 0x00, 
    0x00, 0x00, 0x00, 0x0a, 0xaa, 0xaa, 0xa6, 0x00, 0x00, 0x0a, 0xaa, 0xaa, 0xa6, 0x00, 0x00, 0x00, 
    0x00, 0x00, 0x00, 0x00, 0x00, 0x00, 0x00, 0x00, 0x00, 0x00, 0x00, 0x00, 0x00, 0x00, 0x00, 0x00, 
    0x00, 0x00, 0x00, 0x00, 0x00, 0x00, 0x00, 0x00, 0x00, 0x00, 0x00, 0x00, 0x00, 0x00, 0x00, 0x00, 
    0x00, 0x00, 0x00, 0x00, 0x00, 0x00, 0x00, 0x00, 0x00, 0x00, 0x00, 0x00, 0x00, 0x00, 0x00, 0x00, 
    0x00, 0x00, 0x00, 0x00, 0x00, 0x00, 0x00, 0x00, 0x00, 0x00, 0x00, 0x00, 0x00, 0x00, 0x00, 0x00, 
    0x00, 0x00, 0x00, 0x00, 0x00, 0x00, 0x00, 0x00, 0x00, 0x00, 0x00, 0x00, 0x00, 0x00, 0x00, 0x00, 
    0x00, 0x00, 0x00, 0x00, 0x00, 0x00, 0x00, 0x00, 0x00, 0x00, 0x00, 0x00, 0x00, 0x00, 0x00, 0x00, 
    0x00, 0x00, 0x00, 0x00, 0x00, 0x00, 0x00, 0x00, 0x00, 0x00, 0x00, 0x00, 0x00, 0x00, 0x00, 0x00, 
    0x00, 0x00, 0x00, 0x00, 0x00, 0x00, 0x00, 0x00, 0x00, 0x00, 0x00, 0x00, 0x00, 0x00, 0x00, 0x00, 
    0x00, 0x00, 0x00, 0x00, 0x00, 0x00, 0x00, 0x4b, 0xef, 0xdb, 0x50, 0x00, 0x00, 0x00, 0x00, 0x00, 
    0x00, 0x00, 0x00, 0x00, 0x00, 0x00, 0x06, 0xff, 0xff, 0xff, 0xf8, 0x00, 0x00, 0x00, 0x00, 0x00, 
    0x00, 0x00, 0x00, 0x00, 0x00, 0x00, 0x1e, 0xff, 0xff, 0xff, 0xff, 0x20, 0x00, 0x00, 0x00, 0x00, 
    0x00, 0x00, 0x00, 0x00, 0x00, 0x00, 0x6f, 0xff, 0xff, 0xff, 0xff, 0x40, 0x00, 0x00, 0x00, 0x00, 
    0x00, 0x00, 0x00, 0x00, 0x00, 0x00, 0x8f, 0xff, 0xff, 0xff, 0xfe, 0x10, 0x00, 0x00, 0x00, 0x00, 
    0x00, 0x00, 0x00, 0x00, 0x00, 0x00, 0x9f, 0xff, 0xff, 0xff, 0xf5, 0x00, 0x00, 0x00, 0x00, 0x00, 
    0x00, 0x00, 0x00, 0x00, 0x00, 0x00, 0x7f, 0xff, 0xff, 0xfd, 0x30, 0x00, 0x00, 0x00, 0x00, 0x00, 
    0x00, 0x00, 0x03, 0x51, 0x00, 0x00, 0x4f, 0xff, 0xff, 0xe1, 0x00, 0x00, 0x00, 0x00, 0x00, 0x00, 
    0x00, 0x00, 0x9f, 0xff, 0x50, 0x00, 0x0e, 0xff, 0xff, 0x70, 0x00, 0x00, 0x00, 0x00, 0x00, 0x00, 
    0x00, 0x05, 0xff, 0xff, 0xf3, 0x00, 0x08, 0xff, 0xff, 0x50, 0x00, 0x47, 0x99, 0x72, 0x00, 0x00, 
    0x00, 0x0b, 0xff, 0xff, 0xfd, 0x20, 0x08, 0xff, 0xff, 0xf7, 0x8e, 0xff, 0xff, 0xff, 0x90, 0x00, 
    0x00, 0x0e, 0xff, 0xff, 0xff, 0xe8, 0x6f, 0xff, 0xff, 0xff, 0xff, 0xff, 0xff, 0xff, 0xf7, 0x00, 
    0x00, 0x0f, 0xff, 0xff, 0xff, 0xff, 0xff, 0xf5, 0x06, 0xff, 0xff, 0xff, 0xff, 0xff, 0xfd, 0x00, 
    0x00, 0x0d, 0xff, 0xff, 0xff, 0xff, 0xff, 0xf5, 0x06, 0xff, 0xff, 0xff, 0xff, 0xff, 0xff, 0x00, 
    0x00, 0x07, 0xff, 0xff, 0xff, 0xff, 0xff, 0xff, 0xff, 0xff, 0x58, 0xef, 0xff, 0xff, 0xfd, 0x00, 
    0x00, 0x00, 0x9f, 0xff, 0xff, 0xfe, 0x88, 0xff, 0xff, 0xf7, 0x00, 0x2d, 0xff, 0xff, 0xfb, 0x00, 
    0x00, 0x00, 0x02, 0x79, 0x97, 0x40, 0x00, 0x6f, 0xff, 0xf7, 0x00, 0x03, 0xff, 0xff, 0xf5, 0x00, 
    0x00, 0x00, 0x00, 0x00, 0x00, 0x00, 0x00, 0x8f, 0xff, 0xfd, 0x00, 0x00, 0x6f, 0xff, 0x90, 0x00, 
    0x00, 0x00, 0x00, 0x00, 0x00, 0x00, 0x02, 0xef, 0xff, 0xff, 0x30, 0x00, 0x01, 0x53, 0x00, 0x00, 
    0x00, 0x00, 0x00, 0x00, 0x00, 0x00, 0x3d, 0xff, 0xff, 0xff, 0x60, 0x00, 0x00, 0x00, 0x00, 0x00, 
    0x00, 0x00, 0x00, 0x00, 0x00, 0x06, 0xff, 0xff, 0xff, 0xff, 0x80, 0x00, 0x00, 0x00, 0x00, 0x00, 
    0x00, 0x00, 0x00, 0x00, 0x00, 0x1f, 0xff, 0xff, 0xff, 0xff, 0x70, 0x00, 0x00, 0x00, 0x00, 0x00, 
    0x00, 0x00, 0x00, 0x00, 0x00, 0x5f, 0xff, 0xff, 0xff, 0xff, 0x50, 0x00, 0x00, 0x00, 0x00, 0x00, 
    0x00, 0x00, 0x00, 0x00, 0x00, 0x3f, 0xff, 0xff, 0xff, 0xfe, 0x10, 0x00, 0x00, 0x00, 0x00, 0x00, 
    0x00, 0x00, 0x00, 0x00, 0x00, 0x09, 0xff, 0xff, 0xff, 0xf5, 0x00, 0x00, 0x00, 0x00, 0x00, 0x00, 
    0x00, 0x00, 0x00, 0x00, 0x00, 0x00, 0x5b, 0xdf, 0xeb, 0x40, 0x00, 0x00, 0x00, 0x00, 0x00, 0x00, 
    0x00, 0x00, 0x00, 0x00, 0x00, 0x00, 0x00, 0x00, 0x00, 0x00, 0x00, 0x00, 0x00, 0x00, 0x00, 0x00, 
    0x00, 0x00, 0x00, 0x00, 0x00, 0x00, 0x00, 0x00, 0x00, 0x00, 0x00, 0x00, 0x00, 0x00, 0x00, 0x00, 
    0x00, 0x00, 0x00, 0x00, 0x00, 0x00, 0x00, 0x00, 0x00, 0x00, 0x00, 0x00, 0x00, 0x00, 0x00, 0x00, 
    0x00, 0x00, 0x00, 0x00, 0x00, 0x00, 0x00, 0x00, 0x00, 0x00, 0x00, 0x00, 0x00, 0x00, 0x00, 0x00, 
    0x00, 0x00, 0x00, 0x00, 0x00, 0x00, 0x00, 0x00, 0x00, 0x00, 0x00, 0x00, 0x00, 0x00, 0x00, 0x00, 
    0x00, 0x00, 0x00, 0x00, 0x00, 0x00, 0x29, 0x99, 0x99, 0x92, 0x00, 0x00, 0x00, 0x00, 0x00, 0x00, 
    0x00, 0x00, 0x00, 0x00, 0x00, 0x00, 0x6f, 0xff, 0xff, 0xf6, 0x00, 0x00, 0x00, 0x00, 0x00, 0x00, 
    0x00, 0x00, 0x00, 0x00, 0x00, 0x00, 0x8f, 0xff, 0xff, 0xf8, 0x00, 0x00, 0x00, 0x00, 0x00, 0x00, 
    0x00, 0x00, 0x00, 0x00, 0x00, 0x00, 0xaf, 0xff, 0xff, 0xfa, 0x00, 0x00, 0x00, 0x00, 0x00, 0x00, 
    0x00, 0x00, 0x02, 0x83, 0x00, 0x03, 0xdf, 0xff, 0xff, 0xfd, 0x30, 0x00, 0x38, 0x20, 0x00, 0x00, 
    0x00, 0x00, 0x0a, 0xff, 0xc6, 0x9f, 0xff, 0xff, 0xff, 0xff, 0xf9, 0x6c, 0xff, 0xa0, 0x00, 0x00, 
    0x00, 0x00, 0x4f, 0xff, 0xff, 0xff, 0xff, 0xff, 0xff, 0xff, 0xff, 0xff, 0xff, 0xf4, 0x00, 0x00, 
    0x00, 0x00, 0xcf, 0xff, 0xff, 0xff, 0xff, 0xff, 0xff, 0xff, 0xff, 0xff, 0xff, 0xfc, 0x00, 0x00, 
    0x00, 0x06, 0xff, 0xff, 0xff, 0xff, 0xff, 0xff, 0xff, 0xff, 0xff, 0xff, 0xff, 0xff, 0x60, 0x00, 
    0x00, 0x0d, 0xff, 0xff, 0xff, 0xff, 0xfb, 0x41, 0x14, 0xbf, 0xff, 0xff, 0xff, 0xff, 0xd0, 0x00, 
    0x00, 0x06, 0xff, 0xff, 0xff, 0xff, 0x90, 0x00, 0x00, 0x09, 0xff, 0xff, 0xff, 0xff, 0x60, 0x00, 
    0x00, 0x00, 0x3d, 0xff, 0xff, 0xfd, 0x00, 0x00, 0x00, 0x00, 0xdf, 0xff, 0xff, 0xd3, 0x00, 0x00, 
    0x00, 0x00, 0x01, 0xff, 0xff, 0xf7, 0x00, 0x00, 0x00, 0x00, 0x7f, 0xff, 0xff, 0x10, 0x00, 0x00, 
    0x00, 0x00, 0x00, 0xff, 0xff, 0xf5, 0x00, 0x00, 0x00, 0x00, 0x5f, 0xff, 0xff, 0x00, 0x00, 0x00, 
    0x00, 0x00, 0x00, 0xef, 0xff, 0xf6, 0x00, 0x00, 0x00, 0x00, 0x6f, 0xff, 0xfe, 0x00, 0x00, 0x00, 
    0x00, 0x00, 0x08, 0xff, 0xff, 0xfa, 0x00, 0x00, 0x00, 0x00, 0xaf, 0xff, 0xff, 0x80, 0x00, 0x00, 
    0x00, 0x01, 0xcf, 0xff, 0xff, 0xff, 0x40, 0x00, 0x00, 0x04, 0xff, 0xff, 0xff, 0xfb, 0x10, 0x00, 
    0x00, 0x0d, 0xff, 0xff, 0xff, 0xff, 0xe6, 0x00, 0x00, 0x6e, 0xff, 0xff, 0xff, 0xff, 0xd0, 0x00, 
    0x00, 0x09, 0xff, 0xff, 0xff, 0xff, 0xff, 0xda, 0xad, 0xff, 0xff, 0xff, 0xff, 0xff, 0x90, 0x00, 
    0x00, 0x01, 0xef, 0xff, 0xff, 0xff, 0xff, 0xff, 0xff, 0xff, 0xff, 0xff, 0xff, 0xfe, 0x10, 0x00, 
    0x00, 0x00, 0x7f, 0xff, 0xff, 0xff, 0xff, 0xff, 0xff, 0xff, 0xff, 0xff, 0xff, 0xf7, 0x00, 0x00, 
    0x00, 0x00, 0x0d, 0xff, 0xfc, 0xef, 0xff, 0xff, 0xff, 0xff, 0xfe, 0xcf, 0xff, 0xd0, 0x00, 0x00, 
    0x00, 0x00, 0x04, 0xe9, 0x30, 0x19, 0xff, 0xff, 0xff, 0xff, 0x91, 0x03, 0x9e, 0x40, 0x00, 0x00, 
    0x00, 0x00, 0x00, 0x00, 0x00, 0x00, 0xbf, 0xff, 0xff, 0xfb, 0x00, 0x00, 0x00, 0x00, 0x00, 0x00, 
    0x00, 0x00, 0x00, 0x00, 0x00, 0x00, 0x9f, 0xff, 0xff, 0xf9, 0x00, 0x00, 0x00, 0x00, 0x00, 0x00, 
    0x00, 0x00, 0x00, 0x00, 0x00, 0x00, 0x7f, 0xff, 0xff, 0xf7, 0x00, 0x00, 0x00, 0x00, 0x00, 0x00, 
    0x00, 0x00, 0x00, 0x00, 0x00, 0x00, 0x4f, 0xff, 0xff, 0xf4, 0x00, 0x00, 0x00, 0x00, 0x00, 0x00, 
    0x00, 0x00, 0x00, 0x00, 0x00, 0x00, 0x00, 0x00, 0x00, 0x00, 0x00, 0x00, 0x00, 0x00, 0x00, 0x00, 
    0x00, 0x00, 0x00, 0x00, 0x00, 0x00, 0x00, 0x00, 0x00, 0x00, 0x00, 0x00, 0x00, 0x00, 0x00, 0x00, 
    0x00, 0x00, 0x00, 0x00, 0x00, 0x00, 0x00, 0x00, 0x00, 0x00, 0x00, 0x00, 0x00, 0x00, 0x00, 0x00, 
    0x00, 0x00, 0x00, 0x00, 0x00, 0x00, 0x00, 0x00, 0x00, 0x00, 0x00, 0x00, 0x00, 0x00, 0x00, 0x00, 
    0x00, 0x00, 0x00, 0x00, 0x00, 0x00, 0x00, 0x00, 0x00, 0x00, 0x00, 0x00, 0x00, 0x00, 0x00, 0x00, 
    0x00, 0x00, 0x00, 0x00, 0x00, 0x00, 0x00, 0x00, 0x00, 0x00, 0x00, 0x00, 0x00, 0x00, 0x00, 0x00, 
    0x00, 0x00, 0x00, 0x00, 0x00, 0x00, 0x00, 0x00, 0x00, 0x00, 0x00, 0x00, 0x00, 0x00, 0x00, 0x00, 
    0x00, 0x00, 0x00, 0x00, 0x00, 0x00, 0x00, 0x00, 0x00, 0x00, 0x00, 0x00, 0x00, 0x00, 0x00, 0x00, 
    0x00, 0x00, 0x00, 0x00, 0x00, 0x15, 0x9c, 0xde, 0xed, 0xc9, 0x51, 0x00, 0x00, 0x00, 0x00, 0x00, 
    0x00, 0x00, 0x00, 0x00, 0x29, 0xef, 0xff, 0xff, 0xff, 0xff, 0xfe, 0x92, 0x00, 0x00, 0x00, 0x00, 
    0x00, 0x00, 0x00, 0x07, 0xef, 0xff, 0xff, 0xff, 0xff, 0xff, 0xff, 0xfe, 0x70, 0x00, 0x00, 0x00, 
    0x00, 0x00, 0x01, 0xbf, 0xff, 0xff, 0xfd, 0x86, 0x68, 0xdf, 0xff, 0xff, 0xfb, 0x10, 0x00, 0x00, 
    0x00, 0x00, 0x2d, 0xff, 0xff, 0xfe, 0x50, 0x00, 0x00, 0x05, 0xef, 0xff, 0xff, 0xd2, 0x00, 0x00, 
    0x00, 0x01, 0xdf, 0xff, 0xff, 0xe3, 0x00, 0x00, 0x00, 0x00, 0x3e, 0xff, 0xff, 0xfd, 0x10, 0x00, 
    0x00, 0x0b, 0xff, 0xff, 0xff, 0x50, 0x03, 0xbe, 0xeb, 0x20, 0x05, 0xff, 0xff, 0xff, 0xb0, 0x00, 
    0x00, 0x6f, 0xff, 0xff, 0xfd, 0x00, 0x3e, 0xff, 0xff, 0xe2, 0x00, 0xdf, 0xff, 0xff, 0xf6, 0x00, 
    0x01, 0xef, 0xff, 0xff, 0xf8, 0x00, 0xbf, 0xff, 0xff, 0xfb, 0x00, 0x8f, 0xff, 0xff, 0xfe, 0x10, 
    0x07, 0xff, 0xff, 0xff, 0xf6, 0x00, 0xef, 0xff, 0xff, 0xfe, 0x00, 0x6f, 0xff, 0xff, 0xff, 0x70, 
    0x07, 0xff, 0xff, 0xff, 0xf6, 0x00, 0xef, 0xff, 0xff, 0xfe, 0x00, 0x6f, 0xff, 0xff, 0xff, 0x70, 
    0x01, 0xef, 0xff, 0xff, 0xf8, 0x00, 0xbf, 0xff, 0xff, 0xfb, 0x00, 0x8f, 0xff, 0xff, 0xfe, 0x10, 
    0x00, 0x6f, 0xff, 0xff, 0xfd, 0x00, 0x3e, 0xff, 0xff, 0xe3, 0x00, 0xdf, 0xff, 0xff, 0xf6, 0x00, 
    0x00, 0x0b, 0xff, 0xff, 0xff, 0x50, 0x03, 0xbe, 0xeb, 0x30, 0x05, 0xff, 0xff, 0xff, 0xb0, 0x00, 
    0x00, 0x01, 0xdf, 0xff, 0xff, 0xe3, 0x00, 0x00, 0x00, 0x00, 0x3e, 0xff, 0xff, 0xfd, 0x10, 0x00, 
    0x00, 0x00, 0x2d, 0xff, 0xff, 0xfe, 0x50, 0x00, 0x00, 0x05, 0xef, 0xff, 0xff, 0xd2, 0x00, 0x00, 
    0x00, 0x00, 0x01, 0xbf, 0xff, 0xff, 0xfd, 0x86, 0x68, 0xdf, 0xff, 0xff, 0xfb, 0x10, 0x00, 0x00, 
    0x00, 0x00, 0x00, 0x07, 0xef, 0xff, 0xff, 0xff, 0xff, 0xff, 0xff, 0xfe, 0x70, 0x00, 0x00, 0x00, 
    0x00, 0x00, 0x00, 0x00, 0x29, 0xef, 0xff, 0xff, 0xff, 0xff, 0xfe, 0x92, 0x00, 0x00, 0x00, 0x00, 
    0x00, 0x00, 0x00, 0x00, 0x00, 0x15, 0x9c, 0xde, 0xed, 0xc9, 0x51, 0x00, 0x00, 0x00, 0x00, 0x00, 
    0x00, 0x00, 0x00, 0x00, 0x00, 0x00, 0x00, 0x00, 0x00, 0x00, 0x00, 0x00, 0x00, 0x00, 0x00, 0x00, 
    0x00, 0x00, 0x00, 0x00, 0x00, 0x00, 0x00, 0x00, 0x00, 0x00, 0x00, 0x00, 0x00, 0x00, 0x00, 0x00, 
    0x00, 0x00, 0x00, 0x00, 0x00, 0x00, 0x00, 0x00, 0x00, 0x00, 0x00, 0x00, 0x00, 0x00, 0x00, 0x00, 
    0x00, 0x00, 0x00, 0x00, 0x00, 0x00, 0x00, 0x00, 0x00, 0x00, 0x00, 0x00, 0x00, 0x00, 0x00, 0x00, 
    0x00, 0x00, 0x00, 0x00, 0x00, 0x00, 0x00, 0x00, 0x00, 0x00, 0x00, 0x00, 0x00, 0x00, 0x00, 0x00, 
    0x00, 0x00, 0x00, 0x00, 0x00, 0x00, 0x00, 0x00, 0x00, 0x00, 0x00, 0x00, 0x00, 0x00, 0x00, 0x00, 
    0x00, 0x00, 0x00, 0x00, 0x00, 0x00, 0x00, 0x00, 0x00, 0x00, 0x00, 0x00, 0x00, 0x00, 0x00, 0x00, 
    0x00, 0x00, 0x00, 0x00, 0x00, 0x00, 0x00, 0x00, 0x00, 0x00, 0x00, 0x00, 0x00, 0x00, 0x00, 0x00, 
    0x00, 0x00, 0x00, 0x00, 0x00, 0x00, 0x00, 0x00, 0x00, 0x00, 0x00, 0x00, 0x00, 0x00, 0x00, 0x00, 
    0x00, 0x00, 0x00, 0x00, 0x00, 0x00, 0x00, 0x00, 0x00, 0x03, 0x44, 0x10, 0x00, 0x00, 0x00, 0x00, 
    0x00, 0x00, 0x00, 0x00, 0x00, 0x00, 0x00, 0x00, 0x06, 0xdf, 0xff, 0xf9, 0x10, 0x00, 0x00, 0x00, 
    0x00, 0x00, 0x00, 0x00, 0x00, 0x00, 0x00, 0x00, 0x9f, 0xff, 0xff, 0xff, 0xd2, 0x00, 0x00, 0x00, 
    0x00, 0x01, 0x8a, 0xaa, 0xaa, 0xaa, 0x60, 0x06, 0xff, 0xf8, 0x57, 0xdf, 0xfc, 0x00, 0x00, 0x00, 
    0x00, 0x0c, 0xff, 0xff, 0xff, 0xff, 0x50, 0x0e, 0xff, 0x30, 0x00, 0x1c, 0xff, 0x40, 0x00, 0x00, 
    0x00, 0x3f, 0xff, 0xff, 0xff, 0xff, 0x20, 0x3f, 0xf8, 0x00, 0x00, 0x04, 0xff, 0x90, 0x00, 0x00, 
    0x00, 0x5f, 0xff, 0xff, 0xff, 0xff, 0x00, 0x4f, 0xf5, 0x00, 0x00, 0x01, 0xff, 0xa0, 0x00, 0x00, 
    0x00, 0x5f, 0xff, 0xff, 0xff, 0xff, 0x10, 0x3f, 0xf7, 0x00, 0x00, 0x02, 0xff, 0x80, 0x00, 0x00, 
    0x00, 0x5f, 0xff, 0xff, 0xff, 0xff, 0x40, 0x0e, 0xfd, 0x10, 0x00, 0x09, 0xff, 0x40, 0x00, 0x00, 
    0x00, 0x5f, 0xff, 0xff, 0xff, 0xff, 0x80, 0x07, 0xff, 0xc4, 0x12, 0x9f, 0xfe, 0x00, 0x00, 0x00, 
    0x00, 0x5f, 0xff, 0xff, 0xff, 0xff, 0xe1, 0x00, 0xaf, 0xff, 0xff, 0xff, 0xff, 0x90, 0x00, 0x00, 
    0x00, 0x5f, 0xff, 0xff, 0xff, 0xff, 0xfa, 0x00, 0x07, 0xef, 0xff, 0xfb, 0xef, 0xf9, 0x00, 0x00, 
    0x00, 0x5f, 0xff, 0xff, 0xff, 0xff, 0xff, 0x80, 0x00, 0x04, 0x54, 0x10, 0x3e, 0xff, 0xa0, 0x00, 
    0x00, 0x5f, 0xff, 0xff, 0xff, 0xff, 0xff, 0xfb, 0x10, 0x00, 0x00, 0x00, 0x03, 0xef, 0xf9, 0x00, 
    0x00, 0x5f, 0xff, 0xff, 0xff, 0xff, 0xff, 0xff, 0xe9, 0x41, 0x01, 0x35, 0x00, 0x3e, 0xe2, 0x00, 
    0x00, 0x5f, 0xff, 0xff, 0xff, 0xff, 0xff, 0xff, 0xff, 0xff, 0xff, 0xff, 0x70, 0x02, 0x20, 0x00, 
    0x00, 0x5f, 0xff, 0xff, 0xff, 0xff, 0xff, 0xff, 0xff, 0xff, 0xff, 0xff, 0xf7, 0x00, 0x00, 0x00, 
    0x00, 0x5f, 0xff, 0xff, 0xff, 0xff, 0xff, 0xff, 0xff, 0xff, 0xff, 0xff, 0xff, 0x70, 0x00, 0x00, 
    0x00, 0x5f, 0xff, 0xff, 0xff, 0xff, 0xff, 0xff, 0xff, 0xff, 0xff, 0xff, 0xff, 0xa0, 0x00, 0x00, 
    0x00, 0x5f, 0xff, 0xff, 0xff, 0xff, 0xff, 0xff, 0xff, 0xff, 0xff, 0xff, 0xff, 0xa0, 0x00, 0x00, 
    0x00, 0x5f, 0xff, 0xff, 0xff, 0xff, 0xff, 0xff, 0xff, 0xff, 0xff, 0xff, 0xff, 0xa0, 0x00, 0x00, 
    0x00, 0x5f, 0xff, 0xff, 0xff, 0xff, 0xff, 0xff, 0xff, 0xff, 0xff, 0xff, 0xff, 0xa0, 0x00, 0x00, 
    0x00, 0x5f, 0xff, 0xff, 0xff, 0xff, 0xff, 0xff, 0xff, 0xff, 0xff, 0xff, 0xff, 0xa0, 0x00, 0x00, 
    0x00, 0x5f, 0xff, 0xff, 0xff, 0xff, 0xff, 0xff, 0xff, 0xff, 0xff, 0xff, 0xff, 0xa0, 0x00, 0x00, 
    0x00, 0x4f, 0xff, 0xff, 0xff, 0xff, 0xff, 0xff, 0xff, 0xff, 0xff, 0xff, 0xff, 0xa0, 0x00, 0x00, 
    0x00, 0x1e, 0xff, 0xff, 0xff, 0xff, 0xff, 0xff, 0xff, 0xff, 0xff, 0xff, 0xff, 0x50, 0x00, 0x00, 
    0x00, 0x04, 0xcf, 0xff, 0xff, 0xff, 0xff, 0xff, 0xff, 0xff, 0xff, 0xff, 0xe7, 0x00, 0x00, 0x00, 
    0x00, 0x00, 0x00, 0x00, 0x00, 0x00, 0x00, 0x00, 0x00, 0x00, 0x00, 0x00, 0x00, 0x00, 0x00, 0x00, 
    0x00, 0x00, 0x00, 0x00, 0x00, 0x00, 0x00, 0x00, 0x00, 0x00, 0x00, 0x00, 0x00, 0x00, 0x00, 0x00, 
    0x00, 0x00, 0x00, 0x00, 0x00, 0x00, 0x00, 0x00, 0x00, 0x00, 0x00, 0x00, 0x00, 0x00, 0x00, 0x00, 
    0x00, 0x00, 0x00, 0x00, 0x00, 0x00, 0x00, 0x00, 0x00, 0x00, 0x00, 0x00, 0x00, 0x00, 0x00, 0x00, 
    0x00, 0x00, 0x00, 0x00, 0x00, 0x00, 0x00, 0x00, 0x00, 0x00, 0x00, 0x00, 0x00, 0x00, 0x00, 0x00, 
    0x00, 0x00, 0x00, 0x00, 0x00, 0x00, 0x00, 0x7e, 0xe7, 0x00, 0x00, 0x00, 0x00, 0x00, 0x00, 0x00, 
    0x00, 0x00, 0x00, 0x00, 0x00, 0x00, 0x06, 0xff, 0xff, 0x50, 0x00, 0x00, 0x00, 0x00, 0x00, 0x00, 
    0x00, 0x00, 0x00, 0x00, 0x00, 0x00, 0x0a, 0xff, 0xff, 0xa0, 0x00, 0x00, 0x00, 0x00, 0x00, 0x00, 
    0x00, 0x00, 0x00, 0x00, 0x00, 0x03, 0x9e, 0xff, 0xff, 0xe9, 0x30, 0x00, 0x00, 0x00, 0x00, 0x00, 
    0x00, 0x00, 0x00, 0x00, 0x00, 0x8f, 0xff, 0xff, 0xff, 0xff, 0xf8, 0x00, 0x00, 0x00, 0x00, 0x00, 
    0x00, 0x00, 0x00, 0x00, 0x0a, 0xff, 0xff, 0xff, 0xff, 0xff, 0xff, 0xa0, 0x00, 0x00, 0x00, 0x00, 
    0x00, 0x00, 0x00, 0x00, 0x8f, 0xff, 0xff, 0xff, 0xff, 0xff, 0xff, 0xf8, 0x00, 0x00, 0x00, 0x00, 
    0x00, 0x00, 0x00, 0x03, 0xff, 0xff, 0xff, 0xff, 0xff, 0xff, 0xff, 0xff, 0x20, 0x00, 0x00, 0x00, 
    0x00, 0x00, 0x00, 0x09, 0xff, 0xff, 0xff, 0xff, 0xff, 0xff, 0xff, 0xff, 0x90, 0x00, 0x00, 0x00, 
    0x00, 0x00, 0x00, 0x0e, 0xff, 0xff, 0xff, 0xff, 0xff, 0xff, 0xff, 0xff, 0xe0, 0x00, 0x00, 0x00, 
    0x00, 0x00, 0x00, 0x3f, 0xff, 0xff, 0xff, 0xff, 0xff, 0xff, 0xff, 0xff, 0xf3, 0x00, 0x00, 0x00, 
    0x00, 0x00, 0x00, 0x4f, 0xff, 0xff, 0xff, 0xff, 0xff, 0xff, 0xff, 0xff, 0xf4, 0x00, 0x00, 0x00, 
    0x00, 0x00, 0x00, 0x5f, 0xff, 0xff, 0xff, 0xff, 0xff, 0xff, 0xff, 0xff, 0xf5, 0x00, 0x00, 0x00, 
    0x00, 0x00, 0x00, 0x5f, 0xff, 0xff, 0xff, 0xff, 0xff, 0xff, 0xff, 0xff, 0xf5, 0x00, 0x00, 0x00, 
    0x00, 0x00, 0x00, 0x5f, 0xff, 0xff, 0xff, 0xff, 0xff, 0xff, 0xff, 0xff, 0xf5, 0x00, 0x00, 0x00, 
    0x00, 0x00, 0x00, 0x5f, 0xff, 0xff, 0xff, 0xff, 0xff, 0xff, 0xff, 0xff, 0xf5, 0x00, 0x00, 0x00, 
    0x00, 0x00, 0x00, 0x5f, 0xff, 0xff, 0xff, 0xff, 0xff, 0xff, 0xff, 0xff, 0xf5, 0x00, 0x00, 0x00, 
    0x00, 0x00, 0x00, 0x5f, 0xff, 0xff, 0xff, 0xff, 0xff, 0xff, 0xff, 0xff, 0xf5, 0x00, 0x00, 0x00, 
    0x00, 0x00, 0x00, 0x5f, 0xff, 0xff, 0xff, 0xff, 0xff, 0xff, 0xff, 0xff, 0xf5, 0x00, 0x00, 0x00, 
    0x00, 0x00, 0x00, 0x5f, 0xff, 0xff, 0xff, 0xff, 0xff, 0xff, 0xff, 0xff, 0xf5, 0x00, 0x00, 0x00, 
    0x00, 0x00, 0x01, 0xcf, 0xff, 0xff, 0xff, 0xff, 0xff, 0xff, 0xff, 0xff, 0xfc, 0x10, 0x00, 0x00, 
    0x00, 0x00, 0x1c, 0xff, 0xff, 0xff, 0xff, 0xff, 0xff, 0xff, 0xff, 0xff, 0xff, 0xc1, 0x00, 0x00, 
    0x00, 0x00, 0xcf, 0xff, 0xff, 0xff, 0xff, 0xff, 0xff, 0xff, 0xff, 0xff, 0xff, 0xfc, 0x00, 0x00, 
    0x00, 0x00, 0xff, 0xff, 0xff, 0xff, 0xff, 0xff, 0xff, 0xff, 0xff, 0xff, 0xff, 0xff, 0x00, 0x00, 
    0x00, 0x00, 0x00, 0x00, 0x00, 0x00, 0x00, 0x00, 0x00, 0x00, 0x00, 0x00, 0x00, 0x00, 0x00, 0x00, 
    0x00, 0x00, 0x00, 0x00, 0x00, 0x00, 0x09, 0xff, 0xff, 0x90, 0x00, 0x00, 0x00, 0x00, 0x00, 0x00, 
    0x00, 0x00, 0x00, 0x00, 0x00, 0x00, 0x04, 0xff, 0xff, 0x40, 0x00, 0x00, 0x00, 0x00, 0x00, 0x00, 
    0x00, 0x00, 0x00, 0x00, 0x00, 0x00, 0x00, 0x5b, 0xb5, 0x00, 0x00, 0x00, 0x00, 0x00, 0x00, 0x00, 
    0x00, 0x00, 0x00, 0x00, 0x00, 0x00, 0x00, 0x00, 0x00, 0x00, 0x00, 0x00, 0x00, 0x00, 0x00, 0x00, 
    0x00, 0x00, 0x00, 0x00, 0x00, 0x00, 0x00, 0x00, 0x00, 0x00, 0x00, 0x00, 0x00, 0x00, 0x00, 0x00, 
    0x00, 0x00, 0x00, 0x00, 0x00, 0x00, 0x00, 0x00, 0x00, 0x00, 0x00, 0x00, 0x00, 0x00, 0x00, 0x00, 
    0x00, 0x00, 0x00, 0x00, 0x00, 0x00, 0x00, 0x00, 0x00, 0x00, 0x00, 0x00, 0x00, 0x00, 0x00, 0x00, 
    0x00, 0x00, 0x00, 0x00, 0x00, 0x00, 0x14, 0x78, 0x98, 0x63, 0x00, 0x00, 0x00, 0x00, 0x00, 0x00, 
    0x00, 0x00, 0x00, 0x00, 0x00, 0x4b, 0xff, 0xff, 0xff, 0xff, 0xd8, 0x10, 0x00, 0x00, 0x00, 0x00, 
    0x00, 0x00, 0x00, 0x00, 0x2b, 0xff, 0xff, 0xff, 0xff, 0xff, 0xff, 0xe8, 0x00, 0x00, 0x00, 0x00, 
    0x00, 0x00, 0x00, 0x04, 0xef, 0xff, 0xb6, 0x31, 0x01, 0x48, 0xdf, 0xff, 0xb1, 0x00, 0x00, 0x00, 
    0x00, 0x00, 0x00, 0x5f, 0xff, 0xb3, 0x00, 0x00, 0x00, 0x00, 0x06, 0xef, 0xfd, 0x10, 0x00, 0x00, 
    0x00, 0x00, 0x03, 0xef, 0xf7, 0x00, 0x00, 0x00, 0x00, 0x00, 0x00, 0x1c, 0xff, 0xb0, 0x00, 0x00, 
    0x00, 0x00, 0x0d, 0xff, 0x70, 0x00, 0x00, 0x00, 0x00, 0x00, 0x00, 0x01, 0xcf, 0xf8, 0x00, 0x00, 
    0x00, 0x00, 0x6f, 0xf9, 0x00, 0x00, 0x00, 0x0f, 0xf0, 0x00, 0x00, 0x00, 0x1e, 0xfe, 0x10, 0x00, 
    0x00, 0x00, 0xef, 0xe1, 0x00, 0x00, 0x00, 0x0f, 0xf0, 0x00, 0x00, 0x00, 0x06, 0xff, 0x80, 0x00, 
    0x00, 0x04, 0xff, 0x70, 0x00, 0x00, 0x00, 0x0f, 0xf0, 0x00, 0x00, 0x00, 0x00, 0xdf, 0xd0, 0x00, 
    0x00, 0x09, 0xff, 0x20, 0x00, 0x00, 0x00, 0x0f, 0xf0, 0x00, 0x00, 0x00, 0x00, 0x8f, 0xf3, 0x00, 
    0x00, 0x0c, 0xfd, 0x00, 0x00, 0x00, 0x00, 0x0f, 0xf0, 0x00, 0x00, 0x00, 0x00, 0x4f, 0xf6, 0x00, 
    0x00, 0x0d, 0xfb, 0x00, 0x00, 0x00, 0x00, 0x0f, 0xf0, 0x00, 0x00, 0x00, 0x00, 0x1f, 0xf8, 0x00, 
    0x00, 0x0f, 0xfa, 0x00, 0x00, 0x00, 0x00, 0x0f, 0xf0, 0x00, 0x00, 0x00, 0x00, 0x0f, 0xf9, 0x00, 
    0x00, 0x0e, 0xfa, 0x00, 0x00, 0x00, 0x00, 0x0f, 0xfb, 0x20, 0x00, 0x00, 0x00, 0x1f, 0xf8, 0x00, 
    0x00, 0x0d, 0xfc, 0x00, 0x00, 0x00, 0x00, 0x05, 0xdf, 0xf8, 0x10, 0x00, 0x00, 0x3f, 0xf7, 0x00, 
    0x00, 0x0a, 0xff, 0x10, 0x00, 0x00, 0x00, 0x00, 0x18, 0xff, 0xd5, 0x00, 0x00, 0x6f, 0xf4, 0x00, 
    0x00, 0x07, 0xff, 0x50, 0x00, 0x00, 0x00, 0x00, 0x00, 0x2b, 0xff, 0xa0, 0x00, 0xbf, 0xf1, 0x00, 
    0x00, 0x02, 0xff, 0xc0, 0x00, 0x00, 0x00, 0x00, 0x00, 0x00, 0x5d, 0x70, 0x03, 0xff, 0xb0, 0x00, 
    0x00, 0x00, 0xaf, 0xf6, 0x00, 0x00, 0x00, 0x00, 0x00, 0x00, 0x01, 0x00, 0x0b, 0xff, 0x40, 0x00, 
    0x00, 0x00, 0x2f, 0xfe, 0x20, 0x00, 0x00, 0x00, 0x00, 0x00, 0x00, 0x00, 0x7f, 0xfb, 0x00, 0x00, 
    0x00, 0x00, 0x07, 0xff, 0xd2, 0x00, 0x00, 0x00, 0x00, 0x00, 0x00, 0x07, 0xff, 0xe2, 0x00, 0x00, 
    0x00, 0x00, 0x00, 0xaf, 0xfe, 0x60, 0x00, 0x00, 0x00, 0x00, 0x01, 0x9f, 0xff, 0x40, 0x00, 0x00, 
    0x00, 0x00, 0x00, 0x0a, 0xff, 0xfc, 0x51, 0x00, 0x00, 0x02, 0x7e, 0xff, 0xe5, 0x00, 0x00, 0x00, 
    0x00, 0x00, 0x00, 0x00, 0x7f, 0xff, 0xff, 0xca, 0xab, 0xdf, 0xff, 0xfd, 0x30, 0x00, 0x00, 0x00, 
    0x00, 0x00, 0x00, 0x00, 0x02, 0xaf, 0xff, 0xff, 0xff, 0xff, 0xfe, 0x60, 0x00, 0x00, 0x00, 0x00, 
    0x00, 0x00, 0x00, 0x00, 0x00, 0x02, 0x7a, 0xde, 0xfd, 0xc9, 0x40, 0x00, 0x00, 0x00, 0x00, 0x00, 
    0x00, 0x00, 0x00, 0x00, 0x00, 0x00, 0x00, 0x00, 0x00, 0x00, 0x00, 0x00, 0x00, 0x00, 0x00, 0x00, 
    0x00, 0x00, 0x00, 0x00, 0x00, 0x00, 0x00, 0x00, 0x00, 0x00, 0x00, 0x00, 0x00, 0x00, 0x00, 0x00, 
    0x00, 0x00, 0x00, 0x00, 0x00, 0x00, 0x00, 0x00, 0x00, 0x00, 0x00, 0x00, 0x00, 0x00, 0x00, 0x00, 
};

static const lv_font_fmt_txt_glyph_dsc_t ui_font_mdi_32_glyph_dsc[] = {
    {.bitmap_index = 0, .adv_w = 0, .box_w = 0, .box_h = 0, .ofs_x = 0, .ofs_y = 0},
    {.bitmap_index = 0, .adv_w = 512, .box_w = 32, .box_h = 32, .ofs_x = 0, .ofs_y = 0} /* lightbulb */,
    {.bitmap_index = 512, .adv_w = 512, .box_w = 32, .box_h = 32, .ofs_x = 0, .ofs_y = 0} /* battery-charging */,
    {.bitmap_index = 1024, .adv_w = 512, .box_w = 32, .box_h = 32, .ofs_x = 0, .ofs_y = 0} /* water */,
    {.bitmap_index = 1536, .adv_w = 512, .box_w = 32, .box_h = 32, .ofs_x = 0, .ofs_y = 0} /* thermometer */,
    {.bitmap_index = 2048, .adv_w = 512, .box_w = 32, .box_h = 32, .ofs_x = 0, .ofs_y = 0} /* toggle-switch */,
    {.bitmap_index = 2560, .adv_w = 512, .box_w = 32, .box_h = 32, .ofs_x = 0, .ofs_y = 0} /* spirit-level */,
    {.bitmap_index = 3072, .adv_w = 512, .box_w = 32, .box_h = 32, .ofs_x = 0, .ofs_y = 0} /* tune */,
    {.bitmap_index = 3584, .adv_w = 512, .box_w = 32, .box_h = 32, .ofs_x = 0, .ofs_y = 0} /* wifi */,
    {.bitmap_index = 4096, .adv_w = 512, .box_w = 32, .box_h = 32, .ofs_x = 0, .ofs_y = 0} /* battery */,
    {.bitmap_index = 4608, .adv_w = 512, .box_w = 32, .box_h = 32, .ofs_x = 0, .ofs_y = 0} /* water-pump */,
    {.bitmap_index = 5120, .adv_w = 512, .box_w = 32, .box_h = 32, .ofs_x = 0, .ofs_y = 0} /* fire */,
    {.bitmap_index = 5632, .adv_w = 512, .box_w = 32, .box_h = 32, .ofs_x = 0, .ofs_y = 0} /* snowflake */,
    {.bitmap_index = 6144, .adv_w = 512, .box_w = 32, .box_h = 32, .ofs_x = 0, .ofs_y = 0} /* alert-circle */,
    {.bitmap_index = 6656, .adv_w = 512, .box_w = 32, .box_h = 32, .ofs_x = 0, .ofs_y = 0} /* solar-power */,
    {.bitmap_index = 7168, .adv_w = 512, .box_w = 32, .box_h = 32, .ofs_x = 0, .ofs_y = 0} /* check-bold */,
    {.bitmap_index = 7680, .adv_w = 512, .box_w = 32, .box_h = 32, .ofs_x = 0, .ofs_y = 0} /* home */,
    {.bitmap_index = 8192, .adv_w = 512, .box_w = 32, .box_h = 32, .ofs_x = 0, .ofs_y = 0} /* fan */,
    {.bitmap_index = 8704, .adv_w = 512, .box_w = 32, .box_h = 32, .ofs_x = 0, .ofs_y = 0} /* cog */,
    {.bitmap_index = 9216, .adv_w = 512, .box_w = 32, .box_h = 32, .ofs_x = 0, .ofs_y = 0} /* eye */,
    {.bitmap_index = 9728, .adv_w = 512, .box_w = 32, .box_h = 32, .ofs_x = 0, .ofs_y = 0} /* sliders */,
    {.bitmap_index = 10240, .adv_w = 512, .box_w = 32, .box_h = 32, .ofs_x = 0, .ofs_y = 0} /* bell */,
    {.bitmap_index = 10752, .adv_w = 512, .box_w = 32, .box_h = 32, .ofs_x = 0, .ofs_y = 0} /* clock */,
};

static const lv_font_fmt_txt_cmap_t ui_font_mdi_32_cmaps[] = {
    {
        .range_start = 0xE001,
        .range_length = 22,
        .glyph_id_start = 1,
        .unicode_list = NULL,
        .glyph_id_ofs_list = NULL,
        .list_length = 0,
        .type = LV_FONT_FMT_TXT_CMAP_FORMAT0_TINY
    }
};

static lv_font_fmt_txt_glyph_cache_t ui_font_mdi_32_cache;
static const lv_font_fmt_txt_dsc_t ui_font_mdi_32_font_dsc = {
    .glyph_bitmap = ui_font_mdi_32_bitmap,
    .glyph_dsc = ui_font_mdi_32_glyph_dsc,
    .cmaps = ui_font_mdi_32_cmaps,
    .kern_dsc = NULL,
    .kern_scale = 0,
    .cmap_num = 1,
    .bpp = 4,
    .kern_classes = 0,
    .bitmap_format = 0,
    .cache = &ui_font_mdi_32_cache
};

const lv_font_t ui_font_mdi_32 = {
    .get_glyph_dsc = lv_font_get_glyph_dsc_fmt_txt,
    .get_glyph_bitmap = lv_font_get_bitmap_fmt_txt,
    .line_height = 32,
    .base_line = 0,
    .subpx = LV_FONT_SUBPX_NONE,
    .underline_position = 0,
    .underline_thickness = 0,
    .dsc = &ui_font_mdi_32_font_dsc
};

/* Auto-generated ui_font_mdi_24 (24px) */
static const uint8_t ui_font_mdi_24_bitmap[] = {
    0x00, 0x00, 0x00, 0x00, 0x00, 0x00, 0x00, 0x00, 0x00, 0x00, 0x00, 0x00, 0x00, 0x00, 0x00, 0x00, 
    0x00, 0x00, 0x00, 0x00, 0x00, 0x00, 0x00, 0x00, 0x00, 0x00, 0x00, 0x00, 0x17, 0xce, 0xec, 0x71, 
    0x00, 0x00, 0x00, 0x00, 0x00, 0x00, 0x00, 0x05, 0xef, 0xff, 0xff, 0xfe, 0x40, 0x00, 0x00, 0x00, 
    0x00, 0x00, 0x00, 0x5f, 0xff, 0xff, 0xff, 0xff, 0xf4, 0x00, 0x00, 0x00, 0x00, 0x00, 0x01, 0xef, 
    0xff, 0xff, 0xff, 0xff, 0xfe, 0x10, 0x00, 0x00, 0x00, 0x00, 0x07, 0xff, 0xff, 0xff, 0xff, 0xff, 
    0xff, 0x70, 0x00, 0x00, 0x00, 0x00, 0x0c, 0xff, 0xff, 0xff, 0xff, 0xff, 0xff, 0xc0, 0x00, 0x00, 
    0x00, 0x00, 0x0e, 0xff, 0xff, 0xff, 0xff, 0xff, 0xff, 0xe0, 0x00, 0x00, 0x00, 0x00, 0x0e, 0xff, 
    0xff, 0xff, 0xff, 0xff, 0xff, 0xe0, 0x00, 0x00, 0x00, 0x00, 0x0c, 0xff, 0xff, 0xff, 0xff, 0xff, 
    0xff, 0xc0, 0x00, 0x00, 0x00, 0x00, 0x07, 0xff, 0xff, 0xff, 0xff, 0xff, 0xff, 0x70, 0x00, 0x00, 
    0x00, 0x00, 0x01, 0xef, 0xff, 0xff, 0xff, 0xff, 0xfe, 0x10, 0x00, 0x00, 0x00, 0x00, 0x00, 0x5f, 
    0xff, 0xff, 0xff, 0xff, 0xf5, 0x00, 0x00, 0x00, 0x00, 0x00, 0x00, 0x05, 0xff, 0xff, 0xff, 0xff, 
    0x40, 0x00, 0x00, 0x00, 0x00, 0x00, 0x00, 0x00, 0xff, 0xff, 0xff, 0xff, 0x00, 0x00, 0x00, 0x00, 
    0x00, 0x00, 0x00, 0x00, 0xff, 0xff, 0xff, 0xff, 0x00, 0x00, 0x00, 0x00, 0x00, 0x00, 0x00, 0x00, 
    0xcf, 0xff, 0xff, 0xfb, 0x00, 0x00, 0x00, 0x00, 0x00, 0x00, 0x00, 0x00, 0x00, 0x00, 0x00, 0x00, 
    0x00, 0x00, 0x00, 0x00, 0x00, 0x00, 0x00, 0x00, 0x00, 0x00, 0x00, 0x00, 0x00, 0x00, 0x00, 0x00, 
    0x00, 0x00, 0x00, 0x00, 0x0f, 0xff, 0xff, 0xe0, 0x00, 0x00, 0x00, 0x00, 0x00, 0x00, 0x00, 0x00, 
    0x0c, 0xff, 0xff, 0xc0, 0x00, 0x00, 0x00, 0x00, 0x00, 0x00, 0x00, 0x00, 0x00, 0x00, 0x00, 0x00, 
    0x00, 0x00, 0x00, 0x00, 0x00, 0x00, 0x00, 0x00, 0x00, 0x00, 0x00, 0x00, 0x00, 0x00, 0x00, 0x00, 
    0x00, 0x00, 0x00, 0x00, 0x00, 0x00, 0x00, 0x00, 0x00, 0x00, 0x00, 0x00, 0x00, 0x00, 0x00, 0x00, 
    0x00, 0x00, 0x00, 0x00, 0x00, 0x00, 0x00, 0x00, 0x00, 0x00, 0x00, 0x00, 0x0f, 0xff, 0xff, 0xf0, 
    0x00, 0x00, 0x00, 0x00, 0x00, 0x00, 0x00, 0x00, 0x0f, 0xff, 0xff, 0xf0, 0x00, 0x00, 0x00, 0x00, 
    0x00, 0x00, 0x00, 0x9f, 0xff, 0xff, 0xff, 0xff, 0xf9, 0x00, 0x00, 0x00, 0x00, 0x00, 0x00, 0xff, 
    0xff, 0xff, 0xff, 0xff, 0xff, 0x00, 0x00, 0x00, 0x00, 0x00, 0x00, 0xff, 0x00, 0x00, 0x00, 0x00, 
    0xff, 0x00, 0x00, 0x00, 0x00, 0x00, 0x00, 0xff, 0x00, 0x00, 0x00, 0x00, 0xff, 0x00, 0x00, 0x00, 
    0x00, 0x00, 0x00, 0xff, 0xff, 0xff, 0xff, 0xff, 0xff, 0x00, 0x00, 0x00, 0x00, 0x00, 0x00, 0xff, 
    0xff, 0xff, 0xff, 0xff, 0xff, 0x00, 0x00, 0x00, 0x00, 0x00, 0x00, 0xff, 0xff, 0xff, 0xff, 0xff, 
    0xff, 0x00, 0x00, 0x00, 0x00, 0x00, 0x00, 0xff, 0xff, 0xff, 0xff, 0xff, 0xff, 0x00, 0x00, 0x00, 
    0x00, 0x00, 0x00, 0xff, 0xff, 0xff, 0xff, 0xff, 0xff, 0x00, 0x00, 0x00, 0x00, 0x00, 0x00, 0xff, 
    0xff, 0xff, 0xff, 0xff, 0xff, 0x00, 0x00, 0x00, 0x00, 0x00, 0x00, 0xff, 0xff, 0xff, 0xff, 0xff, 
    0xff, 0x00, 0x00, 0x00, 0x00, 0x00, 0x00, 0xff, 0xff, 0xff, 0xff, 0xff, 0xff, 0x00, 0x00, 0x00, 
    0x00, 0x00, 0x00, 0xff, 0xff, 0xff, 0xff, 0xff, 0xff, 0x00, 0x00, 0x00, 0x00, 0x00, 0x00, 0xff, 
    0xff, 0xff, 0xff, 0xff, 0xff, 0x00, 0x00, 0x00, 0x00, 0x00, 0x00, 0xff, 0xff, 0xff, 0xff, 0xff, 
    0xff, 0x00, 0x00, 0x00, 0x00, 0x00, 0x00, 0xff, 0xff, 0xff, 0xff, 0xff, 0xff, 0x00, 0x00, 0x00, 
    0x00, 0x00, 0x00, 0xff, 0xff, 0xff, 0xff, 0xff, 0xff, 0x00, 0x00, 0x00, 0x00, 0x00, 0x00, 0x9f, 
    0xff, 0xff, 0xff, 0xff, 0xf9, 0x00, 0x00, 0x00, 0x00, 0x00, 0x00, 0x00, 0x00, 0x00, 0x00, 0x00, 
    0x00, 0x00, 0x00, 0x00, 0x00, 0x00, 0x00, 0x00, 0x00, 0x00, 0x00, 0x00, 0x00, 0x00, 0x00, 0x00, 
    0x00, 0x00, 0x00, 0x00, 0x00, 0x00, 0x00, 0x00, 0x00, 0x00, 0x00, 0x00, 0x00, 0x00, 0x00, 0x00, 
    0x00, 0x00, 0x00, 0x00, 0x00, 0x00, 0x00, 0x00, 0x00, 0x00, 0x00, 0x00, 0x00, 0x00, 0x00, 0x00, 
    0x00, 0x00, 0x00, 0x00, 0x00, 0x00, 0x00, 0x00, 0x00, 0x04, 0x40, 0x00, 0x00, 0x00, 0x00, 0x00, 
    0x00, 0x00, 0x00, 0x00, 0x00, 0x2e, 0xe2, 0x00, 0x00, 0x00, 0x00, 0x00, 0x00, 0x00, 0x00, 0x00, 
    0x00, 0xcf, 0xfc, 0x00, 0x00, 0x00, 0x00, 0x00, 0x00, 0x00, 0x00, 0x00, 0x08, 0xff, 0xff, 0x80, 
    0x00, 0x00, 0x00, 0x00, 0x00, 0x00, 0x00, 0x00, 0x4f, 0xff, 0xff, 0xf4, 0x00, 0x00, 0x00, 0x00, 
    0x00, 0x00, 0x00, 0x00, 0xdf, 0xff, 0xff, 0xfd, 0x00, 0x00, 0x00, 0x00, 0x00, 0x00, 0x00, 0x07, 
    0xff, 0xff, 0xff, 0xff, 0x70, 0x00, 0x00, 0x00, 0x00, 0x00, 0x00, 0x1e, 0xff, 0xff, 0xff, 0xff, 
    0xe1, 0x00, 0x00, 0x00, 0x00, 0x00, 0x00, 0x6f, 0xff, 0xff, 0xff, 0xff, 0xf6, 0x00, 0x00, 0x00, 
    0x00, 0x00, 0x00, 0xbf, 0xff, 0xff, 0xff, 0xff, 0xfb, 0x00, 0x00, 0x00, 0x00, 0x00, 0x00, 0xef, 
    0xff, 0xff, 0xff, 0xff, 0xfe, 0x00, 0x00, 0x00, 0x00, 0x00, 0x00, 0xef, 0xff, 0xff, 0xff, 0xff, 
    0xfe, 0x00, 0x00, 0x00, 0x00, 0x00, 0x00, 0xcf, 0xff, 0xff, 0xff, 0xff, 0xfc, 0x00, 0x00, 0x00, 
    0x00, 0x00, 0x00, 0x6f, 0xff, 0xff, 0xff, 0xff, 0xf6, 0x00, 0x00, 0x00, 0x00, 0x00, 0x00, 0x0c, 
    0xff, 0xff, 0xff, 0xff, 0xc0, 0x00, 0x00, 0x00, 0x00, 0x00, 0x00, 0x02, 0xcf, 0xff, 0xff, 0xfc, 
    0x20, 0x00, 0x00, 0x00, 0x00, 0x00, 0x00, 0x00, 0x06, 0xce, 0xec, 0x60, 0x00, 0x00, 0x00, 0x00, 
    0x00, 0x00, 0x00, 0x00, 0x00, 0x00, 0x00, 0x00, 0x00, 0x00, 0x00, 0x00, 0x00, 0x00, 0x00, 0x00, 
    0x00, 0x00, 0x00, 0x00, 0x00, 0x00, 0x00, 0x00, 0x00, 0x00, 0x00, 0x00, 0x00, 0x00, 0x00, 0x00, 
    0x00, 0x00, 0x00, 0x00, 0x00, 0x00, 0x00, 0x00, 0x00, 0x00, 0x00, 0x00, 0x00, 0x00, 0x00, 0x00, 
    0x00, 0x00, 0x00, 0x00, 0x00, 0x00, 0x00, 0x00, 0x00, 0x00, 0x00, 0x00, 0x00, 0x00, 0x00, 0x00, 
    0x00, 0x00, 0x00, 0x00, 0x00, 0x00, 0x00, 0x00, 0x00, 0x00, 0x00, 0x00, 0x00, 0x8d, 0xd8, 0x00, 
    0x00, 0x00, 0x00, 0x00, 0x00, 0x00, 0x00, 0x00, 0x08, 0xff, 0xff, 0x80, 0x00, 0x00, 0x00, 0x00, 
    0x00, 0x00, 0x00, 0x00, 0x0e, 0xf4, 0x4f, 0xd0, 0x00, 0x00, 0x00, 0x00, 0x00, 0x00, 0x00, 0x00, 
    0x0f, 0xf0, 0x0f, 0xf0, 0x00, 0x00, 0x00, 0x00, 0x00, 0x00, 0x00, 0x00, 0x0f, 0xf0, 0x0f, 0xf0, 
    0x00, 0x00, 0x00, 0x00, 0x00, 0x00, 0x00, 0x00, 0x0f, 0xf0, 0x0f, 0xf0, 0x00, 0x00, 0x00, 0x00, 
    0x00, 0x00, 0x00, 0x00, 0x0f, 0xff, 0xff, 0xf0, 0x00, 0x00, 0x00, 0x00, 0x00, 0x00, 0x00, 0x00, 
    0x0f, 0xff, 0xff, 0xf0, 0x00, 0x00, 0x00, 0x00, 0x00, 0x00, 0x00, 0x00, 0x0f, 0xff, 0xff, 0xf0, 
    0x00, 0x00, 0x00, 0x00, 0x00, 0x00, 0x00, 0x00, 0x0f, 0xff, 0xff, 0xf0, 0x00, 0x00, 0x00, 0x00, 
    0x00, 0x00, 0x00, 0x00, 0x0f, 0xff, 0xff, 0xf0, 0x00, 0x00, 0x00, 0x00, 0x00, 0x00, 0x00, 0x00, 
    0x7f, 0xff, 0xff, 0xf7, 0x00, 0x00, 0x00, 0x00, 0x00, 0x00, 0x00, 0x04, 0xff, 0xff, 0xff, 0xff, 
    0x40, 0x00, 0x00, 0x00, 0x00, 0x00, 0x00, 0x0b, 0xff, 0xff, 0xff, 0xff, 0xb0, 0x00, 0x00, 0x00, 
    0x00, 0x00, 0x00, 0x0e, 0xff, 0xff, 0xff, 0xff, 0xe0, 0x00, 0x00, 0x00, 0x00, 0x00, 0x00, 0x0e, 
    0xff, 0xff, 0xff, 0xff, 0xe0, 0x00, 0x00, 0x00, 0x00, 0x00, 0x00, 0x0b, 0xff, 0xff, 0xff, 0xff, 
    0xb0, 0x00, 0x00, 0x00, 0x00, 0x00, 0x00, 0x04, 0xff, 0xff, 0xff, 0xff, 0x40, 0x00, 0x00, 0x00, 
    0x00, 0x00, 0x00, 0x00, 0x7f, 0xff, 0xff, 0xf7, 0x00, 0x00, 0x00, 0x00, 0x00, 0x00, 0x00, 0x00, 
    0x04, 0xbe, 0xeb, 0x40, 0x00, 0x00, 0x00, 0x00, 0x00, 0x00, 0x00, 0x00, 0x00, 0x00, 0x00, 0x00, 
    0x00, 0x00, 0x00, 0x00, 0x00, 0x00, 0x00, 0x00, 0x00, 0x00, 0x00, 0x00, 0x00, 0x00, 0x00, 0x00, 
    0x00, 0x00, 0x00, 0x00, 0x00, 0x00, 0x00, 0x00, 0x00, 0x00, 0x00, 0x00, 0x00, 0x00, 0x00, 0x00, 
    0x00, 0x00, 0x00, 0x00, 0x00, 0x00, 0x00, 0x00, 0x00, 0x00, 0x00, 0x00, 0x00, 0x00, 0x00, 0x00, 
    0x00, 0x00, 0x00, 0x00, 0x00, 0x00, 0x00, 0x00, 0x00, 0x00, 0x00, 0x00, 0x00, 0x00, 0x00, 0x00, 
    0x00, 0x00, 0x00, 0x00, 0x00, 0x00, 0x00, 0x00, 0x00, 0x00, 0x00, 0x00, 0x00, 0x00, 0x5b, 0xef, 
    0xff, 0xff, 0xff, 0xff, 0xfe, 0xb4, 0x00, 0x00, 0x00, 0x08, 0xff, 0xff, 0xff, 0xff, 0xff, 0xff, 
    0xff, 0xff, 0x70, 0x00, 0x00, 0x5f, 0xff, 0xff, 0xff, 0xff, 0xff, 0xf7, 0x11, 0x7f, 0xf4, 0x00, 
    0x00, 0xbf, 0xff, 0xff, 0xff, 0xff, 0xff, 0x70, 0x00, 0x07, 0xfb, 0x00, 0x00, 0xef, 0xff, 0xff, 
    0xff, 0xff, 0xff, 0x10, 0x00, 0x01, 0xfe, 0x00, 0x00, 0xef, 0xff, 0xff, 0xff, 0xff, 0xff, 0x10, 
    0x00, 0x01, 0xfe, 0x00, 0x00, 0xbf, 0xff, 0xff, 0xff, 0xff, 0xff, 0x70, 0x00, 0x07, 0xfb, 0x00, 
    0x00, 0x5f, 0xff, 0xff, 0xff, 0xff, 0xff, 0xf7, 0x11, 0x7f, 0xf4, 0x00, 0x00, 0x08, 0xff, 0xff, 
    0xff, 0xff, 0xff, 0xff, 0xff, 0xff, 0x80, 0x00, 0x00, 0x00, 0x5b, 0xef, 0xff, 0xff, 0xff, 0xff, 
    0xfe, 0xb4, 0x00, 0x00, 0x00, 0x00, 0x00, 0x00, 0x00, 0x00, 0x00, 0x00, 0x00, 0x00, 0x00, 0x00, 
    0x00, 0x00, 0x00, 0x00, 0x00, 0x00, 0x00, 0x00, 0x00, 0x00, 0x00, 0x00, 0x00, 0x00, 0x00, 0x00, 
    0x00, 0x00, 0x00, 0x00, 0x00, 0x00, 0x00, 0x00, 0x00, 0x00, 0x00, 0x00, 0x00, 0x00, 0x00, 0x00, 
    0x00, 0x00, 0x00, 0x00, 0x00, 0x00, 0x00, 0x00, 0x00, 0x00, 0x00, 0x00, 0x00, 0x00, 0x00, 0x00, 
    0x00, 0x00, 0x00, 0x00, 0x00, 0x00, 0x00, 0x00, 0x00, 0x00, 0x00, 0x00, 0x00, 0x00, 0x00, 0x00, 
    0x00, 0x00, 0x00, 0x00, 0x00, 0x00, 0x00, 0x00, 0x00, 0x00, 0x00, 0x00, 0x00, 0x00, 0x00, 0x00, 
    0x00, 0x00, 0x00, 0x00, 0x00, 0x00, 0x00, 0x00, 0x00, 0x00, 0x00, 0x00, 0x00, 0x00, 0x00, 0x00, 
    0x00, 0x00, 0x00, 0x00, 0x00, 0x00, 0x00, 0x00, 0x00, 0x00, 0x00, 0x00, 0x00, 0x00, 0x00, 0x00, 
    0x00, 0x00, 0x00, 0x00, 0x00, 0x00, 0x00, 0x00, 0x00, 0x00, 0x00, 0x00, 0x00, 0x00, 0x00, 0x00, 
    0x00, 0x00, 0x00, 0x00, 0x00, 0x00, 0x00, 0x00, 0x00, 0x00, 0x00, 0x00, 0x00, 0x00, 0x00, 0x00, 
    0x00, 0x00, 0x00, 0x00, 0x00, 0x00, 0x00, 0x00, 0x00, 0x00, 0x00, 0x00, 0x00, 0xff, 0xff, 0xff, 
    0xff, 0xff, 0xff, 0xff, 0xff, 0xff, 0xfe, 0x00, 0x00, 0xff, 0xff, 0xff, 0xff, 0xff, 0xff, 0xff, 
    0xff, 0xff, 0xff, 0x00, 0x00, 0xff, 0x00, 0xf0, 0x0d, 0xff, 0xff, 0xd0, 0x0f, 0x00, 0xff, 0x00, 
    0x00, 0xff, 0x00, 0xf0, 0x05, 0xef, 0xfe, 0x40, 0x0f, 0x00, 0xff, 0x00, 0x00, 0xff, 0x00, 0xf0, 
    0x00, 0x00, 0x00, 0x00, 0x0f, 0x00, 0xff, 0x00, 0x00, 0xff, 0x00, 0xf0, 0x00, 0x00, 0x00, 0x00, 
    0x0f, 0x00, 0xff, 0x00, 0x00, 0xff, 0xff, 0xff, 0xff, 0xff, 0xff, 0xff, 0xff, 0xff, 0xff, 0x00, 
    0x00, 0xff, 0xff, 0xff, 0xff, 0xff, 0xff, 0xff, 0xff, 0xff, 0xff, 0x00, 0x00, 0x00, 0x00, 0x00, 
    0x00, 0x00, 0x00, 0x00, 0x00, 0x00, 0x00, 0x00, 0x00, 0x00, 0x00, 0x00, 0x00, 0x00, 0x00, 0x00, 
    0x00, 0x00, 0x00, 0x00, 0x00, 0x00, 0x00, 0x00, 0x00, 0x00, 0x00, 0x00, 0x00, 0x00, 0x00, 0x00, 
    0x00, 0x00, 0x00, 0x00, 0x00, 0x00, 0x00, 0x00, 0x00, 0x00, 0x00, 0x00, 0x00, 0x00, 0x00, 0x00, 
    0x00, 0x00, 0x00, 0x00, 0x00, 0x00, 0x00, 0x00, 0x00, 0x00, 0x00, 0x00, 0x00, 0x00, 0x00, 0x00, 
    0x00, 0x00, 0x00, 0x00, 0x00, 0x00, 0x00, 0x00, 0x00, 0x00, 0x00, 0x00, 0x00, 0x00, 0x00, 0x00, 
    0x00, 0x00, 0x00, 0x00, 0x00, 0x00, 0x00, 0x00, 0x00, 0x00, 0x00, 0x00, 0x00, 0x00, 0x00, 0x00, 
    0x00, 0x00, 0x00, 0x00, 0x00, 0x00, 0x00, 0x00, 0x00, 0x00, 0x00, 0x00, 0x00, 0x00, 0x00, 0x00, 
    0x00, 0x00, 0x00, 0x00, 0x00, 0x00, 0x00, 0x00, 0x00, 0x00, 0x00, 0x00, 0x00, 0x00, 0x00, 0x00, 
    0x00, 0x00, 0x00, 0x00, 0x00, 0x00, 0x00, 0x00, 0x00, 0x00, 0x00, 0x00, 0x00, 0x00, 0x00, 0x00, 
    0x00, 0x00, 0x00, 0x00, 0x00, 0x00, 0x00, 0x00, 0x00, 0x00, 0x00, 0x00, 0x00, 0x00, 0x00, 0x0f, 
    0xf0, 0x00, 0x00, 0x00, 0x00, 0x00, 0x00, 0x00, 0x00, 0x00, 0x00, 0x0f, 0xf0, 0x00, 0x00, 0x00, 
    0x00, 0x0f, 0xff, 0xff, 0xff, 0xff, 0xe0, 0x0f, 0xff, 0xff, 0xf0, 0x00, 0x00, 0x0f, 0xff, 0xff, 
    0xff, 0xff, 0xf0, 0x0f, 0xff, 0xff, 0xf0, 0x00, 0x00, 0x00, 0x00, 0x00, 0x00, 0x00, 0x00, 0x0f, 
    0xf0, 0x00, 0x00, 0x00, 0x00, 0x00, 0x00, 0x00, 0x00, 0x00, 0x00, 0x0f, 0xf0, 0x00, 0x00, 0x00, 
    0x00, 0x00, 0x00, 0x0f, 0xf0, 0x00, 0x00, 0x00, 0x00, 0x00, 0x00, 0x00, 0x00, 0x00, 0x00, 0x0f, 
    0xf0, 0x00, 0x00, 0x00, 0x00, 0x00, 0x00, 0x00, 0x00, 0x0f, 0xff, 0xff, 0xf0, 0x0f, 0xff, 0xff, 
    0xff, 0xff, 0xf0, 0x00, 0x00, 0x0f, 0xff, 0xff, 0xf0, 0x0f, 0xff, 0xff, 0xff, 0xff, 0xf0, 0x00, 
    0x00, 0x00, 0x00, 0x0f, 0xf0, 0x00, 0x00, 0x00, 0x00, 0x00, 0x00, 0x00, 0x00, 0x00, 0x00, 0x0f, 
    0xf0, 0x00, 0x00, 0x00, 0x00, 0x00, 0x00, 0x00, 0x00, 0x00, 0x00, 0x00, 0x00, 0x0f, 0xe0, 0x00, 
    0x00, 0x00, 0x00, 0x00, 0x00, 0x00, 0x00, 0x00, 0x00, 0x0f, 0xf0, 0x00, 0x00, 0x00, 0x00, 0x00, 
    0x00, 0x0f, 0xff, 0xff, 0xf0, 0x0f, 0xff, 0xff, 0xff, 0xff, 0xf0, 0x00, 0x00, 0x0f, 0xff, 0xff, 
    0xf0, 0x0f, 0xff, 0xff, 0xff, 0xff, 0xf0, 0x00, 0x00, 0x00, 0x00, 0x00, 0x00, 0x0f, 0xf0, 0x00, 
    0x00, 0x00, 0x00, 0x00, 0x00, 0x00, 0x00, 0x00, 0x00, 0x0f, 0xf0, 0x00, 0x00, 0x00, 0x00, 0x00, 
    0x00, 0x00, 0x00, 0x00, 0x00, 0x00, 0x00, 0x00, 0x00, 0x00, 0x00, 0x00, 0x00, 0x00, 0x00, 0x00, 
    0x00, 0x00, 0x00, 0x00, 0x00, 0x00, 0x00, 0x00, 0x00, 0x00, 0x00, 0x00, 0x00, 0x00, 0x00, 0x00, 
    0x00, 0x00, 0x00, 0x00, 0x00, 0x00, 0x00, 0x00, 0x00, 0x00, 0x00, 0x00, 0x00, 0x00, 0x00, 0x00, 
    0x00, 0x00, 0x00, 0x00, 0x00, 0x00, 0x00, 0x00, 0x00, 0x00, 0x00, 0x00, 0x00, 0x00, 0x00, 0x00, 
    0x00, 0x00, 0x00, 0x00, 0x00, 0x00, 0x00, 0x00, 0x00, 0x00, 0x00, 0x00, 0x00, 0x00, 0x00, 0x00, 
    0x00, 0x00, 0x00, 0x00, 0x00, 0x00, 0x00, 0x26, 0x9c, 0xde, 0xed, 0xc9, 0x62, 0x00, 0x00, 0x00, 
    0x00, 0x00, 0x5b, 0xff, 0xff, 0xff, 0xff, 0xff, 0xff, 0xb4, 0x00, 0x00, 0x00, 0x3c, 0xff, 0xff, 
    0xff, 0xff, 0xff, 0xff, 0xff, 0xff, 0xc3, 0x00, 0x07, 0xff, 0xff, 0xfb, 0x73, 0x21, 0x12, 0x37, 
    0xbf, 0xff, 0xff, 0x70, 0x02, 0xef, 0xe8, 0x20, 0x00, 0x00, 0x00, 0x00, 0x02, 0x8e, 0xfe, 0x20, 
    0x00, 0x6a, 0x20, 0x00, 0x00, 0x00, 0x00, 0x00, 0x00, 0x02, 0xa6, 0x00, 0x00, 0x00, 0x00, 0x01, 
    0x7a, 0xde, 0xed, 0xa7, 0x10, 0x00, 0x00, 0x00, 0x00, 0x00, 0x02, 0xaf, 0xff, 0xff, 0xff, 0xff, 
    0xf9, 0x20, 0x00, 0x00, 0x00, 0x00, 0x1e, 0xff, 0xff, 0xff, 0xff, 0xff, 0xff, 0xe1, 0x00, 0x00, 
    0x00, 0x00, 0x06, 0xff, 0xb5, 0x21, 0x12, 0x5b, 0xff, 0x60, 0x00, 0x00, 0x00, 0x00, 0x00, 0x73, 
    0x00, 0x00, 0x00, 0x00, 0x37, 0x00, 0x00, 0x00, 0x00, 0x00, 0x00, 0x00, 0x00, 0x00, 0x00, 0x00, 
    0x00, 0x00, 0x00, 0x00, 0x00, 0x00, 0x00, 0x00, 0x06, 0xce, 0xec, 0x60, 0x00, 0x00, 0x00, 0x00, 
    0x00, 0x00, 0x00, 0x00, 0x5f, 0xff, 0xff, 0xf5, 0x00, 0x00, 0x00, 0x00, 0x00, 0x00, 0x00, 0x00, 
    0x0a, 0xff, 0xff, 0xa0, 0x00, 0x00, 0x00, 0x00, 0x00, 0x00, 0x00, 0x00, 0x01, 0xdf, 0xfd, 0x10, 
    0x00, 0x00, 0x00, 0x00, 0x00, 0x00, 0x00, 0x00, 0x00, 0x3e, 0xe3, 0x00, 0x00, 0x00, 0x00, 0x00, 
    0x00, 0x00, 0x00, 0x00, 0x00, 0x06, 0x60, 0x00, 0x00, 0x00, 0x00, 0x00, 0x00, 0x00, 0x00, 0x00, 
    0x00, 0x00, 0x00, 0x00, 0x00, 0x00, 0x00, 0x00, 0x00, 0x00, 0x00, 0x00, 0x00, 0x00, 0x00, 0x00, 
    0x00, 0x00, 0x00, 0x00, 0x00, 0x00, 0x00, 0x00, 0x00, 0x00, 0x00, 0x00, 0x00, 0x00, 0x00, 0x00, 
    0x00, 0x00, 0x00, 0x00, 0x00, 0x00, 0x00, 0x00, 0x00, 0x00, 0x00, 0x00, 0x00, 0x00, 0x00, 0x00, 
    0x00, 0x00, 0x00, 0x00, 0x00, 0x00, 0x00, 0x00, 0x00, 0x00, 0x00, 0x00, 0x0f, 0xff, 0xff, 0xf0, 
    0x00, 0x00, 0x00, 0x00, 0x00, 0x00, 0x00, 0x00, 0x0f, 0xff, 0xff, 0xf0, 0x00, 0x00, 0x00, 0x00, 
    0x00, 0x00, 0x00, 0x9f, 0xff, 0xff, 0xff, 0xff, 0xf9, 0x00, 0x00, 0x00, 0x00, 0x00, 0x00, 0xff, 
    0xff, 0xff, 0xff, 0xff, 0xff, 0x00, 0x00, 0x00, 0x00, 0x00, 0x00, 0xff, 0xff, 0xff, 0xff, 0xff, 
    0xff, 0x00, 0x00, 0x00, 0x00, 0x00, 0x00, 0xff, 0xff, 0xff, 0xff, 0xff, 0xff, 0x00, 0x00, 0x00, 
    0x00, 0x00, 0x00, 0xff, 0xff, 0xff, 0xff, 0xff, 0xff, 0x00, 0x00, 0x00, 0x00, 0x00, 0x00, 0xff, 
    0xff, 0xff, 0xff, 0xff, 0xff, 0x00, 0x00, 0x00, 0x00, 0x00, 0x00, 0xff, 0xff, 0xff, 0xff, 0xff, 
    0xff, 0x00, 0x00, 0x00, 0x00, 0x00, 0x00, 0xff, 0xff, 0xff, 0xff, 0xff, 0xff, 0x00, 0x00, 0x00, 
    0x00, 0x00, 0x00, 0xff, 0xff, 0xff, 0xff, 0xff, 0xff, 0x00, 0x00, 0x00, 0x00, 0x00, 0x00, 0xff, 
    0xff, 0xff, 0xff, 0xff, 0xff, 0x00, 0x00, 0x00, 0x00, 0x00, 0x00, 0xff, 0xff, 0xff, 0xff, 0xff, 
    0xff, 0x00, 0x00, 0x00, 0x00, 0x00, 0x00, 0xff, 0xff, 0xff, 0xff, 0xff, 0xff, 0x00, 0x00, 0x00, 
    0x00, 0x00, 0x00, 0xff, 0xff, 0xff, 0xff, 0xff, 0xff, 0x00, 0x00, 0x00, 0x00, 0x00, 0x00, 0xff, 
    0xff, 0xff, 0xff, 0xff, 0xff, 0x00, 0x00, 0x00, 0x00, 0x00, 0x00, 0xff, 0xff, 0xff, 0xff, 0xff, 
    0xff, 0x00, 0x00, 0x00, 0x00, 0x00, 0x00, 0xff, 0xff, 0xff, 0xff, 0xff, 0xff, 0x00, 0x00, 0x00, 
    0x00, 0x00, 0x00, 0xff, 0xff, 0xff, 0xff, 0xff, 0xff, 0x00, 0x00, 0x00, 0x00, 0x00, 0x00, 0x9f, 
    0xff, 0xff, 0xff, 0xff, 0xf9, 0x00, 0x00, 0x00, 0x00, 0x00, 0x00, 0x00, 0x00, 0x00, 0x00, 0x00, 
    0x00, 0x00, 0x00, 0x00, 0x00, 0x00, 0x00, 0x00, 0x00, 0x00, 0x00, 0x00, 0x00, 0x00, 0x00, 0x00, 
    0x00, 0x00, 0x00, 0x00, 0x00, 0x00, 0x00, 0x00, 0x00, 0x00, 0x00, 0x00, 0x00, 0x00, 0x00, 0x00, 
    0x00, 0x00, 0x00, 0x00, 0x00, 0x00, 0x00, 0x00, 0x00, 0x00, 0x04, 0xdf, 0xfd, 0x40, 0x00, 0x00, 
    0x00, 0x00, 0x00, 0x00, 0x00, 0x00, 0x0d, 0xff, 0xff, 0xd0, 0x00, 0x00, 0x00, 0x00, 0x00, 0x00, 
    0x00, 0x00, 0x0f, 0xff, 0xff, 0xf0, 0x00, 0x00, 0x00, 0x00, 0x00, 0x00, 0x00, 0x04, 0xdf, 0xff, 
    0xff, 0xff, 0xff, 0xff, 0xff, 0xfd, 0x40, 0x00, 0x00, 0x0e, 0xff, 0xff, 0xff, 0xff, 0xff, 0xff, 
    0xff, 0xff, 0xe0, 0x00, 0x00, 0x0e, 0xff, 0xff, 0xff, 0xff, 0xff, 0xff, 0xff, 0xff, 0xf0, 0x00, 
    0x00, 0x05, 0xdf, 0xff, 0xff, 0xff, 0xff, 0xff, 0xff, 0xff, 0xf0, 0x00, 0x00, 0x00, 0x0f, 0xff, 
    0xff, 0xf0, 0x00, 0x00, 0x0f, 0xff, 0xf0, 0x00, 0x00, 0x00, 0x0f, 0xff, 0xff, 0xf0, 0x00, 0x00, 
    0x0f, 0xff, 0xf0, 0x00, 0x00, 0x00, 0x0f, 0xff, 0xff, 0xf0, 0x00, 0x00, 0xbf, 0xff, 0xfb, 0x00, 
    0x00, 0x00, 0x0f, 0xff, 0xff, 0xf0, 0x00, 0x00, 0xcf, 0xff, 0xfc, 0x00, 0x00, 0x00, 0x0f, 0xff, 
    0xff, 0xf0, 0x00, 0x00, 0x00, 0x00, 0x00, 0x00, 0x00, 0x00, 0x0f, 0xff, 0xff, 0xf0, 0x00, 0x00, 
    0x00, 0x12, 0x00, 0x00, 0x00, 0x00, 0x0f, 0xff, 0xff, 0xf0, 0x00, 0x00, 0x00, 0xbc, 0x00, 0x00, 
    0x00, 0x00, 0x0f, 0xff, 0xff, 0xf0, 0x00, 0x00, 0x06, 0xff, 0x70, 0x00, 0x00, 0x00, 0x0f, 0xff, 
    0xff, 0xf0, 0x00, 0x00, 0x0d, 0xff, 0xe0, 0x00, 0x00, 0x4d, 0xff, 0xff, 0xff, 0xff, 0xd4, 0x00, 
    0x0d, 0xff, 0xe0, 0x00, 0x00, 0xdf, 0xff, 0xff, 0xff, 0xff, 0xfd, 0x00, 0x04, 0xee, 0x50, 0x00, 
    0x00, 0xff, 0xff, 0xff, 0xff, 0xff, 0xff, 0x00, 0x00, 0x00, 0x00, 0x00, 0x00, 0xff, 0xff, 0xff, 
    0xff, 0xff, 0xff, 0x00, 0x00, 0x00, 0x00, 0x00, 0x00, 0x00, 0x00, 0x00, 0x00, 0x00, 0x00, 0x00, 
    0x00, 0x00, 0x00, 0x00, 0x00, 0x00, 0x00, 0x00, 0x00, 0x00, 0x00, 0x00, 0x00, 0x00, 0x00, 0x00, 
    0x00, 0x00, 0x00, 0x00, 0x00, 0x00, 0x00, 0x00, 0x00, 0x00, 0x00, 0x00, 0x00, 0x00, 0x00, 0x00, 
    0x00, 0x00, 0x00, 0x00, 0x00, 0x00, 0x00, 0x00, 0x00, 0x00, 0x00, 0x00, 0x00, 0x00, 0x69, 0x00, 
    0x00, 0x00, 0x00, 0x00, 0x00, 0x00, 0x00, 0x00, 0x00, 0x1a, 0xf7, 0x00, 0x00, 0x00, 0x00, 0x00, 
    0x00, 0x00, 0x00, 0x00, 0x00, 0xaf, 0xf7, 0x00, 0x00, 0x00, 0x00, 0x00, 0x00, 0x00, 0x00, 0x00, 
    0x06, 0xff, 0xf9, 0x00, 0x00, 0x00, 0x00, 0x00, 0x00, 0x00, 0x00, 0x00, 0x0d, 0xff, 0xfe, 0x10, 
    0x00, 0x00, 0x00, 0x00, 0x00, 0x00, 0x00, 0x01, 0x3f, 0xff, 0xff, 0xa0, 0x00, 0x00, 0x00, 0x00, 
    0x00, 0x00, 0x00, 0x53, 0x6f, 0xff, 0xff, 0xfa, 0x10, 0x00, 0x00, 0x00, 0x00, 0x00, 0x01, 0xe1, 
    0x7f, 0xff, 0xff, 0xff, 0xd2, 0x00, 0x00, 0x00, 0x00, 0x00, 0x07, 0xf1, 0x6f, 0xff, 0x9f, 0xff, 
    0xfd, 0x00, 0x00, 0x00, 0x00, 0x00, 0x0c, 0xf5, 0x2f, 0xff, 0x56, 0xff, 0xff, 0x70, 0x00, 0x00, 
    0x00, 0x00, 0x0e, 0xfd, 0x1e, 0xff, 0x70, 0x6f, 0xff, 0xc0, 0x00, 0x00, 0x00, 0x00, 0x0e, 0xff, 
    0xef, 0xff, 0x90, 0x0c, 0xff, 0xf0, 0x00, 0x00, 0x00, 0x00, 0x0c, 0xff, 0xff, 0xff, 0x70, 0x09, 
    0xff, 0xe0, 0x00, 0x00, 0x00, 0x00, 0x08, 0xff, 0xff, 0xfc, 0x10, 0x0d, 0xff, 0xb0, 0x00, 0x00, 
    0x00, 0x00, 0x02, 0xff, 0xff, 0xd1, 0x00, 0x9f, 0xff, 0x50, 0x00, 0x00, 0x00, 0x00, 0x00, 0x6f, 
    0xff, 0xfe, 0xce, 0xff, 0xfa, 0x00, 0x00, 0x00, 0x00, 0x00, 0x00, 0x05, 0xef, 0xff, 0xff, 0xff, 
    0xa1, 0x00, 0x00, 0x00, 0x00, 0x00, 0x00, 0x00, 0x18, 0xce, 0xfd, 0xa4, 0x00, 0x00, 0x00, 0x00, 
    0x00, 0x00, 0x00, 0x00, 0x00, 0x00, 0x00, 0x00, 0x00, 0x00, 0x00, 0x00, 0x00, 0x00, 0x00, 0x00, 
    0x00, 0x00, 0x00, 0x00, 0x00, 0x00, 0x00, 0x00, 0x00, 0x00, 0x00, 0x00, 0x00, 0x00, 0x00, 0x00, 
    0x00, 0x00, 0x00, 0x00, 0x00, 0x00, 0x00, 0x00, 0x00, 0x00, 0x00, 0x00, 0x00, 0x00, 0x00, 0x00, 
    0x00, 0x00, 0x00, 0x00, 0x00, 0x00, 0x00, 0x00, 0x00, 0x00, 0x00, 0x00, 0x00, 0x00, 0x00, 0x00, 
    0x00, 0x00, 0x00, 0x00, 0x00, 0x00, 0x00, 0x00, 0x00, 0x00, 0x00, 0x00, 0x00, 0x84, 0x49, 0x00, 
    0x00, 0x00, 0x00, 0x00, 0x00, 0x00, 0x00, 0x00, 0x01, 0xff, 0xef, 0x20, 0x00, 0x00, 0x00, 0x00, 
    0x00, 0x00, 0x00, 0x00, 0x00, 0x7f, 0xf7, 0x00, 0x00, 0x00, 0x00, 0x00, 0x00, 0x00, 0x26, 0x40, 
    0x00, 0x0f, 0xf0, 0x00, 0x04, 0x62, 0x00, 0x00, 0x00, 0x00, 0x6f, 0xa0, 0x00, 0x0f, 0xf0, 0x00, 
    0x0a, 0xf6, 0x00, 0x00, 0x00, 0x00, 0x5f, 0xe1, 0x00, 0x4f, 0xf4, 0x00, 0x1e, 0xf6, 0x00, 0x00, 
    0x00, 0x0b, 0xff, 0xfe, 0x79, 0xff, 0xff, 0x97, 0xef, 0xff, 0xc0, 0x00, 0x00, 0x07, 0xc8, 0xbf, 
    0xff, 0xf7, 0x7f, 0xff, 0xfb, 0x8c, 0x80, 0x00, 0x00, 0x00, 0x00, 0x04, 0xff, 0x30, 0x03, 0xff, 
    0x40, 0x00, 0x00, 0x00, 0x00, 0x00, 0x00, 0x00, 0xff, 0x00, 0x00, 0xef, 0x00, 0x00, 0x00, 0x00, 
    0x00, 0x00, 0x00, 0x00, 0xff, 0x00, 0x00, 0xef, 0x00, 0x00, 0x00, 0x00, 0x00, 0x00, 0x00, 0x04, 
    0xff, 0x30, 0x03, 0xff, 0x40, 0x00, 0x00, 0x00, 0x00, 0x07, 0xc8, 0xbf, 0xff, 0xf7, 0x7f, 0xff, 
    0xfb, 0x8c, 0x80, 0x00, 0x00, 0x0b, 0xff, 0xfe, 0x78, 0xff, 0xff, 0x96, 0xef, 0xff, 0xb0, 0x00, 
    0x00, 0x00, 0x5f, 0xe1, 0x00, 0x4f, 0xf4, 0x00, 0x1d, 0xf6, 0x00, 0x00, 0x00, 0x00, 0x6f, 0xb0, 
    0x00, 0x0f, 0xf0, 0x00, 0x09, 0xf6, 0x00, 0x00, 0x00, 0x00, 0x26, 0x40, 0x00, 0x0f, 0xf0, 0x00, 
    0x03, 0x62, 0x00, 0x00, 0x00, 0x00, 0x00, 0x00, 0x00, 0x7f, 0xf7, 0x00, 0x00, 0x00, 0x00, 0x00, 
    0x00, 0x00, 0x00, 0x00, 0x01, 0xff, 0xef, 0x20, 0x00, 0x00, 0x00, 0x00, 0x00, 0x00, 0x00, 0x00, 
    0x00, 0x84, 0x49, 0x00, 0x00, 0x00, 0x00, 0x00, 0x00, 0x00, 0x00, 0x00, 0x00, 0x00, 0x00, 0x00, 
    0x00, 0x00, 0x00, 0x00, 0x00, 0x00, 0x00, 0x00, 0x00, 0x00, 0x00, 0x00, 0x00, 0x00, 0x00, 0x00, 
    0x00, 0x00, 0x00, 0x00, 0x00, 0x00, 0x00, 0x00, 0x00, 0x00, 0x00, 0x00, 0x00, 0x00, 0x00, 0x00, 
    0x00, 0x00, 0x00, 0x00, 0x00, 0x00, 0x00, 0x00, 0x00, 0x00, 0x00, 0x00, 0x59, 0xce, 0xec, 0x95, 
    0x00, 0x00, 0x00, 0x00, 0x00, 0x00, 0x00, 0x5d, 0xff, 0xff, 0xff, 0xff, 0xd5, 0x00, 0x00, 0x00, 
    0x00, 0x00, 0x08, 0xff, 0xff, 0xff, 0xff, 0xff, 0xff, 0x80, 0x00, 0x00, 0x00, 0x00, 0x8f, 0xff, 
    0xff, 0xff, 0xff, 0xff, 0xff, 0xf8, 0x00, 0x00, 0x00, 0x05, 0xff, 0xff, 0xff, 0xff, 0xff, 0xff, 
    0xff, 0xff, 0x50, 0x00, 0x00, 0x0d, 0xff, 0xff, 0xff, 0xf0, 0x0f, 0xff, 0xff, 0xff, 0xd0, 0x00, 
    0x00, 0x5f, 0xff, 0xff, 0xff, 0xf0, 0x0f, 0xff, 0xff, 0xff, 0xf5, 0x00, 0x00, 0xaf, 0xff, 0xff, 
    0xff, 0xf0, 0x0f, 0xff, 0xff, 0xff, 0xfa, 0x00, 0x00, 0xdf, 0xff, 0xff, 0xff, 0xf0, 0x0f, 0xff, 
    0xff, 0xff, 0xfd, 0x00, 0x00, 0xef, 0xff, 0xff, 0xff, 0xf0, 0x0f, 0xff, 0xff, 0xff, 0xfe, 0x00, 
    0x00, 0xef, 0xff, 0xff, 0xff, 0xf0, 0x0f, 0xff, 0xff, 0xff, 0xfe, 0x00, 0x00, 0xdf, 0xff, 0xff, 
    0xff, 0xff, 0xff, 0xff, 0xff, 0xff, 0xfd, 0x00, 0x00, 0xaf, 0xff, 0xff, 0xff, 0xff, 0xff, 0xff, 
    0xff, 0xff, 0xfa, 0x00, 0x00, 0x5f, 0xff, 0xff, 0xff, 0xf0, 0x0f, 0xff, 0xff, 0xff, 0xf5, 0x00, 
    0x00, 0x0d, 0xff, 0xff, 0xff, 0xf0, 0x0f, 0xff, 0xff, 0xff, 0xd0, 0x00, 0x00, 0x05, 0xff, 0xff, 
    0xff, 0xff, 0xff, 0xff, 0xff, 0xff, 0x50, 0x00, 0x00, 0x00, 0x9f, 0xff, 0xff, 0xff, 0xff, 0xff, 
    0xff, 0xf9, 0x00, 0x00, 0x00, 0x00, 0x09, 0xff, 0xff, 0xff, 0xff, 0xff, 0xff, 0x90, 0x00, 0x00, 
    0x00, 0x00, 0x00, 0x5d, 0xff, 0xff, 0xff, 0xff, 0xd5, 0x00, 0x00, 0x00, 0x00, 0x00, 0x00, 0x00, 
    0x5a, 0xde, 0xed, 0xa5, 0x00, 0x00, 0x00, 0x00, 0x00, 0x00, 0x00, 0x00, 0x00, 0x00, 0x00, 0x00, 
    0x00, 0x00, 0x00, 0x00, 0x00, 0x00, 0x00, 0x00, 0x00, 0x00, 0x00, 0x00, 0x00, 0x00, 0x00, 0x00, 
    0x00, 0x00, 0x00, 0x00, 0x00, 0x00, 0x00, 0x00, 0x00, 0x00, 0x00, 0x00, 0x00, 0x00, 0x00, 0x00, 
    0x00, 0x00, 0x00, 0x00, 0x00, 0x00, 0x00, 0x00, 0x00, 0xff, 0xff, 0xff, 0xff, 0x17, 0x71, 0x00, 
    0x00, 0x00, 0x00, 0x00, 0x00, 0xff, 0xff, 0xff, 0xff, 0x39, 0xfe, 0x60, 0x00, 0x00, 0x00, 0x00, 
    0x00, 0xff, 0xff, 0xff, 0xff, 0x29, 0xe7, 0x10, 0x00, 0x00, 0x00, 0x00, 0x00, 0xff, 0xff, 0xff, 
    0xfe, 0x03, 0x10, 0x00, 0x00, 0x00, 0x00, 0x00, 0x00, 0xff, 0xff, 0xff, 0xf9, 0x00, 0x00, 0x00, 
    0x00, 0x00, 0x00, 0x00, 0x00, 0xff, 0xff, 0xff, 0xe1, 0x00, 0x00, 0x00, 0x00, 0x40, 0x00, 0x00, 
    0x00, 0xff, 0xff, 0xfe, 0x32, 0x80, 0x00, 0x00, 0x00, 0xc0, 0x00, 0x00, 0x00, 0xff, 0xfe, 0x92, 
    0x2e, 0xe0, 0x00, 0x00, 0x06, 0xf0, 0x00, 0x00, 0x00, 0x13, 0x20, 0x00, 0x8e, 0xf5, 0x00, 0x00, 
    0x1e, 0xf0, 0x00, 0x00, 0x00, 0x79, 0x93, 0x00, 0x00, 0x45, 0x00, 0x00, 0x8f, 0xf0, 0x00, 0x00, 
    0x00, 0x7f, 0xe1, 0x00, 0x00, 0x00, 0x00, 0x02, 0xff, 0xf0, 0x00, 0x00, 0x00, 0x1e, 0x70, 0x00, 
    0x00, 0x00, 0x00, 0x0a, 0xff, 0xff, 0xfa, 0x00, 0x00, 0x06, 0x10, 0x00, 0x00, 0x00, 0x00, 0x3f, 
    0xff, 0xff, 0xf2, 0x00, 0x00, 0x00, 0x00, 0x00, 0x00, 0x00, 0x00, 0xbf, 0xff, 0xff, 0x90, 0x00, 
    0x00, 0x00, 0x00, 0x00, 0x00, 0x00, 0x00, 0x00, 0x0f, 0xfe, 0x10, 0x00, 0x00, 0x00, 0x00, 0x00, 
    0x00, 0x00, 0x00, 0x00, 0x0f, 0xf7, 0x00, 0x00, 0x00, 0x00, 0x00, 0x00, 0x00, 0x00, 0x00, 0x00, 
    0x0f, 0xd0, 0x00, 0x00, 0x00, 0x00, 0x00, 0x00, 0x00, 0x00, 0x00, 0x00, 0x0f, 0x50, 0x00, 0x00, 
    0x00, 0x00, 0x00, 0x00, 0x00, 0x00, 0x00, 0x00, 0x0c, 0x00, 0x00, 0x00, 0x00, 0x00, 0x00, 0x00, 
    0x00, 0x00, 0x00, 0x00, 0x04, 0x00, 0x00, 0x00, 0x00, 0x00, 0x00, 0x00, 0x00, 0x00, 0x00, 0x00, 
    0x00, 0x00, 0x00, 0x00, 0x00, 0x00, 0x00, 0x00, 0x00, 0x00, 0x00, 0x00, 0x00, 0x00, 0x00, 0x00, 
    0x00, 0x00, 0x00, 0x00, 0x00, 0x00, 0x00, 0x00, 0x00, 0x00, 0x00, 0x00, 0x00, 0x00, 0x00, 0x00, 
    0x00, 0x00, 0x00, 0x00, 0x00, 0x00, 0x00, 0x00, 0x00, 0x00, 0x00, 0x00, 0x00, 0x00, 0x00, 0x00, 
    0x00, 0x00, 0x00, 0x00, 0x00, 0x00, 0x00, 0x00, 0x00, 0x00, 0x00, 0x00, 0x00, 0x00, 0x00, 0x00, 
    0x00, 0x00, 0x00, 0x00, 0x00, 0x00, 0x00, 0x00, 0x00, 0x03, 0x00, 0x00, 0x00, 0x00, 0x00, 0x00, 
    0x00, 0x00, 0x00, 0x00, 0x00, 0x5f, 0x80, 0x00, 0x00, 0x00, 0x00, 0x00, 0x00, 0x00, 0x00, 0x00, 
    0x05, 0xff, 0x70, 0x00, 0x00, 0x00, 0x00, 0x00, 0x00, 0x00, 0x00, 0x00, 0x5f, 0xf7, 0x00, 0x00, 
    0x00, 0x00, 0x00, 0x00, 0x00, 0x00, 0x00, 0x05, 0xff, 0x70, 0x00, 0x00, 0x00, 0x00, 0x00, 0x00, 
    0x00, 0x00, 0x00, 0x5f, 0xf7, 0x00, 0x00, 0x00, 0x00, 0x00, 0x00, 0x00, 0x00, 0x00, 0x05, 0xff, 
    0x70, 0x00, 0x00, 0x00, 0x00, 0x00, 0x75, 0x00, 0x00, 0x00, 0x5f, 0xf7, 0x00, 0x00, 0x00, 0x00, 
    0x00, 0x04, 0xff, 0x50, 0x00, 0x05, 0xff, 0x70, 0x00, 0x00, 0x00, 0x00, 0x00, 0x00, 0x7f, 0xf5, 
    0x00, 0x5f, 0xf7, 0x00, 0x00, 0x00, 0x00, 0x00, 0x00, 0x00, 0x07, 0xff, 0x55, 0xff, 0x70, 0x00, 
    0x00, 0x00, 0x00, 0x00, 0x00, 0x00, 0x00, 0x7f, 0xff, 0xf7, 0x00, 0x00, 0x00, 0x00, 0x00, 0x00, 
    0x00, 0x00, 0x00, 0x07, 0xff, 0x70, 0x00, 0x00, 0x00, 0x00, 0x00, 0x00, 0x00, 0x00, 0x00, 0x00, 
    0x77, 0x00, 0x00, 0x00, 0x00, 0x00, 0x00, 0x00, 0x00, 0x00, 0x00, 0x00, 0x00, 0x00, 0x00, 0x00, 
    0x00, 0x00, 0x00, 0x00, 0x00, 0x00, 0x00, 0x00, 0x00, 0x00, 0x00, 0x00, 0x00, 0x00, 0x00, 0x00, 
    0x00, 0x00, 0x00, 0x00, 0x00, 0x00, 0x00, 0x00, 0x00, 0x00, 0x00, 0x00, 0x00, 0x00, 0x00, 0x00, 
    0x00, 0x00, 0x00, 0x00, 0x00, 0x00, 0x00, 0x00, 0x00, 0x00, 0x00, 0x00, 0x00, 0x00, 0x00, 0x00, 
    0x00, 0x00, 0x00, 0x00, 0x00, 0x00, 0x00, 0x00, 0x00, 0x00, 0x00, 0x00, 0x00, 0x00, 0x00, 0x00, 
    0x00, 0x00, 0x00, 0x00, 0x00, 0x00, 0x00, 0x00, 0x00, 0x00, 0x00, 0x00, 0x00, 0x00, 0x00, 0x00, 
    0x00, 0x00, 0x00, 0x00, 0x00, 0x00, 0x00, 0x00, 0x00, 0x00, 0x00, 0x00, 0x00, 0x00, 0x00, 0x00, 
    0x00, 0x00, 0x00, 0x00, 0x00, 0x00, 0x00, 0x00, 0x00, 0x08, 0x80, 0x00, 0x00, 0x00, 0x00, 0x00, 
    0x00, 0x00, 0x00, 0x00, 0x00, 0xaf, 0xf9, 0x00, 0x00, 0x00, 0x00, 0x00, 0x00, 0x00, 0x00, 0x00, 
    0x1b, 0xff, 0xff, 0xb1, 0x00, 0x00, 0x00, 0x00, 0x00, 0x00, 0x00, 0x01, 0xcf, 0xff, 0xff, 0xfc, 
    0x10, 0x00, 0x00, 0x00, 0x00, 0x00, 0x00, 0x2d, 0xff, 0xff, 0xff, 0xff, 0xd2, 0x00, 0x00, 0x00, 
    0x00, 0x00, 0x03, 0xef, 0xff, 0xff, 0xff, 0xff, 0xfe, 0x30, 0x00, 0x00, 0x00, 0x00, 0x4e, 0xff, 
    0xff, 0xff, 0xff, 0xff, 0xff, 0xe4, 0x00, 0x00, 0x00, 0x05, 0xff, 0xff, 0xff, 0xff, 0xff, 0xff, 
    0xff, 0xff, 0x50, 0x00, 0x00, 0x7f, 0xff, 0xff, 0xff, 0xff, 0xff, 0xff, 0xff, 0xff, 0xf6, 0x00, 
    0x00, 0x00, 0x0f, 0xff, 0xff, 0xff, 0xff, 0xff, 0xff, 0xf0, 0x00, 0x00, 0x00, 0x00, 0x0f, 0xff, 
    0xff, 0xff, 0xff, 0xff, 0xff, 0xf0, 0x00, 0x00, 0x00, 0x00, 0x0f, 0xff, 0xff, 0x00, 0x00, 0xff, 
    0xff, 0xf0, 0x00, 0x00, 0x00, 0x00, 0x0f, 0xff, 0xff, 0x00, 0x00, 0xff, 0xff, 0xf0, 0x00, 0x00, 
    0x00, 0x00, 0x0f, 0xff, 0xff, 0x00, 0x00, 0xff, 0xff, 0xf0, 0x00, 0x00, 0x00, 0x00, 0x0f, 0xff, 
    0xff, 0x00, 0x00, 0xff, 0xff, 0xf0, 0x00, 0x00, 0x00, 0x00, 0x0f, 0xff, 0xff, 0x00, 0x00, 0xff, 
    0xff, 0xf0, 0x00, 0x00, 0x00, 0x00, 0x0f, 0xff, 0xff, 0x00, 0x00, 0xff, 0xff, 0xf0, 0x00, 0x00, 
    0x00, 0x00, 0x00, 0x00, 0x00, 0x00, 0x00, 0x00, 0x00, 0x00, 0x00, 0x00, 0x00, 0x00, 0x00, 0x00, 
    0x00, 0x00, 0x00, 0x00, 0x00, 0x00, 0x00, 0x00, 0x00, 0x00, 0x00, 0x00, 0x00, 0x00, 0x00, 0x00, 
    0x00, 0x00, 0x00, 0x00, 0x00, 0x00, 0x00, 0x00, 0x00, 0x00, 0x00, 0x00, 0x00, 0x00, 0x00, 0x00, 
    0x00, 0x00, 0x00, 0x00, 0x00, 0x00, 0x00, 0x00, 0x00, 0x00, 0x00, 0x00, 0x00, 0x00, 0x00, 0x00, 
    0x00, 0x00, 0x00, 0x00, 0x00, 0x00, 0x00, 0x00, 0x00, 0x00, 0x00, 0x00, 0x00, 0x6d, 0xfe, 0xa2, 
    0x00, 0x00, 0x00, 0x00, 0x00, 0x00, 0x00, 0x00, 0x05, 0xff, 0xff, 0xfd, 0x10, 0x00, 0x00, 0x00, 
    0x00, 0x00, 0x00, 0x00, 0x0b, 0xff, 0xff, 0xff, 0x30, 0x00, 0x00, 0x00, 0x00, 0x00, 0x00, 0x00, 
    0x0e, 0xff, 0xff, 0xfe, 0x00, 0x00, 0x00, 0x00, 0x00, 0x00, 0x00, 0x00, 0x0d, 0xff, 0xff, 0xd3, 
    0x00, 0x00, 0x00, 0x00, 0x00, 0x01, 0x31, 0x00, 0x0b, 0xff, 0xfc, 0x10, 0x00, 0x00, 0x00, 0x00, 
    0x00, 0x2e, 0xfe, 0x30, 0x06, 0xff, 0xf5, 0x00, 0x00, 0x00, 0x00, 0x00, 0x00, 0xaf, 0xff, 0xd1, 
    0x01, 0xff, 0xf9, 0x16, 0xad, 0xdb, 0x50, 0x00, 0x00, 0xef, 0xff, 0xfd, 0x59, 0xff, 0xff, 0xff, 
    0xff, 0xff, 0xf6, 0x00, 0x00, 0xff, 0xff, 0xff, 0xff, 0xf3, 0x4f, 0xff, 0xff, 0xff, 0xfd, 0x00, 
    0x00, 0xdf, 0xff, 0xff, 0xff, 0xf3, 0x4f, 0xff, 0xff, 0xff, 0xff, 0x00, 0x00, 0x6f, 0xff, 0xff, 
    0xff, 0xff, 0xff, 0x95, 0xdf, 0xff, 0xfe, 0x00, 0x00, 0x05, 0xbe, 0xdb, 0x61, 0xaf, 0xff, 0x10, 
    0x1d, 0xff, 0xfa, 0x00, 0x00, 0x00, 0x00, 0x00, 0x00, 0x5f, 0xff, 0x50, 0x03, 0xef, 0xe3, 0x00, 
    0x00, 0x00, 0x00, 0x00, 0x01, 0xcf, 0xff, 0xa0, 0x00, 0x13, 0x10, 0x00, 0x00, 0x00, 0x00, 0x00, 
    0x3d, 0xff, 0xff, 0xc0, 0x00, 0x00, 0x00, 0x00, 0x00, 0x00, 0x00, 0x01, 0xef, 0xff, 0xff, 0xd0, 
    0x00, 0x00, 0x00, 0x00, 0x00, 0x00, 0x00, 0x03, 0xff, 0xff, 0xff, 0xb0, 0x00, 0x00, 0x00, 0x00, 
    0x00, 0x00, 0x00, 0x01, 0xef, 0xff, 0xff, 0x40, 0x00, 0x00, 0x00, 0x00, 0x00, 0x00, 0x00, 0x00, 
    0x2a, 0xef, 0xd6, 0x00, 0x00, 0x00, 0x00, 0x00, 0x00, 0x00, 0x00, 0x00, 0x00, 0x00, 0x00, 0x00, 
    0x00, 0x00, 0x00, 0x00, 0x00, 0x00, 0x00, 0x00, 0x00, 0x00, 0x00, 0x00, 0x00, 0x00, 0x00, 0x00, 
    0x00, 0x00, 0x00, 0x00, 0x00, 0x00, 0x00, 0x00, 0x00, 0x00, 0x00, 0x00, 0x00, 0x00, 0x00, 0x00, 
    0x00, 0x00, 0x00, 0x00, 0x00, 0x00, 0x00, 0x00, 0x00, 0x00, 0x00, 0x00, 0x0e, 0xff, 0xfe, 0x00, 
    0x00, 0x00, 0x00, 0x00, 0x00, 0x00, 0x00, 0x00, 0x2f, 0xff, 0xff, 0x20, 0x00, 0x00, 0x00, 0x00, 
    0x00, 0x00, 0x00, 0x00, 0x4f, 0xff, 0xff, 0x40, 0x00, 0x00, 0x00, 0x00, 0x00, 0x04, 0xe8, 0x25, 
    0xdf, 0xff, 0xff, 0xd5, 0x28, 0xd4, 0x00, 0x00, 0x00, 0x0d, 0xff, 0xff, 0xff, 0xff, 0xff, 0xff, 
    0xff, 0xfd, 0x00, 0x00, 0x00, 0x7f, 0xff, 0xff, 0xff, 0xff, 0xff, 0xff, 0xff, 0xff, 0x70, 0x00, 
    0x01, 0xef, 0xff, 0xff, 0xff, 0xa7, 0xaf, 0xff, 0xff, 0xff, 0xe1, 0x00, 0x01, 0xcf, 0xff, 0xff, 
    0xe3, 0x00, 0x02, 0xef, 0xff, 0xff, 0xc1, 0x00, 0x00, 0x09, 0xff, 0xff, 0x50, 0x00, 0x00, 0x5f, 
    0xff, 0xf9, 0x00, 0x00, 0x00, 0x00, 0xef, 0xff, 0x10, 0x00, 0x00, 0x1f, 0xff, 0xf0, 0x00, 0x00, 
    0x00, 0x00, 0xef, 0xff, 0x10, 0x00, 0x00, 0x1f, 0xff, 0xf0, 0x00, 0x00, 0x00, 0x09, 0xff, 0xff, 
    0x50, 0x00, 0x00, 0x5f, 0xff, 0xf9, 0x00, 0x00, 0x01, 0xcf, 0xff, 0xff, 0xe2, 0x00, 0x02, 0xef, 
    0xff, 0xff, 0xc1, 0x00, 0x01, 0xef, 0xff, 0xff, 0xff, 0x97, 0x9f, 0xff, 0xff, 0xff, 0xe1, 0x00, 
    0x00, 0x7f, 0xff, 0xff, 0xff, 0xff, 0xff, 0xff, 0xff, 0xff, 0x70, 0x00, 0x00, 0x0d, 0xff, 0xff, 
    0xff, 0xff, 0xff, 0xff, 0xff, 0xfd, 0x00, 0x00, 0x00, 0x04, 0xe8, 0x25, 0xdf, 0xff, 0xff, 0xd4, 
    0x28, 0xe4, 0x00, 0x00, 0x00, 0x00, 0x00, 0x00, 0x4f, 0xff, 0xff, 0x40, 0x00, 0x00, 0x00, 0x00, 
    0x00, 0x00, 0x00, 0x00, 0x2f, 0xff, 0xff, 0x20, 0x00, 0x00, 0x00, 0x00, 0x00, 0x00, 0x00, 0x00, 
    0x0e, 0xff, 0xfe, 0x00, 0x00, 0x00, 0x00, 0x00, 0x00, 0x00, 0x00, 0x00, 0x00, 0x00, 0x00, 0x00, 
    0x00, 0x00, 0x00, 0x00, 0x00, 0x00, 0x00, 0x00, 0x00, 0x00, 0x00, 0x00, 0x00, 0x00, 0x00, 0x00, 
    0x00, 0x00, 0x00, 0x00, 0x00, 0x00, 0x00, 0x00, 0x00, 0x00, 0x00, 0x00, 0x00, 0x00, 0x00, 0x00, 
    0x00, 0x00, 0x00, 0x00, 0x00, 0x00, 0x00, 0x00, 0x00, 0x00, 0x00, 0x00, 0x00, 0x00, 0x00, 0x00, 
    0x00, 0x00, 0x00, 0x00, 0x00, 0x00, 0x00, 0x00, 0x03, 0x67, 0x76, 0x30, 0x00, 0x00, 0x00, 0x00, 
    0x00, 0x00, 0x00, 0x29, 0xef, 0xff, 0xff, 0xfe, 0x92, 0x00, 0x00, 0x00, 0x00, 0x00, 0x08, 0xff, 
    0xff, 0xff, 0xff, 0xff, 0xff, 0x80, 0x00, 0x00, 0x00, 0x01, 0xbf, 0xff, 0xfb, 0x41, 0x14, 0xbf, 
    0xff, 0xfb, 0x10, 0x00, 0x00, 0x1c, 0xff, 0xff, 0x70, 0x00, 0x00, 0x08, 0xff, 0xff, 0xc1, 0x00, 
    0x00, 0x9f, 0xff, 0xfb, 0x00, 0x8e, 0xe8, 0x00, 0xbf, 0xff, 0xf9, 0x00, 0x04, 0xff, 0xff, 0xf4, 
    0x08, 0xff, 0xff, 0x80, 0x4f, 0xff, 0xff, 0x40, 0x0c, 0xff, 0xff, 0xf1, 0x0e, 0xff, 0xff, 0xe0, 
    0x1f, 0xff, 0xff, 0xc0, 0x0c, 0xff, 0xff, 0xf1, 0x0e, 0xff, 0xff, 0xe0, 0x1f, 0xff, 0xff, 0xc0, 
    0x04, 0xff, 0xff, 0xf4, 0x08, 0xff, 0xff, 0x80, 0x4f, 0xff, 0xff, 0x40, 0x00, 0x9f, 0xff, 0xfb, 
    0x00, 0x8e, 0xe8, 0x00, 0xbf, 0xff, 0xf9, 0x00, 0x00, 0x1c, 0xff, 0xff, 0x70, 0x00, 0x00, 0x07, 
    0xff, 0xff, 0xc1, 0x00, 0x00, 0x01, 0xbf, 0xff, 0xfb, 0x41, 0x14, 0xbf, 0xff, 0xfb, 0x10, 0x00, 
    0x00, 0x00, 0x08, 0xff, 0xff, 0xff, 0xff, 0xff, 0xff, 0x80, 0x00, 0x00, 0x00, 0x00, 0x00, 0x29, 
    0xef, 0xff, 0xff, 0xfe, 0x92, 0x00, 0x00, 0x00, 0x00, 0x00, 0x00, 0x00, 0x03, 0x67, 0x76, 0x30, 
    0x00, 0x00, 0x00, 0x00, 0x00, 0x00, 0x00, 0x00, 0x00, 0x00, 0x00, 0x00, 0x00, 0x00, 0x00, 0x00, 
    0x00, 0x00, 0x00, 0x00, 0x00, 0x00, 0x00, 0x00, 0x00, 0x00, 0x00, 0x00, 0x00, 0x00, 0x00, 0x00, 
    0x00, 0x00, 0x00, 0x00, 0x00, 0x00, 0x00, 0x00, 0x00, 0x00, 0x00, 0x00, 0x00, 0x00, 0x00, 0x00, 
    0x00, 0x00, 0x00, 0x00, 0x00, 0x00, 0x00, 0x00, 0x00, 0x00, 0x00, 0x00, 0x00, 0x00, 0x00, 0x00, 
    0x00, 0x00, 0x00, 0x00, 0x00, 0x00, 0x00, 0x00, 0x00, 0x00, 0x00, 0x00, 0x00, 0x00, 0x00, 0x00, 
    0x00, 0x00, 0x00, 0x00, 0x00, 0x00, 0x00, 0x00, 0x00, 0x00, 0x00, 0x00, 0x00, 0x00, 0x07, 0xde, 
    0xd8, 0x10, 0x00, 0x00, 0x00, 0x00, 0x00, 0x00, 0x00, 0x00, 0xbf, 0xff, 0xff, 0xc1, 0x00, 0x00, 
    0x00, 0x4e, 0xff, 0xff, 0xf5, 0x07, 0xfd, 0x40, 0x4d, 0xf8, 0x00, 0x00, 0x00, 0xdf, 0xff, 0xff, 
    0xf2, 0x0d, 0xf3, 0x00, 0x04, 0xfd, 0x00, 0x00, 0x00, 0xff, 0xff, 0xff, 0xf0, 0x0e, 0xf0, 0x00, 
    0x01, 0xff, 0x00, 0x00, 0x00, 0xff, 0xff, 0xff, 0xf2, 0x0d, 0xf4, 0x00, 0x04, 0xfd, 0x00, 0x00, 
    0x00, 0xff, 0xff, 0xff, 0xf5, 0x08, 0xfd, 0x41, 0x4d, 0xf7, 0x00, 0x00, 0x00, 0xff, 0xff, 0xff, 
    0xfb, 0x01, 0xcf, 0xff, 0xff, 0xfc, 0x10, 0x00, 0x00, 0xff, 0xff, 0xff, 0xff, 0x60, 0x18, 0xef, 
    0xd8, 0xdf, 0xc1, 0x00, 0x00, 0xff, 0xff, 0xff, 0xff, 0xf6, 0x00, 0x00, 0x00, 0x1d, 0xfc, 0x10, 
    0x00, 0xff, 0xff, 0xff, 0xff, 0xff, 0xb5, 0x20, 0x14, 0x01, 0xdd, 0x10, 0x00, 0xff, 0xff, 0xff, 
    0xff, 0xff, 0xff, 0xff, 0xff, 0x70, 0x11, 0x00, 0x00, 0xff, 0xff, 0xff, 0xff, 0xff, 0xff, 0xff, 
    0xff, 0xf7, 0x00, 0x00, 0x00, 0xff, 0xff, 0xff, 0xff, 0xff, 0xff, 0xff, 0xff, 0xff, 0x00, 0x00, 
    0x00, 0xff, 0xff, 0xff, 0xff, 0xff, 0xff, 0xff, 0xff, 0xff, 0x00, 0x00, 0x00, 0xff, 0xff, 0xff, 
    0xff, 0xff, 0xff, 0xff, 0xff, 0xff, 0x00, 0x00, 0x00, 0xff, 0xff, 0xff, 0xff, 0xff, 0xff, 0xff, 
    0xff, 0xff, 0x00, 0x00, 0x00, 0xff, 0xff, 0xff, 0xff, 0xff, 0xff, 0xff, 0xff, 0xff, 0x00, 0x00, 
    0x00, 0xdf, 0xff, 0xff, 0xff, 0xff, 0xff, 0xff, 0xff, 0xfe, 0x00, 0x00, 0x00, 0x4d, 0xff, 0xff, 
    0xff, 0xff, 0xff, 0xff, 0xff, 0xd4, 0x00, 0x00, 0x00, 0x00, 0x00, 0x00, 0x00, 0x00, 0x00, 0x00, 
    0x00, 0x00, 0x00, 0x00, 0x00, 0x00, 0x00, 0x00, 0x00, 0x00, 0x00, 0x00, 0x00, 0x00, 0x00, 0x00, 
    0x00, 0x00, 0x00, 0x00, 0x00, 0x00, 0x00, 0x00, 0x00, 0x00, 0x00, 0x00, 0x00, 0x00, 0x00, 0x00, 
    0x00, 0x4d, 0xd4, 0x00, 0x00, 0x00, 0x00, 0x00, 0x00, 0x00, 0x00, 0x00, 0x00, 0xef, 0xfe, 0x00, 
    0x00, 0x00, 0x00, 0x00, 0x00, 0x00, 0x00, 0x00, 0x18, 0xff, 0xff, 0x81, 0x00, 0x00, 0x00, 0x00, 
    0x00, 0x00, 0x00, 0x05, 0xef, 0xff, 0xff, 0xfe, 0x50, 0x00, 0x00, 0x00, 0x00, 0x00, 0x00, 0x5f, 
    0xff, 0xff, 0xff, 0xff, 0xf5, 0x00, 0x00, 0x00, 0x00, 0x00, 0x01, 0xef, 0xff, 0xff, 0xff, 0xff, 
    0xfe, 0x10, 0x00, 0x00, 0x00, 0x00, 0x08, 0xff, 0xff, 0xff, 0xff, 0xff, 0xff, 0x80, 0x00, 0x00, 
    0x00, 0x00, 0x0c, 0xff, 0xff, 0xff, 0xff, 0xff, 0xff, 0xc0, 0x00, 0x00, 0x00, 0x00, 0x0e, 0xff, 
    0xff, 0xff, 0xff, 0xff, 0xff, 0xe0, 0x00, 0x00, 0x00, 0x00, 0x0f, 0xff, 0xff, 0xff, 0xff, 0xff, 
    0xff, 0xf0, 0x00, 0x00, 0x00, 0x00, 0x0f, 0xff, 0xff, 0xff, 0xff, 0xff, 0xff, 0xf0, 0x00, 0x00, 
    0x00, 0x00, 0x0f, 0xff, 0xff, 0xff, 0xff, 0xff, 0xff, 0xf0, 0x00, 0x00, 0x00, 0x00, 0x0f, 0xff, 
    0xff, 0xff, 0xff, 0xff, 0xff, 0xf0, 0x00, 0x00, 0x00, 0x00, 0x0f, 0xff, 0xff, 0xff, 0xff, 0xff, 
    0xff, 0xf0, 0x00, 0x00, 0x00, 0x00, 0x0f, 0xff, 0xff, 0xff, 0xff, 0xff, 0xff, 0xf0, 0x00, 0x00, 
    0x00, 0x00, 0x7f, 0xff, 0xff, 0xff, 0xff, 0xff, 0xff, 0xf7, 0x00, 0x00, 0x00, 0x08, 0xff, 0xff, 
    0xff, 0xff, 0xff, 0xff, 0xff, 0xff, 0x80, 0x00, 0x00, 0x0f, 0xff, 0xff, 0xff, 0xff, 0xff, 0xff, 
    0xff, 0xff, 0xf0, 0x00, 0x00, 0x00, 0x00, 0x00, 0x00, 0x00, 0x00, 0x00, 0x00, 0x00, 0x00, 0x00, 
    0x00, 0x00, 0x00, 0x00, 0x00, 0xef, 0xfe, 0x00, 0x00, 0x00, 0x00, 0x00, 0x00, 0x00, 0x00, 0x00, 
    0x00, 0x5d, 0xd4, 0x00, 0x00, 0x00, 0x00, 0x00, 0x00, 0x00, 0x00, 0x00, 0x00, 0x00, 0x00, 0x00, 
    0x00, 0x00, 0x00, 0x00, 0x00, 0x00, 0x00, 0x00, 0x00, 0x00, 0x00, 0x00, 0x00, 0x00, 0x00, 0x00, 
    0x00, 0x00, 0x00, 0x00, 0x00, 0x00, 0x00, 0x00, 0x00, 0x00, 0x00, 0x00, 0x00, 0x00, 0x00, 0x00, 
    0x00, 0x00, 0x00, 0x00, 0x00, 0x00, 0x00, 0x00, 0x00, 0x00, 0x00, 0x00, 0x59, 0xce, 0xec, 0x95, 
    0x00, 0x00, 0x00, 0x00, 0x00, 0x00, 0x00, 0x5d, 0xff, 0xff, 0xff, 0xff, 0xd4, 0x00, 0x00, 0x00, 
    0x00, 0x00, 0x08, 0xff, 0xc6, 0x20, 0x12, 0x6c, 0xff, 0x80, 0x00, 0x00, 0x00, 0x00, 0x8f, 0xf7, 
    0x00, 0x00, 0x00, 0x00, 0x7f, 0xf8, 0x00, 0x00, 0x00, 0x05, 0xff, 0x40, 0x00, 0x00, 0x00, 0x00, 
    0x04, 0xff, 0x40, 0x00, 0x00, 0x0d, 0xf7, 0x00, 0x00, 0x0f, 0x80, 0x00, 0x00, 0x7f, 0xd0, 0x00, 
    0x00, 0x5f, 0xc0, 0x00, 0x00, 0x0f, 0x80, 0x00, 0x00, 0x0c, 0xf5, 0x00, 0x00, 0xaf, 0x60, 0x00, 
    0x00, 0x0f, 0x80, 0x00, 0x00, 0x06, 0xf9, 0x00, 0x00, 0xdf, 0x20, 0x00, 0x00, 0x0f, 0x80, 0x00, 
    0x00, 0x02, 0xfc, 0x00, 0x00, 0xef, 0x00, 0x00, 0x00, 0x0f, 0x80, 0x00, 0x00, 0x01, 0xfe, 0x00, 
    0x00, 0xff, 0x00, 0x00, 0x00, 0x0f, 0xc3, 0x00, 0x00, 0x00, 0xfe, 0x00, 0x00, 0xdf, 0x20, 0x00, 
    0x00, 0x05, 0xdf, 0x81, 0x00, 0x02, 0xfc, 0x00, 0x00, 0xaf, 0x60, 0x00, 0x00, 0x00, 0x18, 0xfe, 
    0x60, 0x06, 0xf9, 0x00, 0x00, 0x6f, 0xc0, 0x00, 0x00, 0x00, 0x00, 0x2b, 0xa0, 0x0c, 0xf5, 0x00, 
    0x00, 0x0e, 0xf6, 0x00, 0x00, 0x00, 0x00, 0x00, 0x10, 0x7f, 0xd0, 0x00, 0x00, 0x05, 0xff, 0x30, 
    0x00, 0x00, 0x00, 0x00, 0x04, 0xff, 0x50, 0x00, 0x00, 0x00, 0x8f, 0xf6, 0x00, 0x00, 0x00, 0x00, 
    0x7f, 0xf8, 0x00, 0x00, 0x00, 0x00, 0x08, 0xff, 0xc6, 0x20, 0x02, 0x6c, 0xff, 0x80, 0x00, 0x00, 
    0x00, 0x00, 0x00, 0x5e, 0xff, 0xff, 0xff, 0xff, 0xd5, 0x00, 0x00, 0x00, 0x00, 0x00, 0x00, 0x00, 
    0x6a, 0xdf, 0xed, 0xa5, 0x00, 0x00, 0x00, 0x00, 0x00, 0x00, 0x00, 0x00, 0x00, 0x00, 0x00, 0x00, 
    0x00, 0x00, 0x00, 0x00, 0x00, 0x00, 0x00, 0x00, 0x00, 0x00, 0x00, 0x00, 0x00, 0x00, 0x00, 0x00, 
};

static const lv_font_fmt_txt_glyph_dsc_t ui_font_mdi_24_glyph_dsc[] = {
    {.bitmap_index = 0, .adv_w = 0, .box_w = 0, .box_h = 0, .ofs_x = 0, .ofs_y = 0},
    {.bitmap_index = 0, .adv_w = 384, .box_w = 24, .box_h = 24, .ofs_x = 0, .ofs_y = 0} /* lightbulb */,
    {.bitmap_index = 288, .adv_w = 384, .box_w = 24, .box_h = 24, .ofs_x = 0, .ofs_y = 0} /* battery-charging */,
    {.bitmap_index = 576, .adv_w = 384, .box_w = 24, .box_h = 24, .ofs_x = 0, .ofs_y = 0} /* water */,
    {.bitmap_index = 864, .adv_w = 384, .box_w = 24, .box_h = 24, .ofs_x = 0, .ofs_y = 0} /* thermometer */,
    {.bitmap_index = 1152, .adv_w = 384, .box_w = 24, .box_h = 24, .ofs_x = 0, .ofs_y = 0} /* toggle-switch */,
    {.bitmap_index = 1440, .adv_w = 384, .box_w = 24, .box_h = 24, .ofs_x = 0, .ofs_y = 0} /* spirit-level */,
    {.bitmap_index = 1728, .adv_w = 384, .box_w = 24, .box_h = 24, .ofs_x = 0, .ofs_y = 0} /* tune */,
    {.bitmap_index = 2016, .adv_w = 384, .box_w = 24, .box_h = 24, .ofs_x = 0, .ofs_y = 0} /* wifi */,
    {.bitmap_index = 2304, .adv_w = 384, .box_w = 24, .box_h = 24, .ofs_x = 0, .ofs_y = 0} /* battery */,
    {.bitmap_index = 2592, .adv_w = 384, .box_w = 24, .box_h = 24, .ofs_x = 0, .ofs_y = 0} /* water-pump */,
    {.bitmap_index = 2880, .adv_w = 384, .box_w = 24, .box_h = 24, .ofs_x = 0, .ofs_y = 0} /* fire */,
    {.bitmap_index = 3168, .adv_w = 384, .box_w = 24, .box_h = 24, .ofs_x = 0, .ofs_y = 0} /* snowflake */,
    {.bitmap_index = 3456, .adv_w = 384, .box_w = 24, .box_h = 24, .ofs_x = 0, .ofs_y = 0} /* alert-circle */,
    {.bitmap_index = 3744, .adv_w = 384, .box_w = 24, .box_h = 24, .ofs_x = 0, .ofs_y = 0} /* solar-power */,
    {.bitmap_index = 4032, .adv_w = 384, .box_w = 24, .box_h = 24, .ofs_x = 0, .ofs_y = 0} /* check-bold */,
    {.bitmap_index = 4320, .adv_w = 384, .box_w = 24, .box_h = 24, .ofs_x = 0, .ofs_y = 0} /* home */,
    {.bitmap_index = 4608, .adv_w = 384, .box_w = 24, .box_h = 24, .ofs_x = 0, .ofs_y = 0} /* fan */,
    {.bitmap_index = 4896, .adv_w = 384, .box_w = 24, .box_h = 24, .ofs_x = 0, .ofs_y = 0} /* cog */,
    {.bitmap_index = 5184, .adv_w = 384, .box_w = 24, .box_h = 24, .ofs_x = 0, .ofs_y = 0} /* eye */,
    {.bitmap_index = 5472, .adv_w = 384, .box_w = 24, .box_h = 24, .ofs_x = 0, .ofs_y = 0} /* sliders */,
    {.bitmap_index = 5760, .adv_w = 384, .box_w = 24, .box_h = 24, .ofs_x = 0, .ofs_y = 0} /* bell */,
    {.bitmap_index = 6048, .adv_w = 384, .box_w = 24, .box_h = 24, .ofs_x = 0, .ofs_y = 0} /* clock */,
};

static const lv_font_fmt_txt_cmap_t ui_font_mdi_24_cmaps[] = {
    {
        .range_start = 0xE001,
        .range_length = 22,
        .glyph_id_start = 1,
        .unicode_list = NULL,
        .glyph_id_ofs_list = NULL,
        .list_length = 0,
        .type = LV_FONT_FMT_TXT_CMAP_FORMAT0_TINY
    }
};

static lv_font_fmt_txt_glyph_cache_t ui_font_mdi_24_cache;
static const lv_font_fmt_txt_dsc_t ui_font_mdi_24_font_dsc = {
    .glyph_bitmap = ui_font_mdi_24_bitmap,
    .glyph_dsc = ui_font_mdi_24_glyph_dsc,
    .cmaps = ui_font_mdi_24_cmaps,
    .kern_dsc = NULL,
    .kern_scale = 0,
    .cmap_num = 1,
    .bpp = 4,
    .kern_classes = 0,
    .bitmap_format = 0,
    .cache = &ui_font_mdi_24_cache
};

const lv_font_t ui_font_mdi_24 = {
    .get_glyph_dsc = lv_font_get_glyph_dsc_fmt_txt,
    .get_glyph_bitmap = lv_font_get_bitmap_fmt_txt,
    .line_height = 24,
    .base_line = 0,
    .subpx = LV_FONT_SUBPX_NONE,
    .underline_position = 0,
    .underline_thickness = 0,
    .dsc = &ui_font_mdi_24_font_dsc
};

/* Auto-generated ui_font_mdi_18 (18px) */
static const uint8_t ui_font_mdi_18_bitmap[] = {
    0x00, 0x00, 0x00, 0x00, 0x00, 0x00, 0x00, 0x00, 0x00, 0x00, 0x00, 0x00, 0x5b, 0xee, 0xb5, 0x00, 
    0x00, 0x00, 0x00, 0x00, 0x09, 0xff, 0xff, 0xff, 0x90, 0x00, 0x00, 0x00, 0x00, 0x6f, 0xff, 0xff, 
    0xff, 0xf6, 0x00, 0x00, 0x00, 0x00, 0xdf, 0xff, 0xff, 0xff, 0xfd, 0x00, 0x00, 0x00, 0x02, 0xff, 
    0xff, 0xff, 0xff, 0xff, 0x20, 0x00, 0x00, 0x03, 0xff, 0xff, 0xff, 0xff, 0xff, 0x30, 0x00, 0x00, 
    0x01, 0xff, 0xff, 0xff, 0xff, 0xff, 0x10, 0x00, 0x00, 0x00, 0xaf, 0xff, 0xff, 0xff, 0xfa, 0x00, 
    0x00, 0x00, 0x00, 0x2e, 0xff, 0xff, 0xff, 0xe2, 0x00, 0x00, 0x00, 0x00, 0x02, 0xff, 0xff, 0xff, 
    0x20, 0x00, 0x00, 0x00, 0x00, 0x00, 0xff, 0xff, 0xff, 0x00, 0x00, 0x00, 0x00, 0x00, 0x00, 0xcf, 
    0xff, 0xfc, 0x00, 0x00, 0x00, 0x00, 0x00, 0x00, 0x00, 0x00, 0x00, 0x00, 0x00, 0x00, 0x00, 0x00, 
    0x00, 0x27, 0x77, 0x72, 0x00, 0x00, 0x00, 0x00, 0x00, 0x00, 0x2e, 0xff, 0xe2, 0x00, 0x00, 0x00, 
    0x00, 0x00, 0x00, 0x00, 0x00, 0x00, 0x00, 0x00, 0x00, 0x00, 0x00, 0x00, 0x00, 0x00, 0x00, 0x00, 
    0x00, 0x00, 0x00, 0x00, 0x00, 0x00, 0x00, 0x00, 0x00, 0x00, 0x00, 0x00, 0x00, 0x00, 0x27, 0x77, 
    0x72, 0x00, 0x00, 0x00, 0x00, 0x00, 0x00, 0x4f, 0xff, 0xf4, 0x00, 0x00, 0x00, 0x00, 0x00, 0x4f, 
    0xff, 0xff, 0xff, 0xf4, 0x00, 0x00, 0x00, 0x00, 0x8f, 0x88, 0x88, 0x88, 0xf8, 0x00, 0x00, 0x00, 
    0x00, 0x8f, 0x00, 0x00, 0x00, 0xf8, 0x00, 0x00, 0x00, 0x00, 0x8f, 0x77, 0x77, 0x77, 0xf8, 0x00, 
    0x00, 0x00, 0x00, 0x8f, 0xff, 0xff, 0xff, 0xf8, 0x00, 0x00, 0x00, 0x00, 0x8f, 0xff, 0xff, 0xff, 
    0xf8, 0x00, 0x00, 0x00, 0x00, 0x8f, 0xff, 0xff, 0xff, 0xf8, 0x00, 0x00, 0x00, 0x00, 0x8f, 0xff, 
    0xff, 0xff, 0xf8, 0x00, 0x00, 0x00, 0x00, 0x8f, 0xff, 0xff, 0xff, 0xf8, 0x00, 0x00, 0x00, 0x00, 
    0x8f, 0xff, 0xff, 0xff, 0xf8, 0x00, 0x00, 0x00, 0x00, 0x8f, 0xff, 0xff, 0xff, 0xf8, 0x00, 0x00, 
    0x00, 0x00, 0x8f, 0xff, 0xff, 0xff, 0xf8, 0x00, 0x00, 0x00, 0x00, 0x8f, 0xff, 0xff, 0xff, 0xf8, 
    0x00, 0x00, 0x00, 0x00, 0x5f, 0xff, 0xff, 0xff, 0xf5, 0x00, 0x00, 0x00, 0x00, 0x00, 0x00, 0x00, 
    0x00, 0x00, 0x00, 0x00, 0x00, 0x00, 0x00, 0x00, 0x00, 0x00, 0x00, 0x00, 0x00, 0x00, 0x00, 0x00, 
    0x00, 0x00, 0x00, 0x00, 0x00, 0x00, 0x00, 0x00, 0x00, 0x00, 0x10, 0x00, 0x00, 0x00, 0x00, 0x00, 
    0x00, 0x00, 0x03, 0xe3, 0x00, 0x00, 0x00, 0x00, 0x00, 0x00, 0x00, 0x1d, 0xfd, 0x10, 0x00, 0x00, 
    0x00, 0x00, 0x00, 0x00, 0xaf, 0xff, 0xa0, 0x00, 0x00, 0x00, 0x00, 0x00, 0x05, 0xff, 0xff, 0xf5, 
    0x00, 0x00, 0x00, 0x00, 0x00, 0x0d, 0xff, 0xff, 0xfd, 0x00, 0x00, 0x00, 0x00, 0x00, 0x6f, 0xff, 
    0xff, 0xff, 0x60, 0x00, 0x00, 0x00, 0x00, 0xcf, 0xff, 0xff, 0xff, 0xb0, 0x00, 0x00, 0x00, 0x00, 
    0xef, 0xff, 0xff, 0xff, 0xe0, 0x00, 0x00, 0x00, 0x00, 0xef, 0xff, 0xff, 0xff, 0xe0, 0x00, 0x00, 
    0x00, 0x00, 0x9f, 0xff, 0xff, 0xff, 0x90, 0x00, 0x00, 0x00, 0x00, 0x2e, 0xff, 0xff, 0xfe, 0x20, 
    0x00, 0x00, 0x00, 0x00, 0x02, 0xbf, 0xff, 0xb2, 0x00, 0x00, 0x00, 0x00, 0x00, 0x00, 0x02, 0x42, 
    0x00, 0x00, 0x00, 0x00, 0x00, 0x00, 0x00, 0x00, 0x00, 0x00, 0x00, 0x00, 0x00, 0x00, 0x00, 0x00, 
    0x00, 0x00, 0x00, 0x00, 0x00, 0x00, 0x00, 0x00, 0x00, 0x00, 0x00, 0x00, 0x00, 0x00, 0x00, 0x00, 
    0x00, 0x00, 0x00, 0x13, 0x00, 0x00, 0x00, 0x00, 0x00, 0x00, 0x00, 0x05, 0xff, 0xc1, 0x00, 0x00, 
    0x00, 0x00, 0x00, 0x00, 0x0d, 0xc7, 0xf6, 0x00, 0x00, 0x00, 0x00, 0x00, 0x00, 0x0f, 0x80, 0xf8, 
    0x00, 0x00, 0x00, 0x00, 0x00, 0x00, 0x0f, 0x80, 0xf8, 0x00, 0x00, 0x00, 0x00, 0x00, 0x00, 0x0f, 
    0xb7, 0xf8, 0x00, 0x00, 0x00, 0x00, 0x00, 0x00, 0x0f, 0xff, 0xf8, 0x00, 0x00, 0x00, 0x00, 0x00, 
    0x00, 0x0f, 0xff, 0xf8, 0x00, 0x00, 0x00, 0x00, 0x00, 0x00, 0x0f, 0xff, 0xf8, 0x00, 0x00, 0x00, 
    0x00, 0x00, 0x00, 0x4f, 0xff, 0xfb, 0x00, 0x00, 0x00, 0x00, 0x00, 0x01, 0xef, 0xff, 0xff, 0x80, 
    0x00, 0x00, 0x00, 0x00, 0x06, 0xff, 0xff, 0xff, 0xd0, 0x00, 0x00, 0x00, 0x00, 0x07, 0xff, 0xff, 
    0xff, 0xe0, 0x00, 0x00, 0x00, 0x00, 0x04, 0xff, 0xff, 0xff, 0xb0, 0x00, 0x00, 0x00, 0x00, 0x00, 
    0xaf, 0xff, 0xff, 0x40, 0x00, 0x00, 0x00, 0x00, 0x00, 0x08, 0xde, 0xb3, 0x00, 0x00, 0x00, 0x00, 
    0x00, 0x00, 0x00, 0x00, 0x00, 0x00, 0x00, 0x00, 0x00, 0x00, 0x00, 0x00, 0x00, 0x00, 0x00, 0x00, 
    0x00, 0x00, 0x00, 0x00, 0x00, 0x00, 0x00, 0x00, 0x00, 0x00, 0x00, 0x00, 0x00, 0x00, 0x00, 0x00, 
    0x00, 0x00, 0x00, 0x00, 0x00, 0x47, 0x88, 0x88, 0x88, 0x87, 0x40, 0x00, 0x00, 0x1b, 0xff, 0xff, 
    0xff, 0xff, 0xff, 0xfb, 0x00, 0x00, 0x8f, 0xff, 0xff, 0xff, 0xfc, 0x31, 0x7f, 0x80, 0x00, 0xdf, 
    0xff, 0xff, 0xff, 0xf3, 0x00, 0x0a, 0xd0, 0x00, 0xef, 0xff, 0xff, 0xff, 0xf1, 0x00, 0x08, 0xe0, 
    0x00, 0xbf, 0xff, 0xff, 0xff, 0xf7, 0x00, 0x1d, 0xb0, 0x00, 0x3f, 0xff, 0xff, 0xff, 0xff, 0xa9, 
    0xdf, 0x30, 0x00, 0x03, 0xbf, 0xff, 0xff, 0xff, 0xff, 0xb3, 0x00, 0x00, 0x00, 0x00, 0x00, 0x00, 
    0x00, 0x00, 0x00, 0x00, 0x00, 0x00, 0x00, 0x00, 0x00, 0x00, 0x00, 0x00, 0x00, 0x00, 0x00, 0x00, 
    0x00, 0x00, 0x00, 0x00, 0x00, 0x00, 0x00, 0x00, 0x00, 0x00, 0x00, 0x00, 0x00, 0x00, 0x00, 0x00, 
    0x00, 0x00, 0x00, 0x00, 0x00, 0x00, 0x00, 0x00, 0x00, 0x00, 0x00, 0x00, 0x00, 0x00, 0x00, 0x00, 
    0x00, 0x00, 0x00, 0x00, 0x00, 0x00, 0x00, 0x00, 0x00, 0x00, 0x00, 0x00, 0x00, 0x00, 0x00, 0x00, 
    0x00, 0x00, 0x00, 0x00, 0x00, 0x00, 0x00, 0x00, 0x00, 0x00, 0x00, 0x00, 0x00, 0x00, 0x00, 0x00, 
    0x00, 0x00, 0x00, 0x00, 0x00, 0x00, 0x00, 0x00, 0x00, 0x00, 0x00, 0x00, 0x00, 0x00, 0x03, 0x77, 
    0x77, 0x77, 0x77, 0x77, 0x77, 0x77, 0x30, 0x07, 0xff, 0xff, 0xff, 0xff, 0xff, 0xff, 0xff, 0x70, 
    0x07, 0xf0, 0xc0, 0x0d, 0xff, 0xf5, 0x0c, 0x0f, 0x70, 0x07, 0xf0, 0xc0, 0x02, 0x78, 0x60, 0x0c, 
    0x0f, 0x70, 0x07, 0xf3, 0xd3, 0x33, 0x33, 0x33, 0x3d, 0x3f, 0x70, 0x07, 0xff, 0xff, 0xff, 0xff, 
    0xff, 0xff, 0xff, 0x70, 0x02, 0x33, 0x33, 0x33, 0x33, 0x33, 0x33, 0x33, 0x20, 0x00, 0x00, 0x00, 
    0x00, 0x00, 0x00, 0x00, 0x00, 0x00, 0x00, 0x00, 0x00, 0x00, 0x00, 0x00, 0x00, 0x00, 0x00, 0x00, 
    0x00, 0x00, 0x00, 0x00, 0x00, 0x00, 0x00, 0x00, 0x00, 0x00, 0x00, 0x00, 0x00, 0x00, 0x00, 0x00, 
    0x00, 0x00, 0x00, 0x00, 0x00, 0x00, 0x00, 0x00, 0x00, 0x00, 0x00, 0x00, 0x00, 0x00, 0x00, 0x00, 
    0x00, 0x00, 0x00, 0x00, 0x00, 0x00, 0x00, 0x00, 0x00, 0x00, 0x00, 0x00, 0x00, 0x00, 0x00, 0x00, 
    0x00, 0x00, 0x00, 0x00, 0x00, 0x00, 0x00, 0x00, 0x00, 0x00, 0x00, 0x00, 0x00, 0x00, 0x00, 0x00, 
    0x00, 0x00, 0x00, 0x08, 0x40, 0x00, 0x00, 0x00, 0x00, 0x00, 0x00, 0x00, 0x0f, 0x80, 0x00, 0x00, 
    0x00, 0xff, 0xff, 0xff, 0xf7, 0x0f, 0xff, 0xf7, 0x00, 0x00, 0x77, 0x77, 0x77, 0x73, 0x0f, 0xb7, 
    0x73, 0x00, 0x00, 0x00, 0x00, 0x00, 0x00, 0x0f, 0x80, 0x00, 0x00, 0x00, 0x00, 0x0f, 0x70, 0x00, 
    0x00, 0x00, 0x00, 0x00, 0x00, 0x77, 0x7f, 0x70, 0x77, 0x77, 0x77, 0x73, 0x00, 0x00, 0xff, 0xff, 
    0x70, 0xff, 0xff, 0xff, 0xf7, 0x00, 0x00, 0x00, 0x0f, 0x70, 0x00, 0x00, 0x00, 0x00, 0x00, 0x00, 
    0x00, 0x08, 0x40, 0x84, 0x00, 0x00, 0x00, 0x00, 0x00, 0x00, 0x00, 0x00, 0xf7, 0x00, 0x00, 0x00, 
    0x00, 0x00, 0xff, 0xff, 0x70, 0xff, 0xff, 0xff, 0xf7, 0x00, 0x00, 0x77, 0x77, 0x30, 0xfb, 0x77, 
    0x77, 0x73, 0x00, 0x00, 0x00, 0x00, 0x00, 0xf7, 0x00, 0x00, 0x00, 0x00, 0x00, 0x00, 0x00, 0x00, 
    0x00, 0x00, 0x00, 0x00, 0x00, 0x00, 0x00, 0x00, 0x00, 0x00, 0x00, 0x00, 0x00, 0x00, 0x00, 0x00, 
    0x00, 0x00, 0x00, 0x00, 0x00, 0x00, 0x00, 0x00, 0x00, 0x00, 0x00, 0x00, 0x00, 0x00, 0x00, 0x00, 
    0x00, 0x00, 0x00, 0x01, 0x22, 0x10, 0x00, 0x00, 0x00, 0x00, 0x01, 0x6a, 0xef, 0xff, 0xfe, 0xa6, 
    0x10, 0x00, 0x01, 0x8e, 0xff, 0xff, 0xff, 0xff, 0xff, 0xe8, 0x10, 0x0c, 0xff, 0xd8, 0x42, 0x11, 
    0x24, 0x8d, 0xff, 0xc0, 0x03, 0xc4, 0x00, 0x00, 0x00, 0x00, 0x00, 0x4c, 0x30, 0x00, 0x00, 0x04, 
    0x9d, 0xee, 0xd9, 0x40, 0x00, 0x00, 0x00, 0x02, 0xcf, 0xff, 0xff, 0xff, 0xfc, 0x20, 0x00, 0x00, 
    0x00, 0xcf, 0xa5, 0x33, 0x5a, 0xfc, 0x00, 0x00, 0x00, 0x00, 0x22, 0x00, 0x00, 0x00, 0x22, 0x00, 
    0x00, 0x00, 0x00, 0x00, 0x04, 0x88, 0x40, 0x00, 0x00, 0x00, 0x00, 0x00, 0x00, 0x7f, 0xff, 0xf6, 
    0x00, 0x00, 0x00, 0x00, 0x00, 0x00, 0x0c, 0xff, 0xc0, 0x00, 0x00, 0x00, 0x00, 0x00, 0x00, 0x02, 
    0xee, 0x20, 0x00, 0x00, 0x00, 0x00, 0x00, 0x00, 0x00, 0x55, 0x00, 0x00, 0x00, 0x00, 0x00, 0x00, 
    0x00, 0x00, 0x00, 0x00, 0x00, 0x00, 0x00, 0x00, 0x00, 0x00, 0x00, 0x00, 0x00, 0x00, 0x00, 0x00, 
    0x00, 0x00, 0x00, 0x00, 0x00, 0x00, 0x00, 0x00, 0x00, 0x00, 0x00, 0x00, 0xbf, 0xff, 0xb0, 0x00, 
    0x00, 0x00, 0x00, 0x00, 0x58, 0xdf, 0xff, 0xd8, 0x50, 0x00, 0x00, 0x00, 0x00, 0xff, 0xff, 0xff, 
    0xff, 0xf0, 0x00, 0x00, 0x00, 0x00, 0xff, 0xff, 0xff, 0xff, 0xf0, 0x00, 0x00, 0x00, 0x00, 0xff, 
    0xff, 0xff, 0xff, 0xf0, 0x00, 0x00, 0x00, 0x00, 0xff, 0xff, 0xff, 0xff, 0xf0, 0x00, 0x00, 0x00, 
    0x00, 0xff, 0xff, 0xff, 0xff, 0xf0, 0x00, 0x00, 0x00, 0x00, 0xff, 0xff, 0xff, 0xff, 0xf0, 0x00, 
    0x00, 0x00, 0x00, 0xff, 0xff, 0xff, 0xff, 0xf0, 0x00, 0x00, 0x00, 0x00, 0xff, 0xff, 0xff, 0xff, 
    0xf0, 0x00, 0x00, 0x00, 0x00, 0xff, 0xff, 0xff, 0xff, 0xf0, 0x00, 0x00, 0x00, 0x00, 0xff, 0xff, 
    0xff, 0xff, 0xf0, 0x00, 0x00, 0x00, 0x00, 0xff, 0xff, 0xff, 0xff, 0xf0, 0x00, 0x00, 0x00, 0x00, 
    0xff, 0xff, 0xff, 0xff, 0xf0, 0x00, 0x00, 0x00, 0x00, 0xbf, 0xff, 0xff, 0xff, 0xb0, 0x00, 0x00, 
    0x00, 0x00, 0x00, 0x00, 0x00, 0x00, 0x00, 0x00, 0x00, 0x00, 0x00, 0x00, 0x00, 0x00, 0x00, 0x00, 
    0x00, 0x00, 0x00, 0x00, 0x00, 0x00, 0x00, 0x00, 0x00, 0x00, 0x00, 0x00, 0x00, 0x03, 0x43, 0x00, 
    0x00, 0x00, 0x00, 0x00, 0x00, 0x00, 0x7f, 0xff, 0x70, 0x00, 0x00, 0x00, 0x00, 0x00, 0x00, 0xbf, 
    0xff, 0xb0, 0x00, 0x00, 0x00, 0x00, 0x00, 0x0b, 0xff, 0xff, 0xff, 0xff, 0xff, 0xe8, 0x00, 0x00, 
    0x3f, 0xff, 0xff, 0xff, 0xff, 0xff, 0xff, 0x00, 0x00, 0x0b, 0xff, 0xff, 0xff, 0xff, 0xff, 0xff, 
    0x00, 0x00, 0x00, 0xbf, 0xff, 0xb0, 0x00, 0x0f, 0xff, 0x00, 0x00, 0x00, 0xbf, 0xff, 0xb0, 0x00, 
    0x3f, 0xff, 0x30, 0x00, 0x00, 0xbf, 0xff, 0xb0, 0x00, 0x8f, 0xff, 0x90, 0x00, 0x00, 0xbf, 0xff, 
    0xb0, 0x00, 0x00, 0x00, 0x00, 0x00, 0x00, 0xbf, 0xff, 0xb0, 0x00, 0x00, 0x70, 0x00, 0x00, 0x00, 
    0xbf, 0xff, 0xb0, 0x00, 0x07, 0xf7, 0x00, 0x00, 0x00, 0xbf, 0xff, 0xb0, 0x00, 0x0e, 0xfe, 0x00, 
    0x00, 0x8f, 0xff, 0xff, 0xff, 0x80, 0x0b, 0xfb, 0x00, 0x00, 0xff, 0xff, 0xff, 0xff, 0xf0, 0x00, 
    0x30, 0x00, 0x00, 0xff, 0xff, 0xff, 0xff, 0xf0, 0x00, 0x00, 0x00, 0x00, 0x00, 0x00, 0x00, 0x00, 
    0x00, 0x00, 0x00, 0x00, 0x00, 0x00, 0x00, 0x00, 0x00, 0x00, 0x00, 0x00, 0x00, 0x00, 0x00, 0x00, 
    0x00, 0x02, 0x20, 0x00, 0x00, 0x00, 0x00, 0x00, 0x00, 0x00, 0x6f, 0x20, 0x00, 0x00, 0x00, 0x00, 
    0x00, 0x00, 0x05, 0xff, 0x10, 0x00, 0x00, 0x00, 0x00, 0x00, 0x00, 0x0d, 0xff, 0x50, 0x00, 0x00, 
    0x00, 0x00, 0x00, 0x00, 0x5f, 0xff, 0xd1, 0x00, 0x00, 0x00, 0x00, 0x00, 0x25, 0x8f, 0xff, 0xfc, 
    0x20, 0x00, 0x00, 0x00, 0x00, 0xb4, 0x8f, 0xfd, 0xff, 0xe2, 0x00, 0x00, 0x00, 0x01, 0xf7, 0x6f, 
    0xf5, 0xcf, 0xfb, 0x00, 0x00, 0x00, 0x03, 0xfe, 0x6f, 0xf5, 0x1d, 0xff, 0x10, 0x00, 0x00, 0x03, 
    0xff, 0xff, 0xf7, 0x07, 0xff, 0x30, 0x00, 0x00, 0x00, 0xef, 0xff, 0xd1, 0x09, 0xff, 0x10, 0x00, 
    0x00, 0x00, 0x7f, 0xff, 0x62, 0x6f, 0xfa, 0x00, 0x00, 0x00, 0x00, 0x0a, 0xff, 0xff, 0xff, 0xd1, 
    0x00, 0x00, 0x00, 0x00, 0x00, 0x5b, 0xef, 0xd8, 0x10, 0x00, 0x00, 0x00, 0x00, 0x00, 0x00, 0x00, 
    0x00, 0x00, 0x00, 0x00, 0x00, 0x00, 0x00, 0x00, 0x00, 0x00, 0x00, 0x00, 0x00, 0x00, 0x00, 0x00, 
    0x00, 0x00, 0x00, 0x00, 0x00, 0x00, 0x00, 0x00, 0x00, 0x00, 0x00, 0x00, 0x00, 0x00, 0x00, 0x00, 
    0x00, 0x00, 0x01, 0x01, 0x00, 0x00, 0x00, 0x00, 0x00, 0x00, 0x00, 0x0b, 0x9d, 0x40, 0x00, 0x00, 
    0x00, 0x00, 0x00, 0x00, 0x07, 0xfd, 0x10, 0x00, 0x00, 0x00, 0x00, 0x07, 0x60, 0x00, 0xf7, 0x00, 
    0x19, 0x30, 0x00, 0x00, 0x0c, 0xb0, 0x01, 0xf8, 0x00, 0x5f, 0x40, 0x00, 0x00, 0xbf, 0xf9, 0x5d, 
    0xff, 0x86, 0xef, 0xe4, 0x00, 0x00, 0x77, 0x8e, 0xfd, 0x49, 0xff, 0xc6, 0x92, 0x00, 0x00, 0x00, 
    0x05, 0xf2, 0x00, 0xad, 0x00, 0x00, 0x00, 0x00, 0x00, 0x05, 0xf2, 0x00, 0xac, 0x00, 0x00, 0x00, 
    0x00, 0x20, 0x1a, 0xf7, 0x02, 0xde, 0x40, 0x20, 0x00, 0x00, 0xce, 0xef, 0xcf, 0xce, 0xed, 0xfe, 
    0xf4, 0x00, 0x00, 0x4d, 0xe3, 0x06, 0xfc, 0x20, 0x8f, 0x82, 0x00, 0x00, 0x0d, 0xa0, 0x00, 0xf7, 
    0x00, 0x2f, 0x50, 0x00, 0x00, 0x00, 0x10, 0x02, 0xf9, 0x00, 0x01, 0x00, 0x00, 0x00, 0x00, 0x00, 
    0x0c, 0xef, 0x40, 0x00, 0x00, 0x00, 0x00, 0x00, 0x00, 0x05, 0x27, 0x10, 0x00, 0x00, 0x00, 0x00, 
    0x00, 0x00, 0x00, 0x00, 0x00, 0x00, 0x00, 0x00, 0x00, 0x00, 0x00, 0x00, 0x00, 0x00, 0x00, 0x00, 
    0x00, 0x00, 0x00, 0x04, 0xad, 0xfe, 0xb6, 0x00, 0x00, 0x00, 0x00, 0x01, 0xbf, 0xff, 0xff, 0xff, 
    0xd3, 0x00, 0x00, 0x00, 0x1c, 0xff, 0xff, 0xff, 0xff, 0xfe, 0x30, 0x00, 0x00, 0xaf, 0xff, 0xff, 
    0xbe, 0xff, 0xff, 0xd0, 0x00, 0x02, 0xff, 0xff, 0xff, 0x0b, 0xff, 0xff, 0xf6, 0x00, 0x07, 0xff, 
    0xff, 0xff, 0x0b, 0xff, 0xff, 0xfb, 0x00, 0x0a, 0xff, 0xff, 0xff, 0x0b, 0xff, 0xff, 0xfe, 0x00, 
    0x0b, 0xff, 0xff, 0xff, 0x0b, 0xff, 0xff, 0xff, 0x00, 0x0a, 0xff, 0xff, 0xff, 0xff, 0xff, 0xff, 
    0xfd, 0x00, 0x06, 0xff, 0xff, 0xff, 0x8d, 0xff, 0xff, 0xfa, 0x00, 0x01, 0xef, 0xff, 0xff, 0x0b, 
    0xff, 0xff, 0xf4, 0x00, 0x00, 0x7f, 0xff, 0xff, 0xff, 0xff, 0xff, 0xa0, 0x00, 0x00, 0x09, 0xff, 
    0xff, 0xff, 0xff, 0xfc, 0x10, 0x00, 0x00, 0x00, 0x7e, 0xff, 0xff, 0xff, 0x91, 0x00, 0x00, 0x00, 
    0x00, 0x01, 0x69, 0xaa, 0x72, 0x00, 0x00, 0x00, 0x00, 0x00, 0x00, 0x00, 0x00, 0x00, 0x00, 0x00, 
    0x00, 0x00, 0x00, 0x00, 0x00, 0x00, 0x00, 0x00, 0x00, 0x00, 0x00, 0x00, 0x00, 0x00, 0x00, 0x00, 
    0x00, 0x00, 0x00, 0x00, 0x33, 0x33, 0x32, 0x00, 0x00, 0x00, 0x00, 0x00, 0x03, 0xff, 0xff, 0xfe, 
    0x2d, 0x60, 0x00, 0x00, 0x00, 0x03, 0xff, 0xff, 0xfe, 0x2f, 0xa2, 0x00, 0x00, 0x00, 0x03, 0xff, 
    0xff, 0xfc, 0x12, 0x00, 0x00, 0x00, 0x00, 0x03, 0xff, 0xff, 0xf5, 0x00, 0x00, 0x00, 0x10, 0x00, 
    0x03, 0xff, 0xff, 0x92, 0x30, 0x00, 0x01, 0x70, 0x00, 0x02, 0xee, 0xc5, 0x2d, 0x80, 0x00, 0x08, 
    0x80, 0x00, 0x00, 0x22, 0x10, 0x28, 0xc0, 0x00, 0x2f, 0x80, 0x00, 0x00, 0xdf, 0x20, 0x00, 0x00, 
    0x00, 0xaf, 0x80, 0x00, 0x00, 0x6a, 0x00, 0x00, 0x00, 0x03, 0xff, 0xff, 0x70, 0x00, 0x02, 0x00, 
    0x00, 0x00, 0x0b, 0xff, 0xfe, 0x10, 0x00, 0x00, 0x00, 0x00, 0x00, 0x04, 0x4e, 0xf6, 0x00, 0x00, 
    0x00, 0x00, 0x00, 0x00, 0x00, 0x0e, 0xd0, 0x00, 0x00, 0x00, 0x00, 0x00, 0x00, 0x00, 0x0e, 0x50, 
    0x00, 0x00, 0x00, 0x00, 0x00, 0x00, 0x00, 0x0b, 0x00, 0x00, 0x00, 0x00, 0x00, 0x00, 0x00, 0x00, 
    0x02, 0x00, 0x00, 0x00, 0x00, 0x00, 0x00, 0x00, 0x00, 0x00, 0x00, 0x00, 0x00, 0x00, 0x00, 0x00, 
    0x00, 0x00, 0x00, 0x00, 0x00, 0x00, 0x00, 0x00, 0x00, 0x00, 0x00, 0x00, 0x00, 0x00, 0x00, 0x00, 
    0x00, 0x00, 0x00, 0x00, 0x00, 0x00, 0x00, 0x00, 0x00, 0x00, 0x00, 0x00, 0x00, 0x00, 0x40, 0x00, 
    0x00, 0x00, 0x00, 0x00, 0x00, 0x00, 0x06, 0xf7, 0x00, 0x00, 0x00, 0x00, 0x00, 0x00, 0x00, 0x6f, 
    0xb0, 0x00, 0x00, 0x00, 0x00, 0x00, 0x00, 0x06, 0xfb, 0x00, 0x00, 0x00, 0x00, 0x00, 0x00, 0x00, 
    0x6f, 0xb0, 0x00, 0x00, 0x00, 0x06, 0x10, 0x00, 0x06, 0xfb, 0x00, 0x00, 0x00, 0x00, 0x2f, 0xc1, 
    0x00, 0x6f, 0xb0, 0x00, 0x00, 0x00, 0x00, 0x04, 0xfc, 0x16, 0xfb, 0x00, 0x00, 0x00, 0x00, 0x00, 
    0x00, 0x4f, 0xdf, 0xb0, 0x00, 0x00, 0x00, 0x00, 0x00, 0x00, 0x04, 0xfb, 0x00, 0x00, 0x00, 0x00, 
    0x00, 0x00, 0x00, 0x00, 0x30, 0x00, 0x00, 0x00, 0x00, 0x00, 0x00, 0x00, 0x00, 0x00, 0x00, 0x00, 
    0x00, 0x00, 0x00, 0x00, 0x00, 0x00, 0x00, 0x00, 0x00, 0x00, 0x00, 0x00, 0x00, 0x00, 0x00, 0x00, 
    0x00, 0x00, 0x00, 0x00, 0x00, 0x00, 0x00, 0x00, 0x00, 0x00, 0x00, 0x00, 0x00, 0x00, 0x00, 0x00, 
    0x00, 0x00, 0x00, 0x00, 0x00, 0x00, 0x00, 0x00, 0x00, 0x00, 0x00, 0x00, 0x00, 0x00, 0x00, 0x00, 
    0x00, 0x00, 0x00, 0x00, 0x04, 0x00, 0x00, 0x00, 0x00, 0x00, 0x00, 0x00, 0x01, 0xbf, 0x70, 0x00, 
    0x00, 0x00, 0x00, 0x00, 0x00, 0x1c, 0xff, 0xf9, 0x00, 0x00, 0x00, 0x00, 0x00, 0x02, 0xdf, 0xff, 
    0xff, 0xa1, 0x00, 0x00, 0x00, 0x00, 0x3e, 0xff, 0xff, 0xff, 0xfc, 0x10, 0x00, 0x00, 0x05, 0xef, 
    0xff, 0xff, 0xff, 0xff, 0xd2, 0x00, 0x00, 0x6f, 0xff, 0xff, 0xff, 0xff, 0xff, 0xfe, 0x30, 0x00, 
    0x44, 0xff, 0xff, 0xff, 0xff, 0xff, 0xc4, 0x30, 0x00, 0x00, 0xff, 0xfe, 0xbb, 0xbf, 0xff, 0xb0, 
    0x00, 0x00, 0x00, 0xff, 0xfb, 0x00, 0x0f, 0xff, 0xb0, 0x00, 0x00, 0x00, 0xff, 0xfb, 0x00, 0x0f, 
    0xff, 0xb0, 0x00, 0x00, 0x00, 0xff, 0xfb, 0x00, 0x0f, 0xff, 0xb0, 0x00, 0x00, 0x00, 0xff, 0xfb, 
    0x00, 0x0f, 0xff, 0xb0, 0x00, 0x00, 0x00, 0x44, 0x43, 0x00, 0x04, 0x44, 0x30, 0x00, 0x00, 0x00, 
    0x00, 0x00, 0x00, 0x00, 0x00, 0x00, 0x00, 0x00, 0x00, 0x00, 0x00, 0x00, 0x00, 0x00, 0x00, 0x00, 
    0x00, 0x00, 0x00, 0x00, 0x00, 0x00, 0x00, 0x00, 0x00, 0x00, 0x00, 0x00, 0x07, 0xee, 0xa1, 0x00, 
    0x00, 0x00, 0x00, 0x00, 0x00, 0x3f, 0xff, 0xf8, 0x00, 0x00, 0x00, 0x00, 0x00, 0x00, 0x6f, 0xff, 
    0xf7, 0x00, 0x00, 0x00, 0x00, 0x00, 0x00, 0x6f, 0xff, 0x90, 0x00, 0x00, 0x00, 0x00, 0x89, 0x20, 
    0x2f, 0xfa, 0x00, 0x00, 0x00, 0x00, 0x07, 0xff, 0xc1, 0x0c, 0xf9, 0x16, 0x9a, 0x60, 0x00, 0x0a, 
    0xff, 0xfd, 0x8f, 0xdf, 0xff, 0xff, 0xfa, 0x00, 0x0a, 0xff, 0xff, 0xff, 0x2d, 0xff, 0xff, 0xfe, 
    0x00, 0x04, 0xff, 0xff, 0xde, 0xff, 0x57, 0xff, 0xfe, 0x00, 0x00, 0x26, 0x63, 0x04, 0xff, 0x10, 
    0x6f, 0xf8, 0x00, 0x00, 0x00, 0x00, 0x09, 0xff, 0x60, 0x04, 0x50, 0x00, 0x00, 0x00, 0x00, 0xaf, 
    0xff, 0x90, 0x00, 0x00, 0x00, 0x00, 0x00, 0x05, 0xff, 0xff, 0x90, 0x00, 0x00, 0x00, 0x00, 0x00, 
    0x04, 0xff, 0xff, 0x40, 0x00, 0x00, 0x00, 0x00, 0x00, 0x00, 0x5a, 0xa6, 0x00, 0x00, 0x00, 0x00, 
    0x00, 0x00, 0x00, 0x00, 0x00, 0x00, 0x00, 0x00, 0x00, 0x00, 0x00, 0x00, 0x00, 0x00, 0x00, 0x00, 
    0x00, 0x00, 0x00, 0x00, 0x00, 0x00, 0x00, 0x00, 0x00, 0x00, 0x00, 0x00, 0x00, 0x00, 0x4f, 0xff, 
    0x40, 0x00, 0x00, 0x00, 0x00, 0x00, 0x00, 0x7f, 0xff, 0x70, 0x00, 0x00, 0x00, 0x00, 0x2a, 0x43, 
    0xcf, 0xff, 0xc3, 0x4a, 0x20, 0x00, 0x00, 0xbf, 0xff, 0xff, 0xff, 0xff, 0xff, 0xb0, 0x00, 0x05, 
    0xff, 0xff, 0xff, 0xdf, 0xff, 0xff, 0xf5, 0x00, 0x06, 0xff, 0xff, 0xc2, 0x02, 0xcf, 0xff, 0xf6, 
    0x00, 0x00, 0x4f, 0xff, 0x30, 0x00, 0x3f, 0xff, 0x40, 0x00, 0x00, 0x0f, 0xff, 0x10, 0x00, 0x0f, 
    0xff, 0x00, 0x00, 0x00, 0x7f, 0xff, 0x40, 0x00, 0x4f, 0xff, 0x70, 0x00, 0x07, 0xff, 0xff, 0xd4, 
    0x14, 0xdf, 0xff, 0xf8, 0x00, 0x03, 0xff, 0xff, 0xff, 0xff, 0xff, 0xff, 0xf4, 0x00, 0x00, 0x9f, 
    0xfe, 0xff, 0xff, 0xfe, 0xff, 0xa0, 0x00, 0x00, 0x17, 0x21, 0xbf, 0xff, 0xb1, 0x27, 0x20, 0x00, 
    0x00, 0x00, 0x00, 0x6f, 0xff, 0x60, 0x00, 0x00, 0x00, 0x00, 0x00, 0x00, 0x3d, 0xdd, 0x30, 0x00, 
    0x00, 0x00, 0x00, 0x00, 0x00, 0x00, 0x00, 0x00, 0x00, 0x00, 0x00, 0x00, 0x00, 0x00, 0x00, 0x00, 
    0x00, 0x00, 0x00, 0x00, 0x00, 0x00, 0x00, 0x00, 0x00, 0x00, 0x00, 0x00, 0x00, 0x00, 0x00, 0x00, 
    0x00, 0x00, 0x00, 0x00, 0x00, 0x00, 0x00, 0x00, 0x00, 0x00, 0x00, 0x00, 0x00, 0x00, 0x00, 0x00, 
    0x00, 0x03, 0x9c, 0xef, 0xeb, 0x61, 0x00, 0x00, 0x00, 0x01, 0xaf, 0xff, 0xed, 0xff, 0xfe, 0x50, 
    0x00, 0x00, 0x2e, 0xff, 0xe5, 0x00, 0x29, 0xff, 0xf8, 0x00, 0x01, 0xdf, 0xff, 0x33, 0xce, 0x80, 
    0xaf, 0xff, 0x70, 0x09, 0xff, 0xfa, 0x0c, 0xff, 0xf5, 0x2f, 0xff, 0xf2, 0x0d, 0xff, 0xf8, 0x0e, 
    0xff, 0xf7, 0x0f, 0xff, 0xf5, 0x06, 0xff, 0xfa, 0x09, 0xff, 0xe2, 0x3f, 0xff, 0xd0, 0x00, 0xaf, 
    0xff, 0x40, 0x57, 0x20, 0xbf, 0xff, 0x30, 0x00, 0x1b, 0xff, 0xe7, 0x21, 0x4b, 0xff, 0xe4, 0x00, 
    0x00, 0x00, 0x7e, 0xff, 0xff, 0xff, 0xfc, 0x30, 0x00, 0x00, 0x00, 0x01, 0x6a, 0xcd, 0xb8, 0x40, 
    0x00, 0x00, 0x00, 0x00, 0x00, 0x00, 0x00, 0x00, 0x00, 0x00, 0x00, 0x00, 0x00, 0x00, 0x00, 0x00, 
    0x00, 0x00, 0x00, 0x00, 0x00, 0x00, 0x00, 0x00, 0x00, 0x00, 0x00, 0x00, 0x00, 0x00, 0x00, 0x00, 
    0x00, 0x00, 0x00, 0x00, 0x00, 0x00, 0x00, 0x00, 0x00, 0x00, 0x00, 0x00, 0x00, 0x00, 0x00, 0x00, 
    0x00, 0x00, 0x00, 0x00, 0x02, 0x20, 0x00, 0x00, 0x00, 0x00, 0x00, 0x00, 0x03, 0xdf, 0xfc, 0x20, 
    0x00, 0x00, 0x7b, 0xcc, 0xc3, 0x1e, 0xc5, 0x6e, 0xc0, 0x00, 0x03, 0xff, 0xff, 0xf1, 0x5f, 0x20, 
    0x06, 0xf2, 0x00, 0x04, 0xff, 0xff, 0xf1, 0x6f, 0x10, 0x05, 0xf3, 0x00, 0x04, 0xff, 0xff, 0xf3, 
    0x3f, 0xa1, 0x2c, 0xe0, 0x00, 0x04, 0xff, 0xff, 0xfa, 0x07, 0xff, 0xff, 0xf5, 0x00, 0x04, 0xff, 
    0xff, 0xff, 0x60, 0x37, 0x62, 0xcf, 0x50, 0x04, 0xff, 0xff, 0xff, 0xfa, 0x31, 0x12, 0x1c, 0xb0, 
    0x04, 0xff, 0xff, 0xff, 0xff, 0xff, 0xff, 0x41, 0x10, 0x04, 0xff, 0xff, 0xff, 0xff, 0xff, 0xff, 
    0xf2, 0x00, 0x04, 0xff, 0xff, 0xff, 0xff, 0xff, 0xff, 0xf4, 0x00, 0x04, 0xff, 0xff, 0xff, 0xff, 
    0xff, 0xff, 0xf4, 0x00, 0x04, 0xff, 0xff, 0xff, 0xff, 0xff, 0xff, 0xf4, 0x00, 0x03, 0xff, 0xff, 
    0xff, 0xff, 0xff, 0xff, 0xf3, 0x00, 0x00, 0x7b, 0xbb, 0xbb, 0xbb, 0xbb, 0xbb, 0x70, 0x00, 0x00, 
    0x00, 0x00, 0x00, 0x00, 0x00, 0x00, 0x00, 0x00, 0x00, 0x00, 0x00, 0x00, 0x31, 0x00, 0x00, 0x00, 
    0x00, 0x00, 0x00, 0x00, 0x07, 0xfe, 0x10, 0x00, 0x00, 0x00, 0x00, 0x00, 0x00, 0x3d, 0xff, 0x80, 
    0x00, 0x00, 0x00, 0x00, 0x00, 0x08, 0xff, 0xff, 0xfd, 0x30, 0x00, 0x00, 0x00, 0x00, 0x8f, 0xff, 
    0xff, 0xff, 0xe1, 0x00, 0x00, 0x00, 0x01, 0xff, 0xff, 0xff, 0xff, 0xf9, 0x00, 0x00, 0x00, 0x06, 
    0xff, 0xff, 0xff, 0xff, 0xfd, 0x00, 0x00, 0x00, 0x07, 0xff, 0xff, 0xff, 0xff, 0xff, 0x00, 0x00, 
    0x00, 0x07, 0xff, 0xff, 0xff, 0xff, 0xff, 0x00, 0x00, 0x00, 0x07, 0xff, 0xff, 0xff, 0xff, 0xff, 
    0x00, 0x00, 0x00, 0x07, 0xff, 0xff, 0xff, 0xff, 0xff, 0x00, 0x00, 0x00, 0x07, 0xff, 0xff, 0xff, 
    0xff, 0xff, 0x00, 0x00, 0x00, 0x2d, 0xff, 0xff, 0xff, 0xff, 0xff, 0x70, 0x00, 0x00, 0xdf, 0xff, 
    0xff, 0xff, 0xff, 0xff, 0xf6, 0x00, 0x00, 0x44, 0x44, 0x44, 0x44, 0x44, 0x44, 0x42, 0x00, 0x00, 
    0x00, 0x00, 0x0a, 0xff, 0x20, 0x00, 0x00, 0x00, 0x00, 0x00, 0x00, 0x01, 0x74, 0x00, 0x00, 0x00, 
    0x00, 0x00, 0x00, 0x00, 0x00, 0x00, 0x00, 0x00, 0x00, 0x00, 0x00, 0x00, 0x00, 0x00, 0x00, 0x00, 
    0x00, 0x00, 0x00, 0x00, 0x00, 0x00, 0x01, 0x32, 0x00, 0x00, 0x00, 0x00, 0x00, 0x00, 0x06, 0xcf, 
    0xff, 0xe9, 0x20, 0x00, 0x00, 0x00, 0x01, 0xbf, 0xc6, 0x45, 0x9e, 0xe5, 0x00, 0x00, 0x00, 0x0b, 
    0xf6, 0x00, 0x00, 0x01, 0xcf, 0x40, 0x00, 0x00, 0x7f, 0x50, 0x00, 0x40, 0x00, 0x1d, 0xd0, 0x00, 
    0x00, 0xeb, 0x00, 0x00, 0xf2, 0x00, 0x04, 0xf6, 0x00, 0x03, 0xf5, 0x00, 0x00, 0xf2, 0x00, 0x00, 
    0xda, 0x00, 0x06, 0xf2, 0x00, 0x00, 0xf2, 0x00, 0x00, 0xad, 0x00, 0x07, 0xf0, 0x00, 0x00, 0xf3, 
    0x00, 0x00, 0x8e, 0x00, 0x05, 0xf2, 0x00, 0x00, 0x9e, 0x70, 0x00, 0xac, 0x00, 0x02, 0xf6, 0x00, 
    0x00, 0x03, 0xcc, 0x20, 0xe9, 0x00, 0x00, 0xcc, 0x00, 0x00, 0x00, 0x06, 0x06, 0xf4, 0x00, 0x00, 
    0x5f, 0x80, 0x00, 0x00, 0x00, 0x2e, 0xc0, 0x00, 0x00, 0x09, 0xf9, 0x10, 0x00, 0x04, 0xee, 0x20, 
    0x00, 0x00, 0x00, 0x7f, 0xea, 0x89, 0xcf, 0xd2, 0x00, 0x00, 0x00, 0x00, 0x03, 0x9d, 0xfe, 0xb6, 
    0x00, 0x00, 0x00, 0x00, 0x00, 0x00, 0x00, 0x00, 0x00, 0x00, 0x00, 0x00, 
};

static const lv_font_fmt_txt_glyph_dsc_t ui_font_mdi_18_glyph_dsc[] = {
    {.bitmap_index = 0, .adv_w = 0, .box_w = 0, .box_h = 0, .ofs_x = 0, .ofs_y = 0},
    {.bitmap_index = 0, .adv_w = 288, .box_w = 18, .box_h = 18, .ofs_x = 0, .ofs_y = 0} /* lightbulb */,
    {.bitmap_index = 162, .adv_w = 288, .box_w = 18, .box_h = 18, .ofs_x = 0, .ofs_y = 0} /* battery-charging */,
    {.bitmap_index = 324, .adv_w = 288, .box_w = 18, .box_h = 18, .ofs_x = 0, .ofs_y = 0} /* water */,
    {.bitmap_index = 486, .adv_w = 288, .box_w = 18, .box_h = 18, .ofs_x = 0, .ofs_y = 0} /* thermometer */,
    {.bitmap_index = 648, .adv_w = 288, .box_w = 18, .box_h = 18, .ofs_x = 0, .ofs_y = 0} /* toggle-switch */,
    {.bitmap_index = 810, .adv_w = 288, .box_w = 18, .box_h = 18, .ofs_x = 0, .ofs_y = 0} /* spirit-level */,
    {.bitmap_index = 972, .adv_w = 288, .box_w = 18, .box_h = 18, .ofs_x = 0, .ofs_y = 0} /* tune */,
    {.bitmap_index = 1134, .adv_w = 288, .box_w = 18, .box_h = 18, .ofs_x = 0, .ofs_y = 0} /* wifi */,
    {.bitmap_index = 1296, .adv_w = 288, .box_w = 18, .box_h = 18, .ofs_x = 0, .ofs_y = 0} /* battery */,
    {.bitmap_index = 1458, .adv_w = 288, .box_w = 18, .box_h = 18, .ofs_x = 0, .ofs_y = 0} /* water-pump */,
    {.bitmap_index = 1620, .adv_w = 288, .box_w = 18, .box_h = 18, .ofs_x = 0, .ofs_y = 0} /* fire */,
    {.bitmap_index = 1782, .adv_w = 288, .box_w = 18, .box_h = 18, .ofs_x = 0, .ofs_y = 0} /* snowflake */,
    {.bitmap_index = 1944, .adv_w = 288, .box_w = 18, .box_h = 18, .ofs_x = 0, .ofs_y = 0} /* alert-circle */,
    {.bitmap_index = 2106, .adv_w = 288, .box_w = 18, .box_h = 18, .ofs_x = 0, .ofs_y = 0} /* solar-power */,
    {.bitmap_index = 2268, .adv_w = 288, .box_w = 18, .box_h = 18, .ofs_x = 0, .ofs_y = 0} /* check-bold */,
    {.bitmap_index = 2430, .adv_w = 288, .box_w = 18, .box_h = 18, .ofs_x = 0, .ofs_y = 0} /* home */,
    {.bitmap_index = 2592, .adv_w = 288, .box_w = 18, .box_h = 18, .ofs_x = 0, .ofs_y = 0} /* fan */,
    {.bitmap_index = 2754, .adv_w = 288, .box_w = 18, .box_h = 18, .ofs_x = 0, .ofs_y = 0} /* cog */,
    {.bitmap_index = 2916, .adv_w = 288, .box_w = 18, .box_h = 18, .ofs_x = 0, .ofs_y = 0} /* eye */,
    {.bitmap_index = 3078, .adv_w = 288, .box_w = 18, .box_h = 18, .ofs_x = 0, .ofs_y = 0} /* sliders */,
    {.bitmap_index = 3240, .adv_w = 288, .box_w = 18, .box_h = 18, .ofs_x = 0, .ofs_y = 0} /* bell */,
    {.bitmap_index = 3402, .adv_w = 288, .box_w = 18, .box_h = 18, .ofs_x = 0, .ofs_y = 0} /* clock */,
};

static const lv_font_fmt_txt_cmap_t ui_font_mdi_18_cmaps[] = {
    {
        .range_start = 0xE001,
        .range_length = 22,
        .glyph_id_start = 1,
        .unicode_list = NULL,
        .glyph_id_ofs_list = NULL,
        .list_length = 0,
        .type = LV_FONT_FMT_TXT_CMAP_FORMAT0_TINY
    }
};

static lv_font_fmt_txt_glyph_cache_t ui_font_mdi_18_cache;
static const lv_font_fmt_txt_dsc_t ui_font_mdi_18_font_dsc = {
    .glyph_bitmap = ui_font_mdi_18_bitmap,
    .glyph_dsc = ui_font_mdi_18_glyph_dsc,
    .cmaps = ui_font_mdi_18_cmaps,
    .kern_dsc = NULL,
    .kern_scale = 0,
    .cmap_num = 1,
    .bpp = 4,
    .kern_classes = 0,
    .bitmap_format = 0,
    .cache = &ui_font_mdi_18_cache
};

const lv_font_t ui_font_mdi_18 = {
    .get_glyph_dsc = lv_font_get_glyph_dsc_fmt_txt,
    .get_glyph_bitmap = lv_font_get_bitmap_fmt_txt,
    .line_height = 18,
    .base_line = 0,
    .subpx = LV_FONT_SUBPX_NONE,
    .underline_position = 0,
    .underline_thickness = 0,
    .dsc = &ui_font_mdi_18_font_dsc
};
