Methode;Endpoint;Node_ID;Flow;Deaktiviert;Direkte_Knoten;Antwortpfad_Knoten
GET;/batt;d88508e9.959f68;HTTP API;False;get battery stats;"bfac6a8c.d2ccf8 (function); b21dc5aa.b70b18 (http response)"
GET;/level;ff26b15d.781d2;HTTP API;False;get level stats;"23326e88.54d5b2 (function); 37f32fd8.9748e (http response)"
GET;/names;782c51e6.7fe59;HTTP API;False;get all names;"5d23d85a.2ca3b8 (function); 359a0021.f59c1 (http response)"
GET;/heater;f43c42b0.3680f;HTTP API;False;get heater stats;"ef5df576.d9abc8 (function); e9020de4.de6d4 (http response)"
GET;/temp;9ddd5b7.518bea8;HTTP API;False;get temp stats;"4cf7aa4a.c5c784 (function); aa3a9dde.7746a (http response)"
PUT;/relay/:input/:value;01c1b0774a7ce1c5;HTTP API;False;check input and switch state;"d705cc504a44adc6 (function); 1cb3c5e476649f72 (switch); 1682ab47f11056de (function); a04b3614573af150 (link out); 11075381c9dd3e27 (link out); d1c38a7c4b408418 (link out); bee832ef9e0bbec5 (link out); 27e4acfea3f8598a (link out); e0771acc5d3182c3 (link out); cf7080d88a760efb (link out); c51c399bbe263fb6 (link out); 8149cb2c7c0f30a7 (link out); aadae94e2e1bc4fb (link out); 667a356ea66c0b0b (link out); f17cc491a45853cb (link out); 3eaf76fa4a3a367f (link out); cc84186738e3c1ef (link out); 69a90c7c1f57ab5c (link out); 3fa1ea542a5af23b (link out); 56ed479fda417a04 (link out); 7352a6468ee7758c (http response); e9ffa3ef.cde5d (link in); 7255f9f4.6304d8 (link in); c698c6e8.416b58 (link in); f14867fc.930ab8 (link in); 1d05179e.1f1a78 (link in); c9adec52.63ae6 (link in); 38796905.f4b7f6 (link in); 2840c10.f61294 (link in); 4ff4423177e9c9e2 (link in); ae6b631be7ec453e (link in); 4491f643662d5c77 (link in); 8ce3227d4b571f7e (link in); fab3f22bfc74de38 (link in); fc59071f7bc9c363 (link in); 16c40068df12d089 (link in); 45c64f25acd963b0 (link in); 4ae33a3fcbc54d51 (link in); dacb7f5b.44d74 (ui_switch); c264fb8c.f1e758 (ui_switch); 405eccb2.a22934 (ui_switch); 49d48198.941ac (ui_switch); 16ced63f.7270ba (ui_switch); 2351c2f9.7423ee (ui_switch); b842531c.0277e (ui_switch); f37320d0.ce86 (ui_switch); 10fa8948db3baf41 (ui_switch); 8529f61a8f9e643c (ui_switch); c423568c54e281e9 (ui_switch); 9555af1be9250d32 (ui_switch); fdfe9d8614f8ca3e (ui_switch); 4dbe142ed792ce0a (ui_switch); 838558e07a04c3f2 (ui_switch); 23d487546698075b (ui_switch); 1fa229039423eddd (debug); 556369299806b459 (rbe); b7839b3e9d37f0d3 (rbe); 28afece1ae7c572c (rbe); c85a9d56e53c1c84 (rbe); 8f8ba72315e45977 (rbe); 0b8806316b9f1f97 (rbe); b7f1000d67f675cb (rbe); 07f48a64f4b612d3 (rbe); 98c7ecc0174e5299 (rbe); ac55dfb2e69804fe (rbe); 4921ba15ebb3d4a4 (rbe); 4b4e0a4b2e23ff26 (rbe); 7896a7b50cc2f972 (rbe); 3d89407b6bf8ee6b (rbe); 0f94d3852d666b31 (rbe); b71b7a48fed25aad (rbe); 575e0839.875e98 (function); 3f8eb0095811ce76 (function); 6b072cbdf39bdb32 (function); 5d4c63f3.64e5cc (function); c78c564257955279 (function); 772f50fb.034d (function); 948c057927ef953c (function); 307f6235.0808be (function); f551adef67b211a0 (function); 84e71d87.e932b (function); 16a04cee2fe86c0d (function); 3296f90c.eb22a6 (function); 8bb48b46f22cc9a4 (function); 7a15f64.9a20508 (function); 5fbc33ef8d4c3264 (function); fe61676.936ee98 (function); d808ce1c4dd82dbc (function); 844b28e8488c4e1e (function); 83f491958b6bf7e0 (function); e31a56d5c337354f (function); c94192cc36f00d3c (function); 17ef8fb35cb98a3c (function); 6ae0c683959c7f7f (function); a48f1fccc7739d49 (function); dc71bdcdeb611f4e (function); 355ceeaae73f7e45 (function); 3e18fafbc72717e1 (function); be345e74560b367e (function); 629b8965e5cbe52d (function); 1d0e15751b516264 (function); b4a661a9fdeb88cb (function); b7349a7681405584 (function); cdaaa637cae47296 (function); a581cc08db80c7d9 (function); 11c24833.f847b8 (link out); c4140e0413dc1967 (mqtt out); ea33014cabf2c836 (file); 714b8fe5d32f4ad8 (ui_toast); 745b7417fa854db2 (delay); 893b1d6d.f3097 (link out); 10853a74a8853af2 (delay); c0c96477.8f3118 (link out); 774ca146eb3d1f9f (delay); e6f5ea3d.aa0598 (link out); 72e77a114e869c04 (delay); 22d3166b.ba4d7a (link out); b7ac58ad17708d99 (delay); fdbe2584.d2b908 (link out); b39bc3b9fc585e68 (delay); 7342408f.2fe48 (link out); 29817dad5c4835e4 (delay); 3d012ced.3740b4 (link out); 31e4ebd73479bb42 (delay); 691214c579b41c70 (link out); 87d611f5a919ad84 (file); 4b1704410f20510f (ui_toast); 808515c78c12fc37 (delay); d2bf0caba8614b1e (link out); 1fb5abddf79117c5 (delay); c39792e7c90a2fe2 (link out); 37528c4efe70bad7 (delay); a5d89c3742d78dea (link out); 8fd899769644db0f (delay); 208e1f1eb9f22c32 (link out); 9cf76ecd8a9e2d84 (delay); b014531417d071b4 (link out); d516e760d9162fa9 (delay); e6ee0633f754d4d5 (link out); e8bdacb6919fa24f (delay); ab591dafa79d90ae (link out); f94c80569fbd0156 (delay); 5f7ef225e802d331 (link in); 9348abf8c276270a (link in); dbe756dfc89b0fb4 (link in); abbd303277aa527c (function); 2b6c67a08a38b33c (link in); aa89907677290b8c (link in); ca12122251924b01 (link in); c12e18a92136db46 (function); 1fc8eb3c4bc42c79 (link in); 79abbf32fb06c334 (link in); ec54228c4db0212d (link in); 9322254df0a50dd0 (function); 5053b040708d4007 (link in); b597242323e2a770 (link in); e5329047f8fee3b4 (link in); f31eb22dda87ec25 (function); 73311fc8d6eb600e (link in); 8151aed611eaa8e7 (link in); e02facf1447320bb (link in); 28523a58aea84894 (function); 47027916b2d62ebe (link in); 52e43a6771948438 (link in); f9f407ba63088578 (link in); e4ad212b47f86f0d (function); 0db21f3392bc27a4 (link in); 7aa42e41ebc575e6 (link in); d680dc96a13fab05 (link in); 7ef34e21da1f846c (function); 55747310bf7b4629 (link in); 98f97f53934b5d8c (link in); a34e368716a3eb73 (link in); a138645632ac4637 (function); e6bea5fb1ded6892 (link in); 96e247f4ce6043ff (link in); 04787940e354e854 (function); 58484475349c675d (link in); 3a7b92781df7312e (link in); 51e0eada2e6d0a0f (function); b8666aeb17d99e61 (link in); 9aa7270446fc9780 (link in); 418e285bf6c8e3c9 (function); 4d22fba0c6417f36 (link in); 542e1a38edb5b98a (link in); 1324f824247da153 (function); c6ab0ac75f670622 (link in); 9dcdd5e7213946d8 (link in); d13f5ef2fe061c89 (function); d1d5fa7d5a5160ed (link in); 9f68421874a8d03f (link in); 70c42719b58982e6 (function); 5b08957e63eefe68 (link in); 121d5bf274ecaaf2 (link in); 1901fbab1c6f995c (function); 0b98d2c3e7d8bad4 (link in); 8c77aae9dca78c80 (link in); db3d733b9665c0fe (function); 2074e9d605439834 (mqtt out); 889c8ddc118e5fca (function); ca6953ce.b6db4 (rpi-gpio out); 7ad5169983d2368e (mcp23017output); b4b738fbd7ad5aff (mcp23017output); 97ba6cd7.e559d (rpi-gpio out); f43809f3173a44bf (mqtt out); cee3c747.dbc478 (rpi-gpio out); 8507c66a115490b8 (mcp23017output); c8efce5699d02327 (mqtt out); f392f502296a6232 (mqtt out); b5d0eab215660af2 (mcp23017output); 4697133a.aceddc (rpi-gpio out); 3735167f9f619201 (mqtt out); e8c9636a.4c1bf (rpi-gpio out); 241e64303925f345 (mcp23017output); 4a2c0ad9ea94e045 (mqtt out); 2ed6fd73969112bc (mcp23017output); 53ad6ee2.c6f0e (rpi-gpio out); d06d12d901c7c070 (mcp23017output); 75e34b238b5abc25 (function); deb408ae953cf4cc (mqtt out); 3b8b7be9db74a220 (mqtt out); a3c4ea31880b6744 (mcp23017output); ed05436f.d7f34 (rpi-gpio out); 23afebf2b0e96047 (mcp23017output); send_status_9_16 (function); 7be676b641755f5c (mcp23017output); 9d342fd84d8a4784 (mcp23017output); 8fd9e521d36f20b2 (mcp23017output); f260231cee24fcd4 (mcp23017output); c5dda9fd8ecf260d (mcp23017output); 8a2d6816fd659bbb (mcp23017output); 8836eac87c5e9f8a (mcp23017output); 3ed42485ebab0ac2 (link out); f8b588d3.973108 (exec); 256c7ad0d0588ea0 (link out); 149f7856ccf5def5 (link in); a4299d651f63f813 (link in); 958943bee83afdc3 (serial out); aa61ce8655a20665 (serial out)"
GET;/relay/:input;857bd591a72db827;HTTP API;False;check input and get relay;"3f8e55018a683876 (function); 24ec5317eca5f0fb (http response)"
PUT;/toggle/relay/:input;86bc478d69c132c1;HTTP API;False;check input and switch state;"57fd6373ec601066 (function); 1cb3c5e476649f72 (switch); 1682ab47f11056de (function); a04b3614573af150 (link out); 11075381c9dd3e27 (link out); d1c38a7c4b408418 (link out); bee832ef9e0bbec5 (link out); 27e4acfea3f8598a (link out); e0771acc5d3182c3 (link out); cf7080d88a760efb (link out); c51c399bbe263fb6 (link out); 8149cb2c7c0f30a7 (link out); aadae94e2e1bc4fb (link out); 667a356ea66c0b0b (link out); f17cc491a45853cb (link out); 3eaf76fa4a3a367f (link out); cc84186738e3c1ef (link out); 69a90c7c1f57ab5c (link out); 3fa1ea542a5af23b (link out); 56ed479fda417a04 (link out); 7352a6468ee7758c (http response); e9ffa3ef.cde5d (link in); 7255f9f4.6304d8 (link in); c698c6e8.416b58 (link in); f14867fc.930ab8 (link in); 1d05179e.1f1a78 (link in); c9adec52.63ae6 (link in); 38796905.f4b7f6 (link in); 2840c10.f61294 (link in); 4ff4423177e9c9e2 (link in); ae6b631be7ec453e (link in); 4491f643662d5c77 (link in); 8ce3227d4b571f7e (link in); fab3f22bfc74de38 (link in); fc59071f7bc9c363 (link in); 16c40068df12d089 (link in); 45c64f25acd963b0 (link in); 4ae33a3fcbc54d51 (link in); dacb7f5b.44d74 (ui_switch); c264fb8c.f1e758 (ui_switch); 405eccb2.a22934 (ui_switch); 49d48198.941ac (ui_switch); 16ced63f.7270ba (ui_switch); 2351c2f9.7423ee (ui_switch); b842531c.0277e (ui_switch); f37320d0.ce86 (ui_switch); 10fa8948db3baf41 (ui_switch); 8529f61a8f9e643c (ui_switch); c423568c54e281e9 (ui_switch); 9555af1be9250d32 (ui_switch); fdfe9d8614f8ca3e (ui_switch); 4dbe142ed792ce0a (ui_switch); 838558e07a04c3f2 (ui_switch); 23d487546698075b (ui_switch); 1fa229039423eddd (debug); 556369299806b459 (rbe); b7839b3e9d37f0d3 (rbe); 28afece1ae7c572c (rbe); c85a9d56e53c1c84 (rbe); 8f8ba72315e45977 (rbe); 0b8806316b9f1f97 (rbe); b7f1000d67f675cb (rbe); 07f48a64f4b612d3 (rbe); 98c7ecc0174e5299 (rbe); ac55dfb2e69804fe (rbe); 4921ba15ebb3d4a4 (rbe); 4b4e0a4b2e23ff26 (rbe); 7896a7b50cc2f972 (rbe); 3d89407b6bf8ee6b (rbe); 0f94d3852d666b31 (rbe); b71b7a48fed25aad (rbe); 575e0839.875e98 (function); 3f8eb0095811ce76 (function); 6b072cbdf39bdb32 (function); 5d4c63f3.64e5cc (function); c78c564257955279 (function); 772f50fb.034d (function); 948c057927ef953c (function); 307f6235.0808be (function); f551adef67b211a0 (function); 84e71d87.e932b (function); 16a04cee2fe86c0d (function); 3296f90c.eb22a6 (function); 8bb48b46f22cc9a4 (function); 7a15f64.9a20508 (function); 5fbc33ef8d4c3264 (function); fe61676.936ee98 (function); d808ce1c4dd82dbc (function); 844b28e8488c4e1e (function); 83f491958b6bf7e0 (function); e31a56d5c337354f (function); c94192cc36f00d3c (function); 17ef8fb35cb98a3c (function); 6ae0c683959c7f7f (function); a48f1fccc7739d49 (function); dc71bdcdeb611f4e (function); 355ceeaae73f7e45 (function); 3e18fafbc72717e1 (function); be345e74560b367e (function); 629b8965e5cbe52d (function); 1d0e15751b516264 (function); b4a661a9fdeb88cb (function); b7349a7681405584 (function); cdaaa637cae47296 (function); a581cc08db80c7d9 (function); 11c24833.f847b8 (link out); c4140e0413dc1967 (mqtt out); ea33014cabf2c836 (file); 714b8fe5d32f4ad8 (ui_toast); 745b7417fa854db2 (delay); 893b1d6d.f3097 (link out); 10853a74a8853af2 (delay); c0c96477.8f3118 (link out); 774ca146eb3d1f9f (delay); e6f5ea3d.aa0598 (link out); 72e77a114e869c04 (delay); 22d3166b.ba4d7a (link out); b7ac58ad17708d99 (delay); fdbe2584.d2b908 (link out); b39bc3b9fc585e68 (delay); 7342408f.2fe48 (link out); 29817dad5c4835e4 (delay); 3d012ced.3740b4 (link out); 31e4ebd73479bb42 (delay); 691214c579b41c70 (link out); 87d611f5a919ad84 (file); 4b1704410f20510f (ui_toast); 808515c78c12fc37 (delay); d2bf0caba8614b1e (link out); 1fb5abddf79117c5 (delay); c39792e7c90a2fe2 (link out); 37528c4efe70bad7 (delay); a5d89c3742d78dea (link out); 8fd899769644db0f (delay); 208e1f1eb9f22c32 (link out); 9cf76ecd8a9e2d84 (delay); b014531417d071b4 (link out); d516e760d9162fa9 (delay); e6ee0633f754d4d5 (link out); e8bdacb6919fa24f (delay); ab591dafa79d90ae (link out); f94c80569fbd0156 (delay); 5f7ef225e802d331 (link in); 9348abf8c276270a (link in); dbe756dfc89b0fb4 (link in); abbd303277aa527c (function); 2b6c67a08a38b33c (link in); aa89907677290b8c (link in); ca12122251924b01 (link in); c12e18a92136db46 (function); 1fc8eb3c4bc42c79 (link in); 79abbf32fb06c334 (link in); ec54228c4db0212d (link in); 9322254df0a50dd0 (function); 5053b040708d4007 (link in); b597242323e2a770 (link in); e5329047f8fee3b4 (link in); f31eb22dda87ec25 (function); 73311fc8d6eb600e (link in); 8151aed611eaa8e7 (link in); e02facf1447320bb (link in); 28523a58aea84894 (function); 47027916b2d62ebe (link in); 52e43a6771948438 (link in); f9f407ba63088578 (link in); e4ad212b47f86f0d (function); 0db21f3392bc27a4 (link in); 7aa42e41ebc575e6 (link in); d680dc96a13fab05 (link in); 7ef34e21da1f846c (function); 55747310bf7b4629 (link in); 98f97f53934b5d8c (link in); a34e368716a3eb73 (link in); a138645632ac4637 (function); e6bea5fb1ded6892 (link in); 96e247f4ce6043ff (link in); 04787940e354e854 (function); 58484475349c675d (link in); 3a7b92781df7312e (link in); 51e0eada2e6d0a0f (function); b8666aeb17d99e61 (link in); 9aa7270446fc9780 (link in); 418e285bf6c8e3c9 (function); 4d22fba0c6417f36 (link in); 542e1a38edb5b98a (link in); 1324f824247da153 (function); c6ab0ac75f670622 (link in); 9dcdd5e7213946d8 (link in); d13f5ef2fe061c89 (function); d1d5fa7d5a5160ed (link in); 9f68421874a8d03f (link in); 70c42719b58982e6 (function); 5b08957e63eefe68 (link in); 121d5bf274ecaaf2 (link in); 1901fbab1c6f995c (function); 0b98d2c3e7d8bad4 (link in); 8c77aae9dca78c80 (link in); db3d733b9665c0fe (function); 2074e9d605439834 (mqtt out); 889c8ddc118e5fca (function); ca6953ce.b6db4 (rpi-gpio out); 7ad5169983d2368e (mcp23017output); b4b738fbd7ad5aff (mcp23017output); 97ba6cd7.e559d (rpi-gpio out); f43809f3173a44bf (mqtt out); cee3c747.dbc478 (rpi-gpio out); 8507c66a115490b8 (mcp23017output); c8efce5699d02327 (mqtt out); f392f502296a6232 (mqtt out); b5d0eab215660af2 (mcp23017output); 4697133a.aceddc (rpi-gpio out); 3735167f9f619201 (mqtt out); e8c9636a.4c1bf (rpi-gpio out); 241e64303925f345 (mcp23017output); 4a2c0ad9ea94e045 (mqtt out); 2ed6fd73969112bc (mcp23017output); 53ad6ee2.c6f0e (rpi-gpio out); d06d12d901c7c070 (mcp23017output); 75e34b238b5abc25 (function); deb408ae953cf4cc (mqtt out); 3b8b7be9db74a220 (mqtt out); a3c4ea31880b6744 (mcp23017output); ed05436f.d7f34 (rpi-gpio out); 23afebf2b0e96047 (mcp23017output); send_status_9_16 (function); 7be676b641755f5c (mcp23017output); 9d342fd84d8a4784 (mcp23017output); 8fd9e521d36f20b2 (mcp23017output); f260231cee24fcd4 (mcp23017output); c5dda9fd8ecf260d (mcp23017output); 8a2d6816fd659bbb (mcp23017output); 8836eac87c5e9f8a (mcp23017output); 3ed42485ebab0ac2 (link out); f8b588d3.973108 (exec); 256c7ad0d0588ea0 (link out); 149f7856ccf5def5 (link in); a4299d651f63f813 (link in); 958943bee83afdc3 (serial out); aa61ce8655a20665 (serial out)"
GET;/relay/;94700921f269acea;HTTP API;False;change;"85a890eb47b407a0 (change); 3f8e55018a683876 (function); 24ec5317eca5f0fb (http response)"
PUT;/names/:input;10071c4e6ed27059;HTTP API;False;check input and set name;"0e42267ed02c70bb (function); e9be18c319bccfd1 (http response); 961a8b6d41509271 (link out); 34ed1bb765acddd3 (switch); 32ccfc50.e148f4 (link in); 3f4ef597.ad8bba (link in); 7e47707c.5fe7b (link in); 49878440a32efc41 (link in); 86d9d10cd25caa2e (link in); 8f3c59a42992518b (link out); 1ca17d1277c17055 (link out); e2d931c67b5038fe (link out); 967fa4e3178fb82b (link out); 4d1b006b57d6ef45 (link out); 45bba022abc3c534 (link out); dcebcef7012c7f07 (link out); c693ba0e60a42a37 (link out); 2215762d38495713 (link out); 523289f1d05dad12 (link out); 3a8124b501346d8b (link out); fd6bfa7ca31c97fa (link out); 6f9b853e331a293a (link out); 004c62c10b636096 (link out); 3a493f6979414933 (link out); ec202c43ad863b73 (link out); 3818a04b207aea8c (link out); 3966ddcffc558c87 (link out); d7a9ec06ef6a2f8f (link out); d74657bdf8030b2f (link out); da2cf914da6895c2 (link out); 06e51df7bb811802 (link out); ea39a7c19379ec5a (link out); 22bb0428f7f4d15b (link out); ba8e80a7849282a2 (link out); d9fdbbd1cd30f63e (link out); c26a4b876c4901c9 (link out); c9ed3e060355439a (link out); 130f980449b663c9 (link out); b84b7db4506f8198 (link out); b84c1e8756a08551 (link out); 058bad9790e5e006 (link out); cd383f78ea1aa841 (link out); d9a0767fc8e50b76 (link out); 6f7685fb79ce0438 (link out); 761da5923e187298 (link out); 5ca2121a.c7476c (function); 132a4023.35b0c (function); 51b0d4c1.ba0bdc (function); e5045056.e89c6 (function); 12c7a3bb836a9288 (function); 7caef129.00c9c (function); 70b6c04154c5e67f (function); 58d92867b231b434 (function); dd821150f8164e91 (function); 1a8794f31a3f9ddb (link in); dc783718278813d6 (link in); cfb819effd2aef27 (link in); d2008d5c540c4214 (link in); 2fd913aba86f7a79 (link in); 3332389371230b20 (link in); 4c35af4930ed3a51 (link in); 9fa5ed9642841cac (link in); 7e3adb9d283ce234 (link in); ca585a03f0fe6085 (link in); d24286c0f1f05cf1 (link in); 1bbf9074b56672aa (link in); ffdfcbf3d0444b71 (link in); f77512a00db0f317 (link in); 01d48cd43596ed13 (link in); a4c1332f59457b49 (link in); 473f2db910e74f46 (link in); dc023f5d7a61c9d9 (link in); 2110d5ae121a4453 (link in); 5d624ae1b18443db (link in); 665af31eeae91d53 (link in); 5a630b11c01d184b (link in); 11b12c441106ccea (link in); d3dc38692edfe006 (link in); c66a52b7774be47b (link in); 4086c55304ba32ae (link in); d65b3469341a8601 (link in); 38fd2c83faf60559 (link in); 24787a551c032712 (link in); 702959d76f03f238 (link in); 32079052da4028df (link in); e5ec8a87df41929d (link in); e834be69d9ff260b (link in); 5eac3ead.16421 (ui_text); 7b15895.6650578 (ui_text); 3449dae3.b38826 (ui_text); fa2b3de4.8a0dd (ui_text); a1d4f160444a4602 (ui_text); 9dd528c74da483ca (ui_text); ea6556d01206832b (ui_text); c04bf80f.a3bca8 (ui_gauge); 89344e4c.925e4 (ui_gauge); 1d5acabb.0458c5 (ui_gauge); c48ac64f.26aa68 (ui_gauge); 28d4fec8a0463821 (link out); 1d2e5bcbdfc9f1dd (link out); e5f1c643c88678af (link out); 652d621d0418a46e (link out); 88d1e448c3b41ba6 (link out); 6a5426ca9ddc26b5 (link out); e4bb857bea1e52ac (link out); fbc584fa6430a6b8 (link out); 7e1c044ab3b77770 (link out); e82fdfc33903fb5f (link out); 2e4bae2a9e7a9504 (link out); ca49936a5a820eb7 (link out); cc0b945c80ecf135 (link out); 518a8288047d454e (link out); 1d8928e531d0e06e (link out); 56400c47deecbe4c (link out); bd8672ba07de696f (link out); 4b0ca954e629f2b8 (link out); 408f6cd253bacdd8 (link out); c1243a0bf2857362 (link out); de9aa9f8eca085be (link out); 9c73cdec3f57397f (link out); ebab9d7174ce5a23 (link out); 8b548c9f3137d612 (link out); a1972ee9.29679 (ui_text_input); 86b60f60.a8355 (ui_text_input); 9cf97778.139118 (ui_text_input); 791aeec7.321cb (ui_text_input); fbc74dc0.2725b (ui_text_input); a3e020c.60f03e (ui_text_input); 3385db85.c65384 (ui_text_input); 3657d220.a1d6ae (ui_text_input); a532ea7e.26e568 (ui_text_input); f21173d1.b7e2 (ui_text_input); 87a6e9a1.831058 (ui_text_input); f4e37d02.b4d79 (ui_text_input); a0e08ba7.a96ca8 (ui_text_input); a745d5e6.e4ccf8 (ui_text_input); 2b70e65a.8006da (ui_text_input); 92ebf03e.2a1f3 (ui_text_input); 6b6641d3.70cd9 (ui_text_input); 3acc317.3f09ace (ui_text_input); 4560845c.0f056c (ui_text_input); b23bd3ea.3d33d (ui_text_input); 3654343794b0d60b (ui_text_input); 4855ce8c394f0474 (ui_text_input); 9bd28c61cc5d0f60 (ui_text_input); 5f1077a1c97e442a (ui_text_input); 43dd7205c241a3f5 (ui_text_input); 4b757023062e257b (ui_text_input); f3edfc57b6f71d1a (ui_text_input); e6fe82539969ebf7 (ui_text_input); 9d53c04cf5bc3125 (ui_text_input); 469430488994e4dd (ui_text_input); db0ebf95db08bcd7 (ui_text_input); 3cdf1c4288542caa (ui_text_input); e53f65affb0a9cdc (ui_text_input); afbb8dda.ffe6c (link in); 33a5d09e.6cc14 (link in); 428f4d48.86eaf4 (link in); d2ce5044.ef8af (link in); 9f1c7c65c2da2d42 (link in); d76c3b78c0f14e69 (link in); 34f49f08e1a06032 (link in); 1be6547089f6e149 (link in); e9ffa3ef.cde5d (link in); 7255f9f4.6304d8 (link in); c698c6e8.416b58 (link in); f14867fc.930ab8 (link in); 1d05179e.1f1a78 (link in); c9adec52.63ae6 (link in); 38796905.f4b7f6 (link in); 2840c10.f61294 (link in); 4ff4423177e9c9e2 (link in); ae6b631be7ec453e (link in); 4491f643662d5c77 (link in); 8ce3227d4b571f7e (link in); fab3f22bfc74de38 (link in); fc59071f7bc9c363 (link in); 16c40068df12d089 (link in); 45c64f25acd963b0 (link in); c7186a00.1f8008 (function); bf524e30.aee3a (function); 32d6ddd1.a8cf42 (function); bd039661.518338 (function); 8e534e5e.25926 (function); 65ec58d8.2e20d8 (function); bf991faf.6b7e3 (function); a0728574.b88808 (function); 34989457b37ba41c (function); 7e5dd808caf3ab80 (function); 3bf82db623790dae (function); b35d7482a80d8a21 (function); 85d8a510243ed37c (function); aefa1bb47c92cf22 (function); 6c2c736dc2343a4e (function); 24a53655b9ad63d3 (function); a1db71584261a3d9 (function); c9daedb8c69302ea (function); 472e024995eeab41 (function); abbaac35377750a5 (function); 0bc9ca67d5625ccb (function); 147ea82a0a7ce441 (function); 397efcecaf802fa1 (function); 3af6428de4e19057 (function); dc90a07fb4700c47 (function); 37eb738366935ad5 (function); e041d55d15579fe5 (function); 1ec4b3939a4f7266 (function); 8da332c8153c7ac2 (function); 52afb017e342e15c (function); 9075d1cce589eeb8 (function); 975433f7d68fb7e9 (function); 2985ccc2efb988ca (function); 76541ff7.ab1ae (ui_switch); 37ad96a9.a550ea (ui_switch); 4763f80d.ed3f48 (ui_switch); 88dbb3f0.a2ee9 (ui_switch); 5ce49e3185f26ef1 (ui_switch); 6b47e26eed9d0d78 (ui_switch); 8e18a3125e7bef2f (ui_switch); f9ebdac609b17044 (ui_switch); dacb7f5b.44d74 (ui_switch); c264fb8c.f1e758 (ui_switch); 405eccb2.a22934 (ui_switch); 49d48198.941ac (ui_switch); 16ced63f.7270ba (ui_switch); 2351c2f9.7423ee (ui_switch); b842531c.0277e (ui_switch); f37320d0.ce86 (ui_switch); 10fa8948db3baf41 (ui_switch); 8529f61a8f9e643c (ui_switch); c423568c54e281e9 (ui_switch); 9555af1be9250d32 (ui_switch); fdfe9d8614f8ca3e (ui_switch); 4dbe142ed792ce0a (ui_switch); 838558e07a04c3f2 (ui_switch); 23d487546698075b (ui_switch); a960af57.82ed2 (file); f44691ed.3a89b (file); ac2e89e2.650558 (file); 229510f6.d7b4b (file); 95b65521.330658 (file); f948d883.ddefa8 (file); 1b4df6b1.d5d079 (file); 44863f4d.c23ab (file); e58353f0.77e45 (file); 650ba9b9.bcbab8 (file); b01dea90.4b73d8 (file); 673f9b64.ec2644 (file); 36414bc3.9061f4 (file); c246b726.ae57a8 (file); 58df7b5a.591b94 (file); 457295c0.90b69c (file); 34742d8f.d7f642 (file); 309c5f90.5e4b1 (file); e5500cd0.0a33d (file); 16a26d87.c605c2 (file); 79b2b5b702fa38cf (file); 262ce9d6fe0c435a (file); 7250317779b3a060 (file); 41c094a230c84a0b (file); 9c260c0c01dcecee (ui_slider); f59a188f5fb19d20 (file); b566912b7da01b3e (ui_slider); f8802d1cacb574d7 (file); 457080d6f1a0a58c (ui_slider); 0263faba25447470 (file); 5a141498315d3639 (ui_slider); a6fc3c879c121d63 (file); dea8372f33e5f952 (ui_slider); 45d941ecdde18d6e (file); f0b6f11e944e3076 (ui_slider); 00eaa3337673ce9d (file); cbd699c76f36f433 (ui_slider); a0315773dba26480 (file); 3d34cd9892c37e68 (file); 8a1f4537f7c579a8 (file); 597e96e99fadadce (rbe); 5a0970c2f3783800 (rbe); 96cb072e100f181b (rbe); c8b3faedf72d6702 (rbe); b2ed74aa628a2fdd (rbe); 02810ae796c0e68c (rbe); 8f8d30f09d5461de (rbe); 63dfc0b206732500 (rbe); 556369299806b459 (rbe); b7839b3e9d37f0d3 (rbe); 28afece1ae7c572c (rbe); c85a9d56e53c1c84 (rbe); 8f8ba72315e45977 (rbe); 0b8806316b9f1f97 (rbe); b7f1000d67f675cb (rbe); 07f48a64f4b612d3 (rbe); 98c7ecc0174e5299 (rbe); ac55dfb2e69804fe (rbe); 4921ba15ebb3d4a4 (rbe); 4b4e0a4b2e23ff26 (rbe); 7896a7b50cc2f972 (rbe); 3d89407b6bf8ee6b (rbe); 0f94d3852d666b31 (rbe); b71b7a48fed25aad (rbe); c0714c204d44c8fe (rbe); 9a3db5651a28e8f9 (rbe); 4438ae44ed3bff35 (rbe); a3310993b5528553 (rbe); 13b5de2f06ab1e12 (rbe); 7b8b8bffd70b23b3 (rbe); 161a674ae1c48cfe (rbe); 21ee26df2e861511 (function); 4148a30219ef856c (function); 3883f084b00f9733 (delay); fb860c240b114fba (function); efc3c9c3bced7230 (function); 7fda72fb323b9977 (function); 9b0e524b08572d0c (function); c599388845a50874 (function); e1334c940e639f58 (function); 5007441d228d9454 (function); 71e36bd1129b774a (function); 829c505570bd4a61 (function); 3753ceb5b10a7dfe (function); fed66f9ff8776208 (function); e738c8dab13b0bd1 (function); 7ae588fbac302eab (function); 5f85a38288c97e88 (function); 5d84f047f69dbdb1 (function); 575e0839.875e98 (function); 3f8eb0095811ce76 (function); 6b072cbdf39bdb32 (function); 5d4c63f3.64e5cc (function); c78c564257955279 (function); 772f50fb.034d (function); 948c057927ef953c (function); 307f6235.0808be (function); f551adef67b211a0 (function); 84e71d87.e932b (function); 16a04cee2fe86c0d (function); 3296f90c.eb22a6 (function); 8bb48b46f22cc9a4 (function); 7a15f64.9a20508 (function); 5fbc33ef8d4c3264 (function); fe61676.936ee98 (function); d808ce1c4dd82dbc (function); 844b28e8488c4e1e (function); 83f491958b6bf7e0 (function); e31a56d5c337354f (function); c94192cc36f00d3c (function); 17ef8fb35cb98a3c (function); 6ae0c683959c7f7f (function); a48f1fccc7739d49 (function); dc71bdcdeb611f4e (function); 355ceeaae73f7e45 (function); 3e18fafbc72717e1 (function); be345e74560b367e (function); 629b8965e5cbe52d (function); 1d0e15751b516264 (function); b4a661a9fdeb88cb (function); b7349a7681405584 (function); cdaaa637cae47296 (function); a581cc08db80c7d9 (function); 6c2a8f64017e95f3 (function); 354f1305d10a584d (function); fe8125f01767e145 (function); 532353aff239cca0 (function); da2c0b26d84f2a2d (function); 0bfb1cd7131cb278 (function); d8b62a68bc265de2 (function); 696b0d1dc778a4b1 (function); caaa10531049fe5d (function); fe6f612a27c5f195 (function); 8de1a1aef6c90609 (function); 512cde55abcc6258 (function); f1b82142a16f4543 (function); dd8357352639317c (function); 06edc5bd4d89025e (function); 2a5998b1e122a988 (function); 54b399881ab7d9fa (function); 569314ac11f42396 (function); 8a80d7cb80b5b381 (function); a57df99bb3cb7a36 (function); 086c230238b039ea (function); 2a2ecc988fd5ea83 (function); 6e8f7f4b3480db6c (function); 916abc52c8bbae6e (function); f74fddb26d9a21e2 (function); 1c5e825826a5afb0 (function); 0436c052feb5f17b (function); 232cb7aa458c8edd (function); 27bdb3ee.04bc8c (link out); cfbb76ac4a79bfd3 (ui_toast); 96e19e6e48e30801 (delay); e075d7b422b496e1 (function); e6fcf7b384f8fa1a (link out); eb22399f.41d3c8 (link out); 32f4bd38b7dd947c (delay); 60b06911.d6dea8 (link out); efe2d961262a8df3 (delay); 309e32c.0530fce (link out); ffb9dc8a5f2bb3bb (delay); df5dc54968f5895e (link out); abfca0160a7a1dfa (delay); 114eda8aabd9e2a7 (link out); e3f32994ead4d191 (delay); 40212aac63b29d3e (link out); beff3b3f8a94f509 (delay); 84f111f6cb530c4d (link out); 417c94c49c9594fd (delay); 11c24833.f847b8 (link out); c4140e0413dc1967 (mqtt out); ea33014cabf2c836 (file); 714b8fe5d32f4ad8 (ui_toast); 745b7417fa854db2 (delay); 893b1d6d.f3097 (link out); 10853a74a8853af2 (delay); c0c96477.8f3118 (link out); 774ca146eb3d1f9f (delay); e6f5ea3d.aa0598 (link out); 72e77a114e869c04 (delay); 22d3166b.ba4d7a (link out); b7ac58ad17708d99 (delay); fdbe2584.d2b908 (link out); b39bc3b9fc585e68 (delay); 7342408f.2fe48 (link out); 29817dad5c4835e4 (delay); 3d012ced.3740b4 (link out); 31e4ebd73479bb42 (delay); 691214c579b41c70 (link out); 87d611f5a919ad84 (file); 4b1704410f20510f (ui_toast); 808515c78c12fc37 (delay); d2bf0caba8614b1e (link out); 1fb5abddf79117c5 (delay); c39792e7c90a2fe2 (link out); 37528c4efe70bad7 (delay); a5d89c3742d78dea (link out); 8fd899769644db0f (delay); 208e1f1eb9f22c32 (link out); 9cf76ecd8a9e2d84 (delay); b014531417d071b4 (link out); d516e760d9162fa9 (delay); e6ee0633f754d4d5 (link out); e8bdacb6919fa24f (delay); ab591dafa79d90ae (link out); f94c80569fbd0156 (delay); 03b72c51139aa111 (mqtt out); bf3abacef992f565 (delay); 11ca7492470d67a3 (delay); 8efeb6afa4745edd (PCA9685 out); 2011ec5eeb1c4aca (trigger); dd9af841e8537f3d (file); 545757a37f07c6db (delay); dd66774b350987e0 (file); 1e6d3c0453de73ea (delay); 9e42cdd7cba31cdf (file); d9ba974a40b153d9 (delay); 4a17c943df9897d7 (file); 33211d3baf3d1e48 (delay); a1f69b735c441f4d (file); 29ed9634fd2d2969 (delay); dd33b8ee8534e829 (file); 2611d858482c399a (delay); 7f584139d7a5150d (file); 67e7dbe48b39e6e4 (link in); 3603d00d284e6207 (function); 11c0f2b4455263a0 (file); 149f7856ccf5def5 (link in); a4299d651f63f813 (link in); fe0c5890608f9457 (link in); ca174fea6a29978a (function); b7ebdd6f595b53a1 (link in); 3b2de9cdbb86301c (function); 52e560227ba2414c (link in); 856aa6a3d2da990d (function); 694613034a60fe9a (link in); c2e6a879c630ed32 (function); 72d54ceabf2571b6 (link in); 9fe4dd46673216ed (function); 06d97ee62fa005c1 (link in); 5c96b17a6bef3f87 (function); aa1e33fda110d928 (link in); e1079dd8df2b2bb0 (function); 5f7ef225e802d331 (link in); 9348abf8c276270a (link in); dbe756dfc89b0fb4 (link in); abbd303277aa527c (function); 2b6c67a08a38b33c (link in); aa89907677290b8c (link in); ca12122251924b01 (link in); c12e18a92136db46 (function); 1fc8eb3c4bc42c79 (link in); 79abbf32fb06c334 (link in); ec54228c4db0212d (link in); 9322254df0a50dd0 (function); 5053b040708d4007 (link in); b597242323e2a770 (link in); e5329047f8fee3b4 (link in); f31eb22dda87ec25 (function); 73311fc8d6eb600e (link in); 8151aed611eaa8e7 (link in); e02facf1447320bb (link in); 28523a58aea84894 (function); 47027916b2d62ebe (link in); 52e43a6771948438 (link in); f9f407ba63088578 (link in); e4ad212b47f86f0d (function); 0db21f3392bc27a4 (link in); 7aa42e41ebc575e6 (link in); d680dc96a13fab05 (link in); 7ef34e21da1f846c (function); 55747310bf7b4629 (link in); 98f97f53934b5d8c (link in); a34e368716a3eb73 (link in); a138645632ac4637 (function); e6bea5fb1ded6892 (link in); 96e247f4ce6043ff (link in); 04787940e354e854 (function); 58484475349c675d (link in); 3a7b92781df7312e (link in); 51e0eada2e6d0a0f (function); b8666aeb17d99e61 (link in); 9aa7270446fc9780 (link in); 418e285bf6c8e3c9 (function); 4d22fba0c6417f36 (link in); 542e1a38edb5b98a (link in); 1324f824247da153 (function); c6ab0ac75f670622 (link in); 9dcdd5e7213946d8 (link in); d13f5ef2fe061c89 (function); d1d5fa7d5a5160ed (link in); 9f68421874a8d03f (link in); 70c42719b58982e6 (function); 5b08957e63eefe68 (link in); 121d5bf274ecaaf2 (link in); 1901fbab1c6f995c (function); 0b98d2c3e7d8bad4 (link in); 8c77aae9dca78c80 (link in); db3d733b9665c0fe (function); dd4df6eea9463e7d (ui_toast); 77f46d7148f4e9d3 (function); 2a054d354f71502b (function); 350cc103d9513627 (function); 7a824e5117f251eb (function); 77268c3ff5d5ab2b (function); 9934d71668639798 (function); 333fe6f89746b733 (function); 10d1782a44749d7b (function); fb19f56ead20dc2f (function); 958943bee83afdc3 (serial out); aa61ce8655a20665 (serial out); fcb32d2be06ce675 (function); f6d16398be364060 (function); 773190450a671ed4 (function); 704168d24a4fac79 (function); e0177058c8cadf8e (function); 091a2ac70f1f4009 (function); 574c34b8b393d13d (function); 2074e9d605439834 (mqtt out); 889c8ddc118e5fca (function); ca6953ce.b6db4 (rpi-gpio out); 7ad5169983d2368e (mcp23017output); b4b738fbd7ad5aff (mcp23017output); 97ba6cd7.e559d (rpi-gpio out); f43809f3173a44bf (mqtt out); cee3c747.dbc478 (rpi-gpio out); 8507c66a115490b8 (mcp23017output); c8efce5699d02327 (mqtt out); f392f502296a6232 (mqtt out); b5d0eab215660af2 (mcp23017output); 4697133a.aceddc (rpi-gpio out); 3735167f9f619201 (mqtt out); e8c9636a.4c1bf (rpi-gpio out); 241e64303925f345 (mcp23017output); 4a2c0ad9ea94e045 (mqtt out); 2ed6fd73969112bc (mcp23017output); 53ad6ee2.c6f0e (rpi-gpio out); d06d12d901c7c070 (mcp23017output); 75e34b238b5abc25 (function); deb408ae953cf4cc (mqtt out); 3b8b7be9db74a220 (mqtt out); a3c4ea31880b6744 (mcp23017output); ed05436f.d7f34 (rpi-gpio out); 23afebf2b0e96047 (mcp23017output); send_status_9_16 (function); 7be676b641755f5c (mcp23017output); 9d342fd84d8a4784 (mcp23017output); 8fd9e521d36f20b2 (mcp23017output); f260231cee24fcd4 (mcp23017output); c5dda9fd8ecf260d (mcp23017output); 8a2d6816fd659bbb (mcp23017output); 8836eac87c5e9f8a (mcp23017output); 79f9894e231c4335 (mqtt out); 3fd0544fc1b89d87 (change); 93255970083235ad (function); 9dd26b7e1d5ac224 (change); 1042846c15385925 (function); 1c9927c15d6977bb (change); a1e068cccabcd7a0 (function); e91031657d64fafd (change); 5ffe7b10990774fa (function); 7532d427c865f268 (change); 7908f847b673f247 (function); 1501d47eb0d666a9 (change); 20787e6da0a62f70 (function); 509db69f7fbe9191 (change); 8d04b21344215621 (function); 1fe9ae9afe629957 (change); cddf98e998af4b9b (function); 3ed42485ebab0ac2 (link out); f8b588d3.973108 (exec); 256c7ad0d0588ea0 (link out); 9c23f540971d9913 (mqtt out); b3daf59bcadd64f7 (mqtt out); fe115789f3301412 (mqtt out); 9275f314501ecde3 (mqtt out); f4944c8a692468f5 (mqtt out); 0fc08d4e7fa482de (mqtt out); b330b7da44a85370 (mqtt out); c250932465383394 (mqtt out); 0bbbdbf727781991 (mqtt out); b4b3bf04cfd35d32 (mqtt out); 94e93c14c0bf4346 (mqtt out); d611e7600cf39707 (mqtt out); 72ef4f1fa22f45d5 (mqtt out); 10345fa2806491a4 (mqtt out); d815672b8428ba63 (mqtt out); 502f6a06c5e0c002 (mqtt out)"
GET;/wrelay/:input;a454928c0a2e740d;HTTP API;False;check input and get wrelay;"9c197e66867dcb29 (function); a2c7311476d4c970 (http response)"
PUT;/toggle/wrelay/:input;ac3c4fe5cd58e530;HTTP API;False;check input and switch state;"3afd7417681bcb87 (function); 5d26899bef877b6f (switch); 56e1abb5b2e7247e (function); 937d5e03dd599a61 (link out); 80da336a069ba2df (link out); 80cd2ca9be046404 (link out); 236f17a63794e768 (link out); 7cb5ca22f1c184e8 (link out); 8c23965172e6d81f (link out); c4e1e5d7a9f81b29 (link out); 0bf4c82c6cb860c4 (link out); f9ca9d33383d5220 (http response); afbb8dda.ffe6c (link in); 33a5d09e.6cc14 (link in); 428f4d48.86eaf4 (link in); d2ce5044.ef8af (link in); 9f1c7c65c2da2d42 (link in); d76c3b78c0f14e69 (link in); 34f49f08e1a06032 (link in); 1be6547089f6e149 (link in); 76541ff7.ab1ae (ui_switch); 37ad96a9.a550ea (ui_switch); 4763f80d.ed3f48 (ui_switch); 88dbb3f0.a2ee9 (ui_switch); 5ce49e3185f26ef1 (ui_switch); 6b47e26eed9d0d78 (ui_switch); 8e18a3125e7bef2f (ui_switch); f9ebdac609b17044 (ui_switch); 597e96e99fadadce (rbe); 5a0970c2f3783800 (rbe); 96cb072e100f181b (rbe); c8b3faedf72d6702 (rbe); b2ed74aa628a2fdd (rbe); 02810ae796c0e68c (rbe); 8f8d30f09d5461de (rbe); 63dfc0b206732500 (rbe); 21ee26df2e861511 (function); 4148a30219ef856c (function); 3883f084b00f9733 (delay); fb860c240b114fba (function); efc3c9c3bced7230 (function); 7fda72fb323b9977 (function); 9b0e524b08572d0c (function); c599388845a50874 (function); e1334c940e639f58 (function); 5007441d228d9454 (function); 71e36bd1129b774a (function); 829c505570bd4a61 (function); 3753ceb5b10a7dfe (function); fed66f9ff8776208 (function); e738c8dab13b0bd1 (function); 7ae588fbac302eab (function); 5f85a38288c97e88 (function); 5d84f047f69dbdb1 (function); 27bdb3ee.04bc8c (link out); cfbb76ac4a79bfd3 (ui_toast); 96e19e6e48e30801 (delay); e075d7b422b496e1 (function); e6fcf7b384f8fa1a (link out); eb22399f.41d3c8 (link out); 32f4bd38b7dd947c (delay); 60b06911.d6dea8 (link out); efe2d961262a8df3 (delay); 309e32c.0530fce (link out); ffb9dc8a5f2bb3bb (delay); df5dc54968f5895e (link out); abfca0160a7a1dfa (delay); 114eda8aabd9e2a7 (link out); e3f32994ead4d191 (delay); 40212aac63b29d3e (link out); beff3b3f8a94f509 (delay); 84f111f6cb530c4d (link out); 417c94c49c9594fd (delay); 67e7dbe48b39e6e4 (link in); 3603d00d284e6207 (function); 11c0f2b4455263a0 (file); 149f7856ccf5def5 (link in); a4299d651f63f813 (link in); fe0c5890608f9457 (link in); ca174fea6a29978a (function); b7ebdd6f595b53a1 (link in); 3b2de9cdbb86301c (function); 52e560227ba2414c (link in); 856aa6a3d2da990d (function); 694613034a60fe9a (link in); c2e6a879c630ed32 (function); 72d54ceabf2571b6 (link in); 9fe4dd46673216ed (function); 06d97ee62fa005c1 (link in); 5c96b17a6bef3f87 (function); aa1e33fda110d928 (link in); e1079dd8df2b2bb0 (function); fb19f56ead20dc2f (function); 958943bee83afdc3 (serial out); aa61ce8655a20665 (serial out); fcb32d2be06ce675 (function); f6d16398be364060 (function); 773190450a671ed4 (function); 704168d24a4fac79 (function); e0177058c8cadf8e (function); 091a2ac70f1f4009 (function); 574c34b8b393d13d (function); 3fd0544fc1b89d87 (change); 93255970083235ad (function); 9dd26b7e1d5ac224 (change); 1042846c15385925 (function); 1c9927c15d6977bb (change); a1e068cccabcd7a0 (function); e91031657d64fafd (change); 5ffe7b10990774fa (function); 7532d427c865f268 (change); 7908f847b673f247 (function); 1501d47eb0d666a9 (change); 20787e6da0a62f70 (function); 509db69f7fbe9191 (change); 8d04b21344215621 (function); 1fe9ae9afe629957 (change); cddf98e998af4b9b (function); 9c23f540971d9913 (mqtt out); b3daf59bcadd64f7 (mqtt out); fe115789f3301412 (mqtt out); 9275f314501ecde3 (mqtt out); f4944c8a692468f5 (mqtt out); 0fc08d4e7fa482de (mqtt out); b330b7da44a85370 (mqtt out); c250932465383394 (mqtt out); 0bbbdbf727781991 (mqtt out); b4b3bf04cfd35d32 (mqtt out); 94e93c14c0bf4346 (mqtt out); d611e7600cf39707 (mqtt out); 72ef4f1fa22f45d5 (mqtt out); 10345fa2806491a4 (mqtt out); d815672b8428ba63 (mqtt out); 502f6a06c5e0c002 (mqtt out)"
GET;/wrelay/;5aec9fd67fb417a3;HTTP API;False;change;"8ab619cea79ce0b1 (change); 9c197e66867dcb29 (function); a2c7311476d4c970 (http response)"
PUT;/dimmer/:input/:value;04e90dc1676dd13a;HTTP API;False;check input and set global var;"4731f46fb5c68aa6 (function); eaef487a095f1941 (switch); 91de187138cf19d0 (debug); fc065be1e2a2befc (function); 5c11b83dee20395c (link out); 943b6d53caa983d3 (link out); d237df5591cd888b (link out); 59f8057dce575916 (link out); d34f3ab8abe848f6 (link out); 439c5c6219f2ad26 (link out); 7cbbc3bbc7cca512 (link out); fa5e454b2672161d (link out); c00b8c80e6961f16 (link out); 61346cdf09f072f4 (link out); 257e37925ef18cd6 (link out); 4131a8fc0f08eaa1 (link out); 0522dc39a389f66f (link out); c42c31e670a7025e (link out); 068fc2e141c5b734 (link out); d03723027187589b (link out); b987d9635c725793 (http response); a4c0fd66546e7864 (link in); 1db51e9f7fe5ebea (link in); 09bf8b5862924eed (link in); 4896e98db77c2f91 (link in); 77683cc8a2a2dd71 (link in); 2530d817d07d6ef2 (link in); d4e73c36b453526a (link in); 9111409c75d85d09 (link in); 4644e57c1705d5cf (link in); e087d6825c289e2b (link in); e19e083430f85a9f (link in); 80cad585daad7c91 (link in); 7f6e759ecc8eb4b9 (link in); 8a9ea6cc9e8bbcb1 (link in); 5a18a21e19d10933 (link in); a7e7b0d40c1f1ce0 (link in); 9196a3fa0d589a9f (link in); 9c260c0c01dcecee (ui_slider); b566912b7da01b3e (ui_slider); 457080d6f1a0a58c (ui_slider); 5a141498315d3639 (ui_slider); dea8372f33e5f952 (ui_slider); f0b6f11e944e3076 (ui_slider); cbd699c76f36f433 (ui_slider); c847cd4fb553c336 (switch); 5cb087480bcfae29 (debug); 1d8bd7c6994fa13d (ui_slider); 364fd86a428e2c8d (ui_slider); 0da98015a0dc90a0 (ui_slider); 3297948ce503b36d (ui_slider); 636d1aeb12d5a72e (ui_slider); 92debea3531c5385 (ui_slider); b0de16f674be1a07 (ui_slider); 2d50f5134c863c0a (ui_slider); df3e6713d5aae714 (debug); c0714c204d44c8fe (rbe); 9a3db5651a28e8f9 (rbe); 4438ae44ed3bff35 (rbe); a3310993b5528553 (rbe); 13b5de2f06ab1e12 (rbe); 7b8b8bffd70b23b3 (rbe); 161a674ae1c48cfe (rbe); d60b096d792bafef (function); 1e2d6734043420e1 (function); b37d7dc323089de3 (rbe); 5c20f36a5384a3ce (rbe); 2699c3059087953f (rbe); 81d64f9a144bbe9e (rbe); 5b2e1ec2a8e315f5 (rbe); 09e325df898a43c0 (rbe); dcb2b9cf17fb3a84 (rbe); 956ea6dc1e4c4217 (rbe); 6c2a8f64017e95f3 (function); 354f1305d10a584d (function); fe8125f01767e145 (function); 532353aff239cca0 (function); da2c0b26d84f2a2d (function); 0bfb1cd7131cb278 (function); d8b62a68bc265de2 (function); 696b0d1dc778a4b1 (function); caaa10531049fe5d (function); fe6f612a27c5f195 (function); 8de1a1aef6c90609 (function); 512cde55abcc6258 (function); f1b82142a16f4543 (function); dd8357352639317c (function); 06edc5bd4d89025e (function); 2a5998b1e122a988 (function); 54b399881ab7d9fa (function); 569314ac11f42396 (function); 8a80d7cb80b5b381 (function); a57df99bb3cb7a36 (function); 086c230238b039ea (function); 2a2ecc988fd5ea83 (function); 6e8f7f4b3480db6c (function); 916abc52c8bbae6e (function); f74fddb26d9a21e2 (function); 1c5e825826a5afb0 (function); 0436c052feb5f17b (function); 232cb7aa458c8edd (function); 06e389c3d3dd1195 (http request); 9889e86a0f3212d2 (function); 0c8ad73c51095959 (function); 32505e5772cb99a5 (function); af9928ce90ceca3b (function); 216a0b2364522e65 (function); 6b517e97905f7b8a (function); bda6ffa54c607090 (function); 428e7e6348d8bb2b (function); 9e920cb74918afef (function); b9ade6fabfc93850 (function); f3c7d8b69b3260e7 (function); 99aec922b7591e52 (function); 033a3988fbd41395 (function); bc00175b46d38afc (function); 4e86aac383ef8f9a (function); f498f29b06527dab (function); 206fe27b92407b7f (function); 03697a638bd67e28 (function); 13b06d70f85f2f5e (function); 16a80bd033f2bf4b (function); 55b264ae7ae695f6 (function); a661ec1d48b5d2e0 (function); efaa75b2350672a2 (function); 0371aa9a0d9cc322 (function); ade35dfcbe948db8 (function); 5fa9ca4f122f46b8 (function); c7d376f6055649b6 (function); 0855e42ac3713efa (function); c8d1d8a5036d5eb6 (function); 342a7f32c60efecd (function); 457fe7a60c4802b3 (function); 338ad9f9da244154 (function); 03b72c51139aa111 (mqtt out); bf3abacef992f565 (delay); 11ca7492470d67a3 (delay); 8efeb6afa4745edd (PCA9685 out); 2011ec5eeb1c4aca (trigger); dd9af841e8537f3d (file); 545757a37f07c6db (delay); dd66774b350987e0 (file); 1e6d3c0453de73ea (delay); 9e42cdd7cba31cdf (file); d9ba974a40b153d9 (delay); 4a17c943df9897d7 (file); 33211d3baf3d1e48 (delay); a1f69b735c441f4d (file); 29ed9634fd2d2969 (delay); dd33b8ee8534e829 (file); 2611d858482c399a (delay); 7f584139d7a5150d (file); 6215de491eeb12de (mqtt out); e8a3b994409b581d (delay); 1339450c7feefdf5 (delay); d8157e4ee48b4143 (PCA9685 out); 8ef6c313f32ea77e (trigger); ff2617dcdeae25c2 (file); d951df35ecf6861b (delay); dc9721908c3cf996 (file); 2c1340374b5f3ec0 (delay); b79fdd0e663c292f (file); 7e1e28962b90fa67 (delay); fe5066af465dfbdd (file); 2051c9f400260a6d (delay); a233967cfb35fa78 (file); 06d463d0cdabe816 (delay); f2f73ec5e3274f30 (file); ae59533a688914d5 (delay); 84d2f3b60202cb5e (file); fb656f5eaf7e0951 (delay); 5e780c4d0093882e (file); dd4df6eea9463e7d (ui_toast); 77f46d7148f4e9d3 (function); 2a054d354f71502b (function); 350cc103d9513627 (function); 7a824e5117f251eb (function); 77268c3ff5d5ab2b (function); 9934d71668639798 (function); 333fe6f89746b733 (function); 10d1782a44749d7b (function); df079394c9c7478c (ui_toast); fe95f3f255bcdf81 (function); a3ee04234d7a9cac (function); 74af7882b6704a27 (function); 08862d5761be885e (function); bd7137a6448cb4bc (function); dd377477c2355a1b (function); 5bd546f70b1bab0a (function); e8e9f08869c2b303 (function); 73276b8c91258a3d (function); 79f9894e231c4335 (mqtt out); 6ff0c4b66e13b1b6 (mqtt out)"
GET;/dimmer/:input;53e6240e6b18b304;HTTP API;False;check input and get dimmer;"7fe809b2f568b3ee (function); f684785ea126e942 (http response)"
GET;/dimmer/;93928c757eed6cfd;HTTP API;False;change;"cca88e865aa363ef (change); 7fe809b2f568b3ee (function); f684785ea126e942 (http response)"
PUT;/wrelay/:input/:value;2f5ffaba89fd012e;HTTP API;False;check input and switch state;"766532c5bcc4ca2d (function); 5d26899bef877b6f (switch); 56e1abb5b2e7247e (function); 937d5e03dd599a61 (link out); 80da336a069ba2df (link out); 80cd2ca9be046404 (link out); 236f17a63794e768 (link out); 7cb5ca22f1c184e8 (link out); 8c23965172e6d81f (link out); c4e1e5d7a9f81b29 (link out); 0bf4c82c6cb860c4 (link out); f9ca9d33383d5220 (http response); afbb8dda.ffe6c (link in); 33a5d09e.6cc14 (link in); 428f4d48.86eaf4 (link in); d2ce5044.ef8af (link in); 9f1c7c65c2da2d42 (link in); d76c3b78c0f14e69 (link in); 34f49f08e1a06032 (link in); 1be6547089f6e149 (link in); 76541ff7.ab1ae (ui_switch); 37ad96a9.a550ea (ui_switch); 4763f80d.ed3f48 (ui_switch); 88dbb3f0.a2ee9 (ui_switch); 5ce49e3185f26ef1 (ui_switch); 6b47e26eed9d0d78 (ui_switch); 8e18a3125e7bef2f (ui_switch); f9ebdac609b17044 (ui_switch); 597e96e99fadadce (rbe); 5a0970c2f3783800 (rbe); 96cb072e100f181b (rbe); c8b3faedf72d6702 (rbe); b2ed74aa628a2fdd (rbe); 02810ae796c0e68c (rbe); 8f8d30f09d5461de (rbe); 63dfc0b206732500 (rbe); 21ee26df2e861511 (function); 4148a30219ef856c (function); 3883f084b00f9733 (delay); fb860c240b114fba (function); efc3c9c3bced7230 (function); 7fda72fb323b9977 (function); 9b0e524b08572d0c (function); c599388845a50874 (function); e1334c940e639f58 (function); 5007441d228d9454 (function); 71e36bd1129b774a (function); 829c505570bd4a61 (function); 3753ceb5b10a7dfe (function); fed66f9ff8776208 (function); e738c8dab13b0bd1 (function); 7ae588fbac302eab (function); 5f85a38288c97e88 (function); 5d84f047f69dbdb1 (function); 27bdb3ee.04bc8c (link out); cfbb76ac4a79bfd3 (ui_toast); 96e19e6e48e30801 (delay); e075d7b422b496e1 (function); e6fcf7b384f8fa1a (link out); eb22399f.41d3c8 (link out); 32f4bd38b7dd947c (delay); 60b06911.d6dea8 (link out); efe2d961262a8df3 (delay); 309e32c.0530fce (link out); ffb9dc8a5f2bb3bb (delay); df5dc54968f5895e (link out); abfca0160a7a1dfa (delay); 114eda8aabd9e2a7 (link out); e3f32994ead4d191 (delay); 40212aac63b29d3e (link out); beff3b3f8a94f509 (delay); 84f111f6cb530c4d (link out); 417c94c49c9594fd (delay); 67e7dbe48b39e6e4 (link in); 3603d00d284e6207 (function); 11c0f2b4455263a0 (file); 149f7856ccf5def5 (link in); a4299d651f63f813 (link in); fe0c5890608f9457 (link in); ca174fea6a29978a (function); b7ebdd6f595b53a1 (link in); 3b2de9cdbb86301c (function); 52e560227ba2414c (link in); 856aa6a3d2da990d (function); 694613034a60fe9a (link in); c2e6a879c630ed32 (function); 72d54ceabf2571b6 (link in); 9fe4dd46673216ed (function); 06d97ee62fa005c1 (link in); 5c96b17a6bef3f87 (function); aa1e33fda110d928 (link in); e1079dd8df2b2bb0 (function); fb19f56ead20dc2f (function); 958943bee83afdc3 (serial out); aa61ce8655a20665 (serial out); fcb32d2be06ce675 (function); f6d16398be364060 (function); 773190450a671ed4 (function); 704168d24a4fac79 (function); e0177058c8cadf8e (function); 091a2ac70f1f4009 (function); 574c34b8b393d13d (function); 3fd0544fc1b89d87 (change); 93255970083235ad (function); 9dd26b7e1d5ac224 (change); 1042846c15385925 (function); 1c9927c15d6977bb (change); a1e068cccabcd7a0 (function); e91031657d64fafd (change); 5ffe7b10990774fa (function); 7532d427c865f268 (change); 7908f847b673f247 (function); 1501d47eb0d666a9 (change); 20787e6da0a62f70 (function); 509db69f7fbe9191 (change); 8d04b21344215621 (function); 1fe9ae9afe629957 (change); cddf98e998af4b9b (function); 9c23f540971d9913 (mqtt out); b3daf59bcadd64f7 (mqtt out); fe115789f3301412 (mqtt out); 9275f314501ecde3 (mqtt out); f4944c8a692468f5 (mqtt out); 0fc08d4e7fa482de (mqtt out); b330b7da44a85370 (mqtt out); c250932465383394 (mqtt out); 0bbbdbf727781991 (mqtt out); b4b3bf04cfd35d32 (mqtt out); 94e93c14c0bf4346 (mqtt out); d611e7600cf39707 (mqtt out); 72ef4f1fa22f45d5 (mqtt out); 10345fa2806491a4 (mqtt out); d815672b8428ba63 (mqtt out); 502f6a06c5e0c002 (mqtt out)"
PUT;/names/:input/:value;4ce25de51b4fb126;HTTP API;False;check input and set name;"8baf068e4ca359dc (function); e9be18c319bccfd1 (http response); 34ed1bb765acddd3 (switch); 8f3c59a42992518b (link out); 1ca17d1277c17055 (link out); e2d931c67b5038fe (link out); 967fa4e3178fb82b (link out); 4d1b006b57d6ef45 (link out); 45bba022abc3c534 (link out); dcebcef7012c7f07 (link out); c693ba0e60a42a37 (link out); 2215762d38495713 (link out); 523289f1d05dad12 (link out); 3a8124b501346d8b (link out); fd6bfa7ca31c97fa (link out); 6f9b853e331a293a (link out); 004c62c10b636096 (link out); 3a493f6979414933 (link out); ec202c43ad863b73 (link out); 3818a04b207aea8c (link out); 3966ddcffc558c87 (link out); d7a9ec06ef6a2f8f (link out); d74657bdf8030b2f (link out); da2cf914da6895c2 (link out); 06e51df7bb811802 (link out); ea39a7c19379ec5a (link out); 22bb0428f7f4d15b (link out); ba8e80a7849282a2 (link out); d9fdbbd1cd30f63e (link out); c26a4b876c4901c9 (link out); c9ed3e060355439a (link out); 130f980449b663c9 (link out); b84b7db4506f8198 (link out); b84c1e8756a08551 (link out); 058bad9790e5e006 (link out); cd383f78ea1aa841 (link out); d9a0767fc8e50b76 (link out); 6f7685fb79ce0438 (link out); 761da5923e187298 (link out); 1a8794f31a3f9ddb (link in); dc783718278813d6 (link in); cfb819effd2aef27 (link in); d2008d5c540c4214 (link in); 2fd913aba86f7a79 (link in); 3332389371230b20 (link in); 4c35af4930ed3a51 (link in); 9fa5ed9642841cac (link in); 7e3adb9d283ce234 (link in); ca585a03f0fe6085 (link in); d24286c0f1f05cf1 (link in); 1bbf9074b56672aa (link in); ffdfcbf3d0444b71 (link in); f77512a00db0f317 (link in); 01d48cd43596ed13 (link in); a4c1332f59457b49 (link in); 473f2db910e74f46 (link in); dc023f5d7a61c9d9 (link in); 2110d5ae121a4453 (link in); 5d624ae1b18443db (link in); 665af31eeae91d53 (link in); 5a630b11c01d184b (link in); 11b12c441106ccea (link in); d3dc38692edfe006 (link in); c66a52b7774be47b (link in); 4086c55304ba32ae (link in); d65b3469341a8601 (link in); 38fd2c83faf60559 (link in); 24787a551c032712 (link in); 702959d76f03f238 (link in); 32079052da4028df (link in); e5ec8a87df41929d (link in); e834be69d9ff260b (link in); a1972ee9.29679 (ui_text_input); 86b60f60.a8355 (ui_text_input); 9cf97778.139118 (ui_text_input); 791aeec7.321cb (ui_text_input); fbc74dc0.2725b (ui_text_input); a3e020c.60f03e (ui_text_input); 3385db85.c65384 (ui_text_input); 3657d220.a1d6ae (ui_text_input); a532ea7e.26e568 (ui_text_input); f21173d1.b7e2 (ui_text_input); 87a6e9a1.831058 (ui_text_input); f4e37d02.b4d79 (ui_text_input); a0e08ba7.a96ca8 (ui_text_input); a745d5e6.e4ccf8 (ui_text_input); 2b70e65a.8006da (ui_text_input); 92ebf03e.2a1f3 (ui_text_input); 6b6641d3.70cd9 (ui_text_input); 3acc317.3f09ace (ui_text_input); 4560845c.0f056c (ui_text_input); b23bd3ea.3d33d (ui_text_input); 3654343794b0d60b (ui_text_input); 4855ce8c394f0474 (ui_text_input); 9bd28c61cc5d0f60 (ui_text_input); 5f1077a1c97e442a (ui_text_input); 43dd7205c241a3f5 (ui_text_input); 4b757023062e257b (ui_text_input); f3edfc57b6f71d1a (ui_text_input); e6fe82539969ebf7 (ui_text_input); 9d53c04cf5bc3125 (ui_text_input); 469430488994e4dd (ui_text_input); db0ebf95db08bcd7 (ui_text_input); 3cdf1c4288542caa (ui_text_input); e53f65affb0a9cdc (ui_text_input); c7186a00.1f8008 (function); bf524e30.aee3a (function); 32d6ddd1.a8cf42 (function); bd039661.518338 (function); 8e534e5e.25926 (function); 65ec58d8.2e20d8 (function); bf991faf.6b7e3 (function); a0728574.b88808 (function); 34989457b37ba41c (function); 7e5dd808caf3ab80 (function); 3bf82db623790dae (function); b35d7482a80d8a21 (function); 85d8a510243ed37c (function); aefa1bb47c92cf22 (function); 6c2c736dc2343a4e (function); 24a53655b9ad63d3 (function); a1db71584261a3d9 (function); c9daedb8c69302ea (function); 472e024995eeab41 (function); abbaac35377750a5 (function); 0bc9ca67d5625ccb (function); 147ea82a0a7ce441 (function); 397efcecaf802fa1 (function); 3af6428de4e19057 (function); dc90a07fb4700c47 (function); 37eb738366935ad5 (function); e041d55d15579fe5 (function); 1ec4b3939a4f7266 (function); 8da332c8153c7ac2 (function); 52afb017e342e15c (function); 9075d1cce589eeb8 (function); 975433f7d68fb7e9 (function); 2985ccc2efb988ca (function); a960af57.82ed2 (file); f44691ed.3a89b (file); ac2e89e2.650558 (file); 229510f6.d7b4b (file); 95b65521.330658 (file); f948d883.ddefa8 (file); 1b4df6b1.d5d079 (file); 44863f4d.c23ab (file); e58353f0.77e45 (file); 650ba9b9.bcbab8 (file); b01dea90.4b73d8 (file); 673f9b64.ec2644 (file); 36414bc3.9061f4 (file); c246b726.ae57a8 (file); 58df7b5a.591b94 (file); 457295c0.90b69c (file); 34742d8f.d7f642 (file); 309c5f90.5e4b1 (file); e5500cd0.0a33d (file); 16a26d87.c605c2 (file); 79b2b5b702fa38cf (file); 262ce9d6fe0c435a (file); 7250317779b3a060 (file); 41c094a230c84a0b (file); 9c260c0c01dcecee (ui_slider); f59a188f5fb19d20 (file); b566912b7da01b3e (ui_slider); f8802d1cacb574d7 (file); 457080d6f1a0a58c (ui_slider); 0263faba25447470 (file); 5a141498315d3639 (ui_slider); a6fc3c879c121d63 (file); dea8372f33e5f952 (ui_slider); 45d941ecdde18d6e (file); f0b6f11e944e3076 (ui_slider); 00eaa3337673ce9d (file); cbd699c76f36f433 (ui_slider); a0315773dba26480 (file); 3d34cd9892c37e68 (file); 8a1f4537f7c579a8 (file); c0714c204d44c8fe (rbe); 9a3db5651a28e8f9 (rbe); 4438ae44ed3bff35 (rbe); a3310993b5528553 (rbe); 13b5de2f06ab1e12 (rbe); 7b8b8bffd70b23b3 (rbe); 161a674ae1c48cfe (rbe); 6c2a8f64017e95f3 (function); 354f1305d10a584d (function); fe8125f01767e145 (function); 532353aff239cca0 (function); da2c0b26d84f2a2d (function); 0bfb1cd7131cb278 (function); d8b62a68bc265de2 (function); 696b0d1dc778a4b1 (function); caaa10531049fe5d (function); fe6f612a27c5f195 (function); 8de1a1aef6c90609 (function); 512cde55abcc6258 (function); f1b82142a16f4543 (function); dd8357352639317c (function); 06edc5bd4d89025e (function); 2a5998b1e122a988 (function); 54b399881ab7d9fa (function); 569314ac11f42396 (function); 8a80d7cb80b5b381 (function); a57df99bb3cb7a36 (function); 086c230238b039ea (function); 2a2ecc988fd5ea83 (function); 6e8f7f4b3480db6c (function); 916abc52c8bbae6e (function); f74fddb26d9a21e2 (function); 1c5e825826a5afb0 (function); 0436c052feb5f17b (function); 232cb7aa458c8edd (function); 03b72c51139aa111 (mqtt out); bf3abacef992f565 (delay); 11ca7492470d67a3 (delay); 8efeb6afa4745edd (PCA9685 out); 2011ec5eeb1c4aca (trigger); dd9af841e8537f3d (file); 545757a37f07c6db (delay); dd66774b350987e0 (file); 1e6d3c0453de73ea (delay); 9e42cdd7cba31cdf (file); d9ba974a40b153d9 (delay); 4a17c943df9897d7 (file); 33211d3baf3d1e48 (delay); a1f69b735c441f4d (file); 29ed9634fd2d2969 (delay); dd33b8ee8534e829 (file); 2611d858482c399a (delay); 7f584139d7a5150d (file); dd4df6eea9463e7d (ui_toast); 77f46d7148f4e9d3 (function); 2a054d354f71502b (function); 350cc103d9513627 (function); 7a824e5117f251eb (function); 77268c3ff5d5ab2b (function); 9934d71668639798 (function); 333fe6f89746b733 (function); 10d1782a44749d7b (function); 79f9894e231c4335 (mqtt out)"
PUT;/heater/:truefalse;aadd4382540212d4;HTTP API;False;set heater settings;"f485bcc1320b9dc1 (function); 9218ac0d4df78330 (link out); 25bbb2b2adaf0cf8 (link out); c46d7b1dcb708251 (change); 29f59ca8fbe82d23 (http response); 267bc170a502c4dd (link in); c0c9648b612029f4 (link in); de9391849ee092b5 (delay); 26e7fa777c6a1c36 (ui_button); c89471c67059e637 (ui_button); 9fb866bf4390d8d3 (link out); 053b49be973853cb (link out); 26780ff6f5fa503f (function); 728d5197332f3437 (function); 0cd30c5fadedafec (delay); f5c9beb7b33e86aa (link out); 18568e42b9ab7171 (function); 3aec10b81cfcbc6f (link in); 777866f44d62b0d8 (link in); 996d8e4b19fe38c8 (link in); ea162cdb6c429eed (split); d6327f4c3ebe62a4 (ui_toast); 5f36a7372f8a6e1b (link out); 2030cad5ffd9fb27 (link in); 25c3852715792925 (link in); 9fa1b8aab7d6ac39 (link in); 55bef719414f57fb (split); 9ac8f4c1014b5272 (delay); 88042b35527a7ea0 (trigger); 392132c20d720c68 (delay); f195df1fdd01b724 (function); 6a2dbf6d8d4803ee (trigger); e605e9bacd9f9d76 (function); ad15a63c1dc3b21f (link in); 91fc66c5f22729df (delay); 268eb092e3ad1af2 (function); 2e20c105ee14f2f8 (function); 03c1df756adff042 (function); 63e12070590e4f41 (function); fa68377089123349 (function); 63aa4d26e3d0fb6f (function); 4ed948cd7c1f141b (function); 3ec0e33e42336eb4 (function); e210492c2a220822 (function); d2806b4d15941928 (http request); cdd2ace332422bae (function); 8f64d654478052f5 (function); 987232b902e2a129 (countdown); 6be7443bb8f022a2 (delay); 861c83dd47cb0ddd (function); 5843b7dd0417ee19 (function); 9138d2bec3dd6888 (switch); 3f0467c2cdbc1710 (delay); c87377a78da44bee (switch); 0f35785abd159d0a (ui_text); 79415ee0b3ce1a4f (change); 768aa988ca5774e3 (function); 5a11710dd37e96d4 (function); 7097255967acecb2 (function); cdf5c953b6db4517 (switch); 6d5917dc04d190a0 (link out); 8ffe8216ce4b58e9 (link out); 3f2d0d99422ba676 (link out); f6b7d9ea69e00d2b (link out); 876eb65067c7e2f1 (link out); 8879f99ded5a9057 (link out); 6e57363062cbee1a (exec); 6726e31a5d83c0a8 (delay); 2a4f7c1adb2fd1b6 (link out); 8b9fcd42c35c93e1 (link out); 8e3d7368a9420b01 (delay); f86be3d86ff9d172 (function); 0c934cddc0d6061b (link out); b1bc07cff8fdf524 (ui_button); 0e78a15f60afe2b5 (ui_numeric); 14ac3a004339aa29 (link out); 246a92bff38e129f (link out); 019e0d59897b6a70 (link out); 27f9332e695de4b7 (link out); 1c8ea076f1487c81 (link out); bb2a109a66b34c73 (link in); 631e04e732bc5864 (link in); e1b033b72073b492 (link in); 1b1168f8607d8205 (link in); 38cb32c06a098f9e (link in); ad88f10fd1f2d787 (link out); d4603be116c1764d (function); c0f3cddba633d9e8 (file); d4f6a7ac4e6db0fe (link out); d34803547356c41f (function); 407403ab94fd67cd (serial out); 5f3c2890ccaaed78 (serial out); d3a9fa8e367c7416 (serial out); bc45a6814d4665e2 (serial out); e9ea1cc93d4ce5e6 (serial out); 51858671e39c9f96 (link in); 8eb597b7ad8580fb (link in); bf2cea84191ef3d2 (link in); c5f0c4372a081cd7 (link in); dcf6b3ca1dcb55b8 (delay); a8515966cb3dbe53 (file in); 59c1aa8dadbf8857 (file in); 8b774c24bc62d9fa (file in); 3bae0e9f6d145e9b (file in); 01dd2c03bf9d5a8d (ui_dropdown); 7611e48a476c884e (ui_dropdown); eb3ddc69e93d1b2d (ui_dropdown); 0f9831dab4db207f (ui_dropdown); 476c314c5bcfdce5 (link out); 05bf79d02a574117 (function); 8120ba7117c8b9b3 (function); 0c3b9bc3c57b38a1 (function); 82cba0c9acde2538 (link out); 61100ccaca2da0c8 (function); 763907570bb7b915 (function); 6b6e79e3f626c4d5 (link out); fa3527cc29323b59 (function); 889d909fd7f3f84d (function); 9c3fb485dd0c5376 (link in); 753986414cbd2eec (file); b186ea440a295e27 (delay); a1ec3f80405825b1 (link out); f46c975631a3e9bc (function); 123657f3e3998f27 (function); 66a66fa682527b84 (ui_toast); 76003c928eac1a0e (file); c215fc6a1f3948dc (delay); a8d5ae5375f9d672 (file); b77092becd98d7ba (delay); 068ec4f6bd7a5f66 (function); cc47bd193f56bf89 (serial request); 55d0f9bcd4256ee1 (file); 0e4fb0275827de42 (delay); 35745cbf70188d5c (function); 402b82484ab91b65 (serial request); 9d0a30926aeee2fe (serial request); 21d02601345bcaa5 (ui_ui_control); 817df75c7ab35981 (serial request); 03218a06a7c94bb8 (ui_toast); 1048dc98df382fa0 (function)"
PUT;/heater/:truefalse/:temp;8cc4bb4336555b86;HTTP API;False;set heater settings w/ temp;"e5286c54434be8bb (function); 026555e3ad71e0cf (link out); 5776c022733c4136 (link out); c46d7b1dcb708251 (change); 5697815ee2579fe5 (http response); 267bc170a502c4dd (link in); ad15a63c1dc3b21f (link in); c0c9648b612029f4 (link in); de9391849ee092b5 (delay); 26e7fa777c6a1c36 (ui_button); cdd2ace332422bae (function); c89471c67059e637 (ui_button); 9fb866bf4390d8d3 (link out); 053b49be973853cb (link out); 26780ff6f5fa503f (function); 728d5197332f3437 (function); 0cd30c5fadedafec (delay); 0f35785abd159d0a (ui_text); 79415ee0b3ce1a4f (change); f5c9beb7b33e86aa (link out); 18568e42b9ab7171 (function); 3aec10b81cfcbc6f (link in); 777866f44d62b0d8 (link in); 996d8e4b19fe38c8 (link in); ea162cdb6c429eed (split); d6327f4c3ebe62a4 (ui_toast); 5f36a7372f8a6e1b (link out); f86be3d86ff9d172 (function); 2030cad5ffd9fb27 (link in); 25c3852715792925 (link in); 9fa1b8aab7d6ac39 (link in); 55bef719414f57fb (split); 9ac8f4c1014b5272 (delay); 88042b35527a7ea0 (trigger); 392132c20d720c68 (delay); f195df1fdd01b724 (function); 6a2dbf6d8d4803ee (trigger); e605e9bacd9f9d76 (function); c0f3cddba633d9e8 (file); d4f6a7ac4e6db0fe (link out); 91fc66c5f22729df (delay); 268eb092e3ad1af2 (function); 2e20c105ee14f2f8 (function); 03c1df756adff042 (function); 63e12070590e4f41 (function); fa68377089123349 (function); 63aa4d26e3d0fb6f (function); 4ed948cd7c1f141b (function); 3ec0e33e42336eb4 (function); e210492c2a220822 (function); d2806b4d15941928 (http request); 8f64d654478052f5 (function); 987232b902e2a129 (countdown); 6be7443bb8f022a2 (delay); 861c83dd47cb0ddd (function); 5843b7dd0417ee19 (function); 9138d2bec3dd6888 (switch); 3f0467c2cdbc1710 (delay); c87377a78da44bee (switch); 768aa988ca5774e3 (function); 5a11710dd37e96d4 (function); 7097255967acecb2 (function); cdf5c953b6db4517 (switch); 6d5917dc04d190a0 (link out); 8ffe8216ce4b58e9 (link out); 3f2d0d99422ba676 (link out); f6b7d9ea69e00d2b (link out); 876eb65067c7e2f1 (link out); 8879f99ded5a9057 (link out); 6e57363062cbee1a (exec); 6726e31a5d83c0a8 (delay); 2a4f7c1adb2fd1b6 (link out); 8b9fcd42c35c93e1 (link out); 8e3d7368a9420b01 (delay); 0c934cddc0d6061b (link out); b1bc07cff8fdf524 (ui_button); 0e78a15f60afe2b5 (ui_numeric); 14ac3a004339aa29 (link out); 246a92bff38e129f (link out); 019e0d59897b6a70 (link out); 27f9332e695de4b7 (link out); 1c8ea076f1487c81 (link out); bb2a109a66b34c73 (link in); 631e04e732bc5864 (link in); e1b033b72073b492 (link in); 1b1168f8607d8205 (link in); 38cb32c06a098f9e (link in); ad88f10fd1f2d787 (link out); d4603be116c1764d (function); d34803547356c41f (function); 407403ab94fd67cd (serial out); 5f3c2890ccaaed78 (serial out); d3a9fa8e367c7416 (serial out); bc45a6814d4665e2 (serial out); e9ea1cc93d4ce5e6 (serial out); 51858671e39c9f96 (link in); 8eb597b7ad8580fb (link in); bf2cea84191ef3d2 (link in); c5f0c4372a081cd7 (link in); dcf6b3ca1dcb55b8 (delay); a8515966cb3dbe53 (file in); 59c1aa8dadbf8857 (file in); 8b774c24bc62d9fa (file in); 3bae0e9f6d145e9b (file in); 01dd2c03bf9d5a8d (ui_dropdown); 7611e48a476c884e (ui_dropdown); eb3ddc69e93d1b2d (ui_dropdown); 0f9831dab4db207f (ui_dropdown); 476c314c5bcfdce5 (link out); 05bf79d02a574117 (function); 8120ba7117c8b9b3 (function); 0c3b9bc3c57b38a1 (function); 82cba0c9acde2538 (link out); 61100ccaca2da0c8 (function); 763907570bb7b915 (function); 6b6e79e3f626c4d5 (link out); fa3527cc29323b59 (function); 889d909fd7f3f84d (function); 9c3fb485dd0c5376 (link in); 753986414cbd2eec (file); b186ea440a295e27 (delay); a1ec3f80405825b1 (link out); f46c975631a3e9bc (function); 123657f3e3998f27 (function); 66a66fa682527b84 (ui_toast); 76003c928eac1a0e (file); c215fc6a1f3948dc (delay); a8d5ae5375f9d672 (file); b77092becd98d7ba (delay); 068ec4f6bd7a5f66 (function); cc47bd193f56bf89 (serial request); 55d0f9bcd4256ee1 (file); 0e4fb0275827de42 (delay); 35745cbf70188d5c (function); 402b82484ab91b65 (serial request); 9d0a30926aeee2fe (serial request); 21d02601345bcaa5 (ui_ui_control); 817df75c7ab35981 (serial request); 03218a06a7c94bb8 (ui_toast); 1048dc98df382fa0 (function)"
PUT;/heater/:truefalse/:temp/:time;ce11f3c7edd3025d;HTTP API;False;set heater settings w/ temp & timer;"97686d9a1e813337 (function); e342e6035235dcf4 (link out); 8d54b616c7e8feb5 (link out); f97d3e1199c2bd50 (http response); cf0e7d919697d7f9 (delay); c46d7b1dcb708251 (change); 8976e469b15db9cc (link out); 267bc170a502c4dd (link in); ad15a63c1dc3b21f (link in); c0c9648b612029f4 (link in); de9391849ee092b5 (delay); 64a175312f7866f5 (link in); 26e7fa777c6a1c36 (ui_button); cdd2ace332422bae (function); c89471c67059e637 (ui_button); 9fb866bf4390d8d3 (link out); 0e78a15f60afe2b5 (ui_numeric); 053b49be973853cb (link out); 26780ff6f5fa503f (function); 728d5197332f3437 (function); 0cd30c5fadedafec (delay); 0f35785abd159d0a (ui_text); 79415ee0b3ce1a4f (change); f5c9beb7b33e86aa (link out); 18568e42b9ab7171 (function); d34803547356c41f (function); 3aec10b81cfcbc6f (link in); 777866f44d62b0d8 (link in); 996d8e4b19fe38c8 (link in); ea162cdb6c429eed (split); d6327f4c3ebe62a4 (ui_toast); 5f36a7372f8a6e1b (link out); f86be3d86ff9d172 (function); 2030cad5ffd9fb27 (link in); 25c3852715792925 (link in); 9fa1b8aab7d6ac39 (link in); 55bef719414f57fb (split); 987232b902e2a129 (countdown); dcf6b3ca1dcb55b8 (delay); 9ac8f4c1014b5272 (delay); 88042b35527a7ea0 (trigger); 392132c20d720c68 (delay); f195df1fdd01b724 (function); 6a2dbf6d8d4803ee (trigger); e605e9bacd9f9d76 (function); c0f3cddba633d9e8 (file); d4f6a7ac4e6db0fe (link out); 91fc66c5f22729df (delay); 268eb092e3ad1af2 (function); 2e20c105ee14f2f8 (function); 03c1df756adff042 (function); 63e12070590e4f41 (function); 768aa988ca5774e3 (function); 5a11710dd37e96d4 (function); fa68377089123349 (function); 63aa4d26e3d0fb6f (function); 4ed948cd7c1f141b (function); 3ec0e33e42336eb4 (function); e210492c2a220822 (function); d2806b4d15941928 (http request); 8f64d654478052f5 (function); 6be7443bb8f022a2 (delay); 861c83dd47cb0ddd (function); 0c934cddc0d6061b (link out); b1bc07cff8fdf524 (ui_button); 5843b7dd0417ee19 (function); 9138d2bec3dd6888 (switch); 3f0467c2cdbc1710 (delay); c87377a78da44bee (switch); 7097255967acecb2 (function); cdf5c953b6db4517 (switch); 6d5917dc04d190a0 (link out); 8ffe8216ce4b58e9 (link out); 3f2d0d99422ba676 (link out); f6b7d9ea69e00d2b (link out); 876eb65067c7e2f1 (link out); 8879f99ded5a9057 (link out); 6e57363062cbee1a (exec); 6726e31a5d83c0a8 (delay); 2a4f7c1adb2fd1b6 (link out); 8b9fcd42c35c93e1 (link out); 8e3d7368a9420b01 (delay); 14ac3a004339aa29 (link out); 246a92bff38e129f (link out); 019e0d59897b6a70 (link out); 27f9332e695de4b7 (link out); 1c8ea076f1487c81 (link out); bb2a109a66b34c73 (link in); 631e04e732bc5864 (link in); e1b033b72073b492 (link in); 1b1168f8607d8205 (link in); 38cb32c06a098f9e (link in); ad88f10fd1f2d787 (link out); d4603be116c1764d (function); 407403ab94fd67cd (serial out); 5f3c2890ccaaed78 (serial out); d3a9fa8e367c7416 (serial out); bc45a6814d4665e2 (serial out); e9ea1cc93d4ce5e6 (serial out); 51858671e39c9f96 (link in); 8eb597b7ad8580fb (link in); bf2cea84191ef3d2 (link in); c5f0c4372a081cd7 (link in); a8515966cb3dbe53 (file in); 59c1aa8dadbf8857 (file in); 8b774c24bc62d9fa (file in); 3bae0e9f6d145e9b (file in); 01dd2c03bf9d5a8d (ui_dropdown); 7611e48a476c884e (ui_dropdown); eb3ddc69e93d1b2d (ui_dropdown); 0f9831dab4db207f (ui_dropdown); 476c314c5bcfdce5 (link out); 05bf79d02a574117 (function); 8120ba7117c8b9b3 (function); 0c3b9bc3c57b38a1 (function); 82cba0c9acde2538 (link out); 61100ccaca2da0c8 (function); 763907570bb7b915 (function); 6b6e79e3f626c4d5 (link out); fa3527cc29323b59 (function); 889d909fd7f3f84d (function); 9c3fb485dd0c5376 (link in); 753986414cbd2eec (file); b186ea440a295e27 (delay); a1ec3f80405825b1 (link out); f46c975631a3e9bc (function); 123657f3e3998f27 (function); 66a66fa682527b84 (ui_toast); 76003c928eac1a0e (file); c215fc6a1f3948dc (delay); a8d5ae5375f9d672 (file); b77092becd98d7ba (delay); 068ec4f6bd7a5f66 (function); cc47bd193f56bf89 (serial request); 55d0f9bcd4256ee1 (file); 0e4fb0275827de42 (delay); 35745cbf70188d5c (function); 402b82484ab91b65 (serial request); 9d0a30926aeee2fe (serial request); 21d02601345bcaa5 (ui_ui_control); 817df75c7ab35981 (serial request); 03218a06a7c94bb8 (ui_toast); 1048dc98df382fa0 (function)"
PUT;/names/:device/:input/:value;4bdada802e6896da;HTTP API;False;check input and set name;"8527f2998f5d4380 (function); e9be18c319bccfd1 (http response); 34ed1bb765acddd3 (switch); 8f3c59a42992518b (link out); 1ca17d1277c17055 (link out); e2d931c67b5038fe (link out); 967fa4e3178fb82b (link out); 4d1b006b57d6ef45 (link out); 45bba022abc3c534 (link out); dcebcef7012c7f07 (link out); c693ba0e60a42a37 (link out); 2215762d38495713 (link out); 523289f1d05dad12 (link out); 3a8124b501346d8b (link out); fd6bfa7ca31c97fa (link out); 6f9b853e331a293a (link out); 004c62c10b636096 (link out); 3a493f6979414933 (link out); ec202c43ad863b73 (link out); 3818a04b207aea8c (link out); 3966ddcffc558c87 (link out); d7a9ec06ef6a2f8f (link out); d74657bdf8030b2f (link out); da2cf914da6895c2 (link out); 06e51df7bb811802 (link out); ea39a7c19379ec5a (link out); 22bb0428f7f4d15b (link out); ba8e80a7849282a2 (link out); d9fdbbd1cd30f63e (link out); c26a4b876c4901c9 (link out); c9ed3e060355439a (link out); 130f980449b663c9 (link out); b84b7db4506f8198 (link out); b84c1e8756a08551 (link out); 058bad9790e5e006 (link out); cd383f78ea1aa841 (link out); d9a0767fc8e50b76 (link out); 6f7685fb79ce0438 (link out); 761da5923e187298 (link out); 1a8794f31a3f9ddb (link in); dc783718278813d6 (link in); cfb819effd2aef27 (link in); d2008d5c540c4214 (link in); 2fd913aba86f7a79 (link in); 3332389371230b20 (link in); 4c35af4930ed3a51 (link in); 9fa5ed9642841cac (link in); 7e3adb9d283ce234 (link in); ca585a03f0fe6085 (link in); d24286c0f1f05cf1 (link in); 1bbf9074b56672aa (link in); ffdfcbf3d0444b71 (link in); f77512a00db0f317 (link in); 01d48cd43596ed13 (link in); a4c1332f59457b49 (link in); 473f2db910e74f46 (link in); dc023f5d7a61c9d9 (link in); 2110d5ae121a4453 (link in); 5d624ae1b18443db (link in); 665af31eeae91d53 (link in); 5a630b11c01d184b (link in); 11b12c441106ccea (link in); d3dc38692edfe006 (link in); c66a52b7774be47b (link in); 4086c55304ba32ae (link in); d65b3469341a8601 (link in); 38fd2c83faf60559 (link in); 24787a551c032712 (link in); 702959d76f03f238 (link in); 32079052da4028df (link in); e5ec8a87df41929d (link in); e834be69d9ff260b (link in); a1972ee9.29679 (ui_text_input); 86b60f60.a8355 (ui_text_input); 9cf97778.139118 (ui_text_input); 791aeec7.321cb (ui_text_input); fbc74dc0.2725b (ui_text_input); a3e020c.60f03e (ui_text_input); 3385db85.c65384 (ui_text_input); 3657d220.a1d6ae (ui_text_input); a532ea7e.26e568 (ui_text_input); f21173d1.b7e2 (ui_text_input); 87a6e9a1.831058 (ui_text_input); f4e37d02.b4d79 (ui_text_input); a0e08ba7.a96ca8 (ui_text_input); a745d5e6.e4ccf8 (ui_text_input); 2b70e65a.8006da (ui_text_input); 92ebf03e.2a1f3 (ui_text_input); 6b6641d3.70cd9 (ui_text_input); 3acc317.3f09ace (ui_text_input); 4560845c.0f056c (ui_text_input); b23bd3ea.3d33d (ui_text_input); 3654343794b0d60b (ui_text_input); 4855ce8c394f0474 (ui_text_input); 9bd28c61cc5d0f60 (ui_text_input); 5f1077a1c97e442a (ui_text_input); 43dd7205c241a3f5 (ui_text_input); 4b757023062e257b (ui_text_input); f3edfc57b6f71d1a (ui_text_input); e6fe82539969ebf7 (ui_text_input); 9d53c04cf5bc3125 (ui_text_input); 469430488994e4dd (ui_text_input); db0ebf95db08bcd7 (ui_text_input); 3cdf1c4288542caa (ui_text_input); e53f65affb0a9cdc (ui_text_input); c7186a00.1f8008 (function); bf524e30.aee3a (function); 32d6ddd1.a8cf42 (function); bd039661.518338 (function); 8e534e5e.25926 (function); 65ec58d8.2e20d8 (function); bf991faf.6b7e3 (function); a0728574.b88808 (function); 34989457b37ba41c (function); 7e5dd808caf3ab80 (function); 3bf82db623790dae (function); b35d7482a80d8a21 (function); 85d8a510243ed37c (function); aefa1bb47c92cf22 (function); 6c2c736dc2343a4e (function); 24a53655b9ad63d3 (function); a1db71584261a3d9 (function); c9daedb8c69302ea (function); 472e024995eeab41 (function); abbaac35377750a5 (function); 0bc9ca67d5625ccb (function); 147ea82a0a7ce441 (function); 397efcecaf802fa1 (function); 3af6428de4e19057 (function); dc90a07fb4700c47 (function); 37eb738366935ad5 (function); e041d55d15579fe5 (function); 1ec4b3939a4f7266 (function); 8da332c8153c7ac2 (function); 52afb017e342e15c (function); 9075d1cce589eeb8 (function); 975433f7d68fb7e9 (function); 2985ccc2efb988ca (function); a960af57.82ed2 (file); f44691ed.3a89b (file); ac2e89e2.650558 (file); 229510f6.d7b4b (file); 95b65521.330658 (file); f948d883.ddefa8 (file); 1b4df6b1.d5d079 (file); 44863f4d.c23ab (file); e58353f0.77e45 (file); 650ba9b9.bcbab8 (file); b01dea90.4b73d8 (file); 673f9b64.ec2644 (file); 36414bc3.9061f4 (file); c246b726.ae57a8 (file); 58df7b5a.591b94 (file); 457295c0.90b69c (file); 34742d8f.d7f642 (file); 309c5f90.5e4b1 (file); e5500cd0.0a33d (file); 16a26d87.c605c2 (file); 79b2b5b702fa38cf (file); 262ce9d6fe0c435a (file); 7250317779b3a060 (file); 41c094a230c84a0b (file); 9c260c0c01dcecee (ui_slider); f59a188f5fb19d20 (file); b566912b7da01b3e (ui_slider); f8802d1cacb574d7 (file); 457080d6f1a0a58c (ui_slider); 0263faba25447470 (file); 5a141498315d3639 (ui_slider); a6fc3c879c121d63 (file); dea8372f33e5f952 (ui_slider); 45d941ecdde18d6e (file); f0b6f11e944e3076 (ui_slider); 00eaa3337673ce9d (file); cbd699c76f36f433 (ui_slider); a0315773dba26480 (file); 3d34cd9892c37e68 (file); 8a1f4537f7c579a8 (file); c0714c204d44c8fe (rbe); 9a3db5651a28e8f9 (rbe); 4438ae44ed3bff35 (rbe); a3310993b5528553 (rbe); 13b5de2f06ab1e12 (rbe); 7b8b8bffd70b23b3 (rbe); 161a674ae1c48cfe (rbe); 6c2a8f64017e95f3 (function); 354f1305d10a584d (function); fe8125f01767e145 (function); 532353aff239cca0 (function); da2c0b26d84f2a2d (function); 0bfb1cd7131cb278 (function); d8b62a68bc265de2 (function); 696b0d1dc778a4b1 (function); caaa10531049fe5d (function); fe6f612a27c5f195 (function); 8de1a1aef6c90609 (function); 512cde55abcc6258 (function); f1b82142a16f4543 (function); dd8357352639317c (function); 06edc5bd4d89025e (function); 2a5998b1e122a988 (function); 54b399881ab7d9fa (function); 569314ac11f42396 (function); 8a80d7cb80b5b381 (function); a57df99bb3cb7a36 (function); 086c230238b039ea (function); 2a2ecc988fd5ea83 (function); 6e8f7f4b3480db6c (function); 916abc52c8bbae6e (function); f74fddb26d9a21e2 (function); 1c5e825826a5afb0 (function); 0436c052feb5f17b (function); 232cb7aa458c8edd (function); 03b72c51139aa111 (mqtt out); bf3abacef992f565 (delay); 11ca7492470d67a3 (delay); 8efeb6afa4745edd (PCA9685 out); 2011ec5eeb1c4aca (trigger); dd9af841e8537f3d (file); 545757a37f07c6db (delay); dd66774b350987e0 (file); 1e6d3c0453de73ea (delay); 9e42cdd7cba31cdf (file); d9ba974a40b153d9 (delay); 4a17c943df9897d7 (file); 33211d3baf3d1e48 (delay); a1f69b735c441f4d (file); 29ed9634fd2d2969 (delay); dd33b8ee8534e829 (file); 2611d858482c399a (delay); 7f584139d7a5150d (file); dd4df6eea9463e7d (ui_toast); 77f46d7148f4e9d3 (function); 2a054d354f71502b (function); 350cc103d9513627 (function); 7a824e5117f251eb (function); 77268c3ff5d5ab2b (function); 9934d71668639798 (function); 333fe6f89746b733 (function); 10d1782a44749d7b (function); 79f9894e231c4335 (mqtt out)"
GET;/bms;dfe6ac35b535e163;HTTP API;False;get battery stats;"235bf538c950ef47 (function); 15a044e2c38d465e (http response)"
GET;/conniot;fd04752f42acafc2;HTTP API;False;get connection;"b5fa3f5283a0028c (function); 23d691c5507e32d3 (http response)"
GET;/wrelayiot/;890d1f2042565f42;HTTP API;False;change;"e81813357c4b008d (change); 636d5ddd84294f7f (function); a2c7311476d4c970 (http response)"
PUT;/wrelayiot/:input/:value;ab37cf757e8ab171;HTTP API;False;check input and switch state;"766532c5bcc4ca2d (function); 5d26899bef877b6f (switch); 56e1abb5b2e7247e (function); 937d5e03dd599a61 (link out); 80da336a069ba2df (link out); 80cd2ca9be046404 (link out); 236f17a63794e768 (link out); 7cb5ca22f1c184e8 (link out); 8c23965172e6d81f (link out); c4e1e5d7a9f81b29 (link out); 0bf4c82c6cb860c4 (link out); f9ca9d33383d5220 (http response); afbb8dda.ffe6c (link in); 33a5d09e.6cc14 (link in); 428f4d48.86eaf4 (link in); d2ce5044.ef8af (link in); 9f1c7c65c2da2d42 (link in); d76c3b78c0f14e69 (link in); 34f49f08e1a06032 (link in); 1be6547089f6e149 (link in); 76541ff7.ab1ae (ui_switch); 37ad96a9.a550ea (ui_switch); 4763f80d.ed3f48 (ui_switch); 88dbb3f0.a2ee9 (ui_switch); 5ce49e3185f26ef1 (ui_switch); 6b47e26eed9d0d78 (ui_switch); 8e18a3125e7bef2f (ui_switch); f9ebdac609b17044 (ui_switch); 597e96e99fadadce (rbe); 5a0970c2f3783800 (rbe); 96cb072e100f181b (rbe); c8b3faedf72d6702 (rbe); b2ed74aa628a2fdd (rbe); 02810ae796c0e68c (rbe); 8f8d30f09d5461de (rbe); 63dfc0b206732500 (rbe); 21ee26df2e861511 (function); 4148a30219ef856c (function); 3883f084b00f9733 (delay); fb860c240b114fba (function); efc3c9c3bced7230 (function); 7fda72fb323b9977 (function); 9b0e524b08572d0c (function); c599388845a50874 (function); e1334c940e639f58 (function); 5007441d228d9454 (function); 71e36bd1129b774a (function); 829c505570bd4a61 (function); 3753ceb5b10a7dfe (function); fed66f9ff8776208 (function); e738c8dab13b0bd1 (function); 7ae588fbac302eab (function); 5f85a38288c97e88 (function); 5d84f047f69dbdb1 (function); 27bdb3ee.04bc8c (link out); cfbb76ac4a79bfd3 (ui_toast); 96e19e6e48e30801 (delay); e075d7b422b496e1 (function); e6fcf7b384f8fa1a (link out); eb22399f.41d3c8 (link out); 32f4bd38b7dd947c (delay); 60b06911.d6dea8 (link out); efe2d961262a8df3 (delay); 309e32c.0530fce (link out); ffb9dc8a5f2bb3bb (delay); df5dc54968f5895e (link out); abfca0160a7a1dfa (delay); 114eda8aabd9e2a7 (link out); e3f32994ead4d191 (delay); 40212aac63b29d3e (link out); beff3b3f8a94f509 (delay); 84f111f6cb530c4d (link out); 417c94c49c9594fd (delay); 67e7dbe48b39e6e4 (link in); 3603d00d284e6207 (function); 11c0f2b4455263a0 (file); 149f7856ccf5def5 (link in); a4299d651f63f813 (link in); fe0c5890608f9457 (link in); ca174fea6a29978a (function); b7ebdd6f595b53a1 (link in); 3b2de9cdbb86301c (function); 52e560227ba2414c (link in); 856aa6a3d2da990d (function); 694613034a60fe9a (link in); c2e6a879c630ed32 (function); 72d54ceabf2571b6 (link in); 9fe4dd46673216ed (function); 06d97ee62fa005c1 (link in); 5c96b17a6bef3f87 (function); aa1e33fda110d928 (link in); e1079dd8df2b2bb0 (function); fb19f56ead20dc2f (function); 958943bee83afdc3 (serial out); aa61ce8655a20665 (serial out); fcb32d2be06ce675 (function); f6d16398be364060 (function); 773190450a671ed4 (function); 704168d24a4fac79 (function); e0177058c8cadf8e (function); 091a2ac70f1f4009 (function); 574c34b8b393d13d (function); 3fd0544fc1b89d87 (change); 93255970083235ad (function); 9dd26b7e1d5ac224 (change); 1042846c15385925 (function); 1c9927c15d6977bb (change); a1e068cccabcd7a0 (function); e91031657d64fafd (change); 5ffe7b10990774fa (function); 7532d427c865f268 (change); 7908f847b673f247 (function); 1501d47eb0d666a9 (change); 20787e6da0a62f70 (function); 509db69f7fbe9191 (change); 8d04b21344215621 (function); 1fe9ae9afe629957 (change); cddf98e998af4b9b (function); 9c23f540971d9913 (mqtt out); b3daf59bcadd64f7 (mqtt out); fe115789f3301412 (mqtt out); 9275f314501ecde3 (mqtt out); f4944c8a692468f5 (mqtt out); 0fc08d4e7fa482de (mqtt out); b330b7da44a85370 (mqtt out); c250932465383394 (mqtt out); 0bbbdbf727781991 (mqtt out); b4b3bf04cfd35d32 (mqtt out); 94e93c14c0bf4346 (mqtt out); d611e7600cf39707 (mqtt out); 72ef4f1fa22f45d5 (mqtt out); 10345fa2806491a4 (mqtt out); d815672b8428ba63 (mqtt out); 502f6a06c5e0c002 (mqtt out)"
GET;/reboot;4b522f61da35eaa9;HTTP API;False;reboot rpi;"d02d07dd336ca10f (function); 5f3b4ca1f4773780 (http response); 033f10b03f32200b (delay); 0eb0f3ca8bced55d (exec)"
GET;/relayiot/;e0d0fb4aa408cd1e;HTTP API;False;change;"3cc12295a0acee87 (change); 55775742497477e5 (function); 24ec5317eca5f0fb (http response)"
GET;/debug;a2480738462df03d;HTTP API;False;debug info;"a19d1bc659618942 (function); 6f4b1984b6b545ed (http response)"
PUT;/attime;d6896f1d6e9fe09d;HTTP API;False;check payload;"e60a32d21c8c4492 (function); 73015f47095b7f66 (split); 01a934bba9cede4c (http response); f3881285a5493a26 (split); 026b2fbf4f2571af (change); a2d9b11cf030ea23 (function); efcc9f88eab5bc52 (join); 818b23cfc9267063 (function); 60fdd0513d372a74 (exec)"
PUT;/switchall/:truefalse;542a2c9f0ca623ea;HTTP API;False;check true or false;"616ae227b7d1006f (function); de95656a18aa0369 (function); 3ae13fe66c9c4fd2 (file in); 8c191f1ddb4a9e61 (file); fbb0856682157ebe (json); d3f7d57b888ae358 (function); 8a68aec5d76f3cea (function); a4ea6d478e400f58 (function); fcbb89cd0e972cfa (function); 3fe38c2d6edc0c84 (link out); 4973a5d69249845b (function); 17ce3ec01553018c (switch); cc0e3d5e8bcbcbe1 (http request); 4a7e1541ff144f20 (split); a87e79fb235e68f4 (http response); 16c40068df12d089 (link in); 1be6547089f6e149 (link in); 1d05179e.1f1a78 (link in); 2840c10.f61294 (link in); 33a5d09e.6cc14 (link in); 34f49f08e1a06032 (link in); 38796905.f4b7f6 (link in); 428f4d48.86eaf4 (link in); 4491f643662d5c77 (link in); 45c64f25acd963b0 (link in); 4ff4423177e9c9e2 (link in); 7255f9f4.6304d8 (link in); 8ce3227d4b571f7e (link in); 9f1c7c65c2da2d42 (link in); ae6b631be7ec453e (link in); afbb8dda.ffe6c (link in); c698c6e8.416b58 (link in); c9adec52.63ae6 (link in); d2ce5044.ef8af (link in); d76c3b78c0f14e69 (link in); e9ffa3ef.cde5d (link in); f14867fc.930ab8 (link in); fab3f22bfc74de38 (link in); fc59071f7bc9c363 (link in); 55d218b006117397 (http response); 7ed69f21ad1434ac (link out); cda770ab2f46c788 (link out); bb79cf2bdda4cbf9 (link out); 377cec73d5831e15 (link out); 96f1ca6e150d01b6 (link out); a9d7408af6de4b4a (link out); b91ce52fc7b7ec29 (link out); 7d555d8fefaa67d1 (link out); d2ec0ca4fdea4837 (link out); 4382d102cfbb19cb (link out); 95fdc508d08ee7dc (link out); 86fb5e7eb3c9a478 (link out); cf35a3337b5492b5 (link out); 38d9d91bcb1a94df (link out); b569903ab09f514a (link out); 7fd8bb5b0b42ae96 (change); 838558e07a04c3f2 (ui_switch); f9ebdac609b17044 (ui_switch); 16ced63f.7270ba (ui_switch); f37320d0.ce86 (ui_switch); 37ad96a9.a550ea (ui_switch); 8e18a3125e7bef2f (ui_switch); b842531c.0277e (ui_switch); 4763f80d.ed3f48 (ui_switch); c423568c54e281e9 (ui_switch); 23d487546698075b (ui_switch); 10fa8948db3baf41 (ui_switch); c264fb8c.f1e758 (ui_switch); 9555af1be9250d32 (ui_switch); 5ce49e3185f26ef1 (ui_switch); 8529f61a8f9e643c (ui_switch); 76541ff7.ab1ae (ui_switch); 405eccb2.a22934 (ui_switch); 2351c2f9.7423ee (ui_switch); 88dbb3f0.a2ee9 (ui_switch); 6b47e26eed9d0d78 (ui_switch); dacb7f5b.44d74 (ui_switch); 49d48198.941ac (ui_switch); fdfe9d8614f8ca3e (ui_switch); 4dbe142ed792ce0a (ui_switch); a4c0fd66546e7864 (link in); 1db51e9f7fe5ebea (link in); 09bf8b5862924eed (link in); 4896e98db77c2f91 (link in); 77683cc8a2a2dd71 (link in); 2530d817d07d6ef2 (link in); d4e73c36b453526a (link in); 9111409c75d85d09 (link in); 4644e57c1705d5cf (link in); e087d6825c289e2b (link in); e19e083430f85a9f (link in); 80cad585daad7c91 (link in); 7f6e759ecc8eb4b9 (link in); 8a9ea6cc9e8bbcb1 (link in); 5a18a21e19d10933 (link in); a7e7b0d40c1f1ce0 (link in); b1c1b1f504a588fa (http request); 0f94d3852d666b31 (rbe); 63dfc0b206732500 (rbe); 8f8ba72315e45977 (rbe); 07f48a64f4b612d3 (rbe); 5a0970c2f3783800 (rbe); 8f8d30f09d5461de (rbe); b7f1000d67f675cb (rbe); 96cb072e100f181b (rbe); 4921ba15ebb3d4a4 (rbe); b71b7a48fed25aad (rbe); 98c7ecc0174e5299 (rbe); b7839b3e9d37f0d3 (rbe); 4b4e0a4b2e23ff26 (rbe); b2ed74aa628a2fdd (rbe); ac55dfb2e69804fe (rbe); 597e96e99fadadce (rbe); 28afece1ae7c572c (rbe); 0b8806316b9f1f97 (rbe); c8b3faedf72d6702 (rbe); 02810ae796c0e68c (rbe); 556369299806b459 (rbe); c85a9d56e53c1c84 (rbe); 7896a7b50cc2f972 (rbe); 3d89407b6bf8ee6b (rbe); 9c260c0c01dcecee (ui_slider); b566912b7da01b3e (ui_slider); 457080d6f1a0a58c (ui_slider); 5a141498315d3639 (ui_slider); dea8372f33e5f952 (ui_slider); f0b6f11e944e3076 (ui_slider); cbd699c76f36f433 (ui_slider); c847cd4fb553c336 (switch); 5cb087480bcfae29 (debug); 1d8bd7c6994fa13d (ui_slider); 364fd86a428e2c8d (ui_slider); 0da98015a0dc90a0 (ui_slider); 3297948ce503b36d (ui_slider); 636d1aeb12d5a72e (ui_slider); 92debea3531c5385 (ui_slider); b0de16f674be1a07 (ui_slider); 2d50f5134c863c0a (ui_slider); b4a661a9fdeb88cb (function); 83f491958b6bf7e0 (function); b7349a7681405584 (function); 5f85a38288c97e88 (function); 5d84f047f69dbdb1 (function); fb860c240b114fba (function); 3883f084b00f9733 (delay); 84e71d87.e932b (function); 3f8eb0095811ce76 (function); 16a04cee2fe86c0d (function); fe61676.936ee98 (function); d808ce1c4dd82dbc (function); efc3c9c3bced7230 (function); 7fda72fb323b9977 (function); e738c8dab13b0bd1 (function); 7ae588fbac302eab (function); 7a15f64.9a20508 (function); 5fbc33ef8d4c3264 (function); 9b0e524b08572d0c (function); c599388845a50874 (function); 6ae0c683959c7f7f (function); a48f1fccc7739d49 (function); cdaaa637cae47296 (function); a581cc08db80c7d9 (function); 844b28e8488c4e1e (function); e31a56d5c337354f (function); 5d4c63f3.64e5cc (function); c78c564257955279 (function); dc71bdcdeb611f4e (function); 355ceeaae73f7e45 (function); 71e36bd1129b774a (function); 829c505570bd4a61 (function); c94192cc36f00d3c (function); 17ef8fb35cb98a3c (function); 21ee26df2e861511 (function); 4148a30219ef856c (function); 772f50fb.034d (function); 948c057927ef953c (function); 3296f90c.eb22a6 (function); 8bb48b46f22cc9a4 (function); e1334c940e639f58 (function); 5007441d228d9454 (function); 3753ceb5b10a7dfe (function); fed66f9ff8776208 (function); 575e0839.875e98 (function); 6b072cbdf39bdb32 (function); 307f6235.0808be (function); f551adef67b211a0 (function); 3e18fafbc72717e1 (function); be345e74560b367e (function); 629b8965e5cbe52d (function); 1d0e15751b516264 (function); c0714c204d44c8fe (rbe); 9a3db5651a28e8f9 (rbe); 4438ae44ed3bff35 (rbe); a3310993b5528553 (rbe); 13b5de2f06ab1e12 (rbe); 7b8b8bffd70b23b3 (rbe); 161a674ae1c48cfe (rbe); d60b096d792bafef (function); 1e2d6734043420e1 (function); b37d7dc323089de3 (rbe); 5c20f36a5384a3ce (rbe); 2699c3059087953f (rbe); 81d64f9a144bbe9e (rbe); 5b2e1ec2a8e315f5 (rbe); 09e325df898a43c0 (rbe); dcb2b9cf17fb3a84 (rbe); 956ea6dc1e4c4217 (rbe); e6ee0633f754d4d5 (link out); 87d611f5a919ad84 (file); 4b1704410f20510f (ui_toast); e8bdacb6919fa24f (delay); 84f111f6cb530c4d (link out); cfbb76ac4a79bfd3 (ui_toast); 417c94c49c9594fd (delay); e6fcf7b384f8fa1a (link out); e075d7b422b496e1 (function); 22d3166b.ba4d7a (link out); c4140e0413dc1967 (mqtt out); ea33014cabf2c836 (file); 714b8fe5d32f4ad8 (ui_toast); b7ac58ad17708d99 (delay); 3d012ced.3740b4 (link out); 31e4ebd73479bb42 (delay); eb22399f.41d3c8 (link out); 32f4bd38b7dd947c (delay); 40212aac63b29d3e (link out); beff3b3f8a94f509 (delay); 7342408f.2fe48 (link out); 29817dad5c4835e4 (delay); 60b06911.d6dea8 (link out); efe2d961262a8df3 (delay); c39792e7c90a2fe2 (link out); 37528c4efe70bad7 (delay); ab591dafa79d90ae (link out); f94c80569fbd0156 (delay); 691214c579b41c70 (link out); 808515c78c12fc37 (delay); 893b1d6d.f3097 (link out); 10853a74a8853af2 (delay); a5d89c3742d78dea (link out); 8fd899769644db0f (delay); df5dc54968f5895e (link out); abfca0160a7a1dfa (delay); d2bf0caba8614b1e (link out); 1fb5abddf79117c5 (delay); 27bdb3ee.04bc8c (link out); 96e19e6e48e30801 (delay); c0c96477.8f3118 (link out); 774ca146eb3d1f9f (delay); fdbe2584.d2b908 (link out); b39bc3b9fc585e68 (delay); 309e32c.0530fce (link out); ffb9dc8a5f2bb3bb (delay); 114eda8aabd9e2a7 (link out); e3f32994ead4d191 (delay); 11c24833.f847b8 (link out); 745b7417fa854db2 (delay); e6f5ea3d.aa0598 (link out); 72e77a114e869c04 (delay); 208e1f1eb9f22c32 (link out); 9cf76ecd8a9e2d84 (delay); b014531417d071b4 (link out); d516e760d9162fa9 (delay); 6c2a8f64017e95f3 (function); 354f1305d10a584d (function); fe8125f01767e145 (function); 532353aff239cca0 (function); da2c0b26d84f2a2d (function); 0bfb1cd7131cb278 (function); d8b62a68bc265de2 (function); 696b0d1dc778a4b1 (function); caaa10531049fe5d (function); fe6f612a27c5f195 (function); 8de1a1aef6c90609 (function); 512cde55abcc6258 (function); f1b82142a16f4543 (function); dd8357352639317c (function); 06edc5bd4d89025e (function); 2a5998b1e122a988 (function); 54b399881ab7d9fa (function); 569314ac11f42396 (function); 8a80d7cb80b5b381 (function); a57df99bb3cb7a36 (function); 086c230238b039ea (function); 2a2ecc988fd5ea83 (function); 6e8f7f4b3480db6c (function); 916abc52c8bbae6e (function); f74fddb26d9a21e2 (function); 1c5e825826a5afb0 (function); 0436c052feb5f17b (function); 232cb7aa458c8edd (function); 06e389c3d3dd1195 (http request); 9889e86a0f3212d2 (function); 0c8ad73c51095959 (function); 32505e5772cb99a5 (function); af9928ce90ceca3b (function); 216a0b2364522e65 (function); 6b517e97905f7b8a (function); bda6ffa54c607090 (function); 428e7e6348d8bb2b (function); 9e920cb74918afef (function); b9ade6fabfc93850 (function); f3c7d8b69b3260e7 (function); 99aec922b7591e52 (function); 033a3988fbd41395 (function); bc00175b46d38afc (function); 4e86aac383ef8f9a (function); f498f29b06527dab (function); 206fe27b92407b7f (function); 03697a638bd67e28 (function); 13b06d70f85f2f5e (function); 16a80bd033f2bf4b (function); 55b264ae7ae695f6 (function); a661ec1d48b5d2e0 (function); efaa75b2350672a2 (function); 0371aa9a0d9cc322 (function); ade35dfcbe948db8 (function); 5fa9ca4f122f46b8 (function); c7d376f6055649b6 (function); 0855e42ac3713efa (function); c8d1d8a5036d5eb6 (function); 342a7f32c60efecd (function); 457fe7a60c4802b3 (function); 338ad9f9da244154 (function); 5b08957e63eefe68 (link in); 7aa42e41ebc575e6 (link in); 121d5bf274ecaaf2 (link in); 1901fbab1c6f995c (function); aa1e33fda110d928 (link in); e1079dd8df2b2bb0 (function); 149f7856ccf5def5 (link in); a4299d651f63f813 (link in); 11c0f2b4455263a0 (file); 73311fc8d6eb600e (link in); 8151aed611eaa8e7 (link in); e02facf1447320bb (link in); 28523a58aea84894 (function); 55747310bf7b4629 (link in); 98f97f53934b5d8c (link in); a34e368716a3eb73 (link in); a138645632ac4637 (function); fe0c5890608f9457 (link in); ca174fea6a29978a (function); 06d97ee62fa005c1 (link in); 5c96b17a6bef3f87 (function); 0db21f3392bc27a4 (link in); d680dc96a13fab05 (link in); 7ef34e21da1f846c (function); b7ebdd6f595b53a1 (link in); 3b2de9cdbb86301c (function); b8666aeb17d99e61 (link in); ec54228c4db0212d (link in); 9aa7270446fc9780 (link in); 418e285bf6c8e3c9 (function); 0b98d2c3e7d8bad4 (link in); 8c77aae9dca78c80 (link in); db3d733b9665c0fe (function); 5f7ef225e802d331 (link in); e6bea5fb1ded6892 (link in); 96e247f4ce6043ff (link in); 04787940e354e854 (function); 2b6c67a08a38b33c (link in); aa89907677290b8c (link in); ca12122251924b01 (link in); c12e18a92136db46 (function); 4d22fba0c6417f36 (link in); b597242323e2a770 (link in); 542e1a38edb5b98a (link in); 1324f824247da153 (function); 694613034a60fe9a (link in); c2e6a879c630ed32 (function); 58484475349c675d (link in); 3a7b92781df7312e (link in); 51e0eada2e6d0a0f (function); 67e7dbe48b39e6e4 (link in); 3603d00d284e6207 (function); 1fc8eb3c4bc42c79 (link in); 79abbf32fb06c334 (link in); 9322254df0a50dd0 (function); 47027916b2d62ebe (link in); 52e43a6771948438 (link in); f9f407ba63088578 (link in); e4ad212b47f86f0d (function); 52e560227ba2414c (link in); 856aa6a3d2da990d (function); 72d54ceabf2571b6 (link in); 9fe4dd46673216ed (function); 9348abf8c276270a (link in); dbe756dfc89b0fb4 (link in); abbd303277aa527c (function); 5053b040708d4007 (link in); e5329047f8fee3b4 (link in); f31eb22dda87ec25 (function); c6ab0ac75f670622 (link in); 9dcdd5e7213946d8 (link in); d13f5ef2fe061c89 (function); d1d5fa7d5a5160ed (link in); 9f68421874a8d03f (link in); 70c42719b58982e6 (function); 03b72c51139aa111 (mqtt out); bf3abacef992f565 (delay); 11ca7492470d67a3 (delay); 8efeb6afa4745edd (PCA9685 out); 2011ec5eeb1c4aca (trigger); dd9af841e8537f3d (file); 545757a37f07c6db (delay); dd66774b350987e0 (file); 1e6d3c0453de73ea (delay); 9e42cdd7cba31cdf (file); d9ba974a40b153d9 (delay); 4a17c943df9897d7 (file); 33211d3baf3d1e48 (delay); a1f69b735c441f4d (file); 29ed9634fd2d2969 (delay); dd33b8ee8534e829 (file); 2611d858482c399a (delay); 7f584139d7a5150d (file); 6215de491eeb12de (mqtt out); e8a3b994409b581d (delay); 1339450c7feefdf5 (delay); d8157e4ee48b4143 (PCA9685 out); 8ef6c313f32ea77e (trigger); ff2617dcdeae25c2 (file); d951df35ecf6861b (delay); dc9721908c3cf996 (file); 2c1340374b5f3ec0 (delay); b79fdd0e663c292f (file); 7e1e28962b90fa67 (delay); fe5066af465dfbdd (file); 2051c9f400260a6d (delay); a233967cfb35fa78 (file); 06d463d0cdabe816 (delay); f2f73ec5e3274f30 (file); ae59533a688914d5 (delay); 84d2f3b60202cb5e (file); fb656f5eaf7e0951 (delay); 5e780c4d0093882e (file); 8a2d6816fd659bbb (mcp23017output); deb408ae953cf4cc (mqtt out); send_status_9_16 (function); 574c34b8b393d13d (function); 958943bee83afdc3 (serial out); aa61ce8655a20665 (serial out); 3735167f9f619201 (mqtt out); 889c8ddc118e5fca (function); e8c9636a.4c1bf (rpi-gpio out); 241e64303925f345 (mcp23017output); 3b8b7be9db74a220 (mqtt out); a3c4ea31880b6744 (mcp23017output); ed05436f.d7f34 (rpi-gpio out); fcb32d2be06ce675 (function); 091a2ac70f1f4009 (function); d06d12d901c7c070 (mcp23017output); 75e34b238b5abc25 (function); f6d16398be364060 (function); 9d342fd84d8a4784 (mcp23017output); c8efce5699d02327 (mqtt out); 8836eac87c5e9f8a (mcp23017output); 2074e9d605439834 (mqtt out); 23afebf2b0e96047 (mcp23017output); b4b738fbd7ad5aff (mcp23017output); 97ba6cd7.e559d (rpi-gpio out); f43809f3173a44bf (mqtt out); 8fd9e521d36f20b2 (mcp23017output); f392f502296a6232 (mqtt out); 704168d24a4fac79 (function); 7be676b641755f5c (mcp23017output); fb19f56ead20dc2f (function); cee3c747.dbc478 (rpi-gpio out); 8507c66a115490b8 (mcp23017output); 4a2c0ad9ea94e045 (mqtt out); 2ed6fd73969112bc (mcp23017output); 53ad6ee2.c6f0e (rpi-gpio out); 773190450a671ed4 (function); e0177058c8cadf8e (function); ca6953ce.b6db4 (rpi-gpio out); 7ad5169983d2368e (mcp23017output); b5d0eab215660af2 (mcp23017output); 4697133a.aceddc (rpi-gpio out); f260231cee24fcd4 (mcp23017output); c5dda9fd8ecf260d (mcp23017output); dd4df6eea9463e7d (ui_toast); 77f46d7148f4e9d3 (function); 2a054d354f71502b (function); 350cc103d9513627 (function); 7a824e5117f251eb (function); 77268c3ff5d5ab2b (function); 9934d71668639798 (function); 333fe6f89746b733 (function); 10d1782a44749d7b (function); df079394c9c7478c (ui_toast); fe95f3f255bcdf81 (function); a3ee04234d7a9cac (function); 74af7882b6704a27 (function); 08862d5761be885e (function); bd7137a6448cb4bc (function); dd377477c2355a1b (function); 5bd546f70b1bab0a (function); e8e9f08869c2b303 (function); 73276b8c91258a3d (function); 256c7ad0d0588ea0 (link out); 1fe9ae9afe629957 (change); cddf98e998af4b9b (function); 3ed42485ebab0ac2 (link out); 9dd26b7e1d5ac224 (change); 1042846c15385925 (function); 509db69f7fbe9191 (change); 8d04b21344215621 (function); f8b588d3.973108 (exec); 1c9927c15d6977bb (change); a1e068cccabcd7a0 (function); 7532d427c865f268 (change); 7908f847b673f247 (function); 3fd0544fc1b89d87 (change); 93255970083235ad (function); e91031657d64fafd (change); 5ffe7b10990774fa (function); 1501d47eb0d666a9 (change); 20787e6da0a62f70 (function); 79f9894e231c4335 (mqtt out); 6ff0c4b66e13b1b6 (mqtt out); d815672b8428ba63 (mqtt out); 502f6a06c5e0c002 (mqtt out); fe115789f3301412 (mqtt out); 9275f314501ecde3 (mqtt out); 72ef4f1fa22f45d5 (mqtt out); 10345fa2806491a4 (mqtt out); f4944c8a692468f5 (mqtt out); 0fc08d4e7fa482de (mqtt out); 0bbbdbf727781991 (mqtt out); b4b3bf04cfd35d32 (mqtt out); 9c23f540971d9913 (mqtt out); b3daf59bcadd64f7 (mqtt out); b330b7da44a85370 (mqtt out); c250932465383394 (mqtt out); 94e93c14c0bf4346 (mqtt out); d611e7600cf39707 (mqtt out)"
GET;/info/;af04e125a02e7e81;HTTP API;False;get variables;"3610a0e28dfa7021 (function); c1249b3174e91f47 (http response)"
PUT;/reset_wifi_ap/:input;42e02e39624a5cb2;HTTP API;False;"3s; check input";"6a5a6cd3aad7c7e9 (delay); 328d22e9e47a30a2 (function); cf9884f4e4493203 (function); b110837e6b592954 (function); d955441457ae8497 (http response); 8a6bd10dd566d096 (link out); 53610bbf2e35371a (link in); 6864becfda8f5589 (link in); e7977a47.099d28 (function); da39d19e1f7676ab (function); 2313f0517cddc023 (exec); 592920671262d66d (exec); e22e0de9e2df13e0 (change); efb80e677df96f5f (function); 5b63900be796379f (function); 545492b7f5464fe8 (change); 1b0fd499cc7b3ace (function); 5f18ef4363ce2119 (function); f69d8a5e71f0ba40 (file); 6ecb6d9e88d97d72 (exec); 2679bc97f8d56b11 (file); 36a3b99b9c591983 (exec); 89cb619f92ab0749 (file); 10c8e45ac4a0da78 (exec); 5d4be839dae4fd62 (file); 8119e0acd08133b5 (exec); a93d8d9ca11ff112 (delay); 848777a40ff3e2e8 (delay); 2e2c05fbc6d3022a (exec); 3f24d6f9eaa0cf5a (exec); b76d505d9b288a15 (delay); aa24ec57b9ce6c27 (exec); 3cc4a86c57669b21 (delay); a7dc1eb8f9875974 (function); 80141af0ca6d462c (exec); e278f705a34fcc1d (exec); 67dca28df77a0546 (function); 42b1dcb64b9e4331 (exec); 5bec37bbbff1c7f3 (exec); 07f0aaaad8c5d724 (delay); 1d78c7f813d2b037 (exec); 72482494b570da48 (file); 4706ad0b45ea84e6 (link out); b8c3bf6b10b335a4 (function); 5493afb8e3eecf85 (function); fe29e669a7d3400e (function); b0eff2df4db22fe4 (link in); d249c842dcb4d07c (link in); aa84e0b636ef6d5c (exec); 18acf64b0714e570 (file); 7a23e5a5756ef525 (ui_toast); a529f61f833bcf84 (ui_text); e66947a5e8fef535 (ui_text)"
GET;/network;c3e884d6b59ebf48;HTTP API;False;check ip wlan0;"252b57b56a81916a (exec); 68b73acc3c84685f (function); 138895d07b51385c (exec); 007593b8fcfe63cb (function); 2d5f44fe81f2fc48 (exec); ddd02c9281315ad3 (function); 5adccb99ea240bab (http response)"
PUT;/update_wifi_ap/:ssid/:wpa;049e2d2e9ab3c402;HTTP API;False;check input;"c30a5229b4c47747 (function); b1ee1c2b5aabc9dd (http response); 349299c7e8f20aec (function); 3568302164bf5c67 (link out); 4db059e1118648d3 (link in); 9e404843c9049daa (link in); 3dc9ffb1e6bdc379 (function); 15614a72e849b7ad (function); 9697df58.da1fd (function); e6ef96902bad95ca (function); 60faf8c.0f21308 (function); 5aae899b.dd14b8 (file); a14133e2bba1b750 (function); 25cb404eaf7ca130 (file); 21b9d534.3f5c5a (exec); 8338b08ea9bbd8b1 (exec); 8163174e.299938 (exec); d9d08fe7ed4af36b (exec); 1783a07bbe15f1c7 (function); 8e77105a521394ac (delay); a84195d42832b17d (link out); 085ea8f99ecb093e (link in); 67806867e687cb65 (function); 023529c163c4ba91 (exec); 3cc4a86c57669b21 (delay); a7dc1eb8f9875974 (function); 80141af0ca6d462c (exec); e278f705a34fcc1d (exec); 67dca28df77a0546 (function); 42b1dcb64b9e4331 (exec); 5bec37bbbff1c7f3 (exec); 07f0aaaad8c5d724 (delay); 1d78c7f813d2b037 (exec); 72482494b570da48 (file); 4706ad0b45ea84e6 (link out); b8c3bf6b10b335a4 (function); 5493afb8e3eecf85 (function); fe29e669a7d3400e (function); b0eff2df4db22fe4 (link in); d249c842dcb4d07c (link in); aa84e0b636ef6d5c (exec); 18acf64b0714e570 (file); 7a23e5a5756ef525 (ui_toast); a529f61f833bcf84 (ui_text); e66947a5e8fef535 (ui_text)"
PUT;/activate_wifi_ap/:input;badd957725934738;HTTP API;False;check input;"127692c2434841af (function); a45f20d3a8342422 (delay); 284f7d986075218f (link out); 4251953a5d2e02b9 (link out); ffe2c321ba6998f1 (function); f466a3bb3fc1964f (link in); d796d14f1f1ade80 (link in); ac75384ae361d2e5 (link in); b0742135bb303878 (link in); 18e6f26f455ccfec (http response); 77a907a4.561b68 (function); d2be0402b50eeae9 (function); 936893b9.2049f (function); 18c7b2038a68d0d3 (function); 2a5ab3e9.378ffc (exec); a529f61f833bcf84 (ui_text); 054d7c59f50a2d10 (file); 023529c163c4ba91 (exec); b834edaf3ac8c837 (file); da832846c095dc87 (delay); 79fa1251.6a96fc (exec); 93b60d1edf6a53c0 (exec); e66947a5e8fef535 (ui_text); 3cc4a86c57669b21 (delay); a7dc1eb8f9875974 (function); dd5daf53.77257 (delay); 80141af0ca6d462c (exec); e278f705a34fcc1d (exec); 99635a96.6fb2b8 (exec); 67dca28df77a0546 (function); 4ff4fc96.1156f4 (function); 42b1dcb64b9e4331 (exec); 5bec37bbbff1c7f3 (exec); 07f0aaaad8c5d724 (delay); 1d78c7f813d2b037 (exec); 72482494b570da48 (file); 4706ad0b45ea84e6 (link out); d3752dc9b570b187 (exec); 1f726c10.09c6b4 (exec); 1870ec7f583c94a4 (file); 90136cedd9633fd9 (link out); cb77bb50a719f579 (delay); 032ffe6126f5923d (exec); b8c3bf6b10b335a4 (function); 5493afb8e3eecf85 (function); fe29e669a7d3400e (function); b0eff2df4db22fe4 (link in); d249c842dcb4d07c (link in); 440efab7255bcba3 (function); fafbe6dc0a8ed03c (function); 8af396765f3be803 (function); aa84e0b636ef6d5c (exec); 18acf64b0714e570 (file); 7a23e5a5756ef525 (ui_toast); c3d1336b.f41b8 (exec); 3ac8d71adc5e5621 (file); 225df001dd1fcf72 (ui_toast)"
PUT;/autoterm/:ventilation_heatingpower/:value;18248bd261f66d64;HTTP API;True;set heater settings w/ temp;"2848c586d7fef769 (function); 5be81bd5b43f94d0 (link out); 572f63b680e321fc (link out); 9b9f0894ba084cdf (http response); 406e545efabf0947 (link in); 8c85cdd689ce2643 (link in); ab88d75f9b3df89b (link in); 9aee726329c401e9 (link in); ab5f9a530f57530b (ui_numeric); e23a935b5d5fba5b (ui_numeric); ead09df0cdb6fbc8 (ui_numeric); 17aff29b52d75558 (ui_numeric); 962ae611768ff46d (function); fd42660d236e32a4 (function); b9a005820d1c6844 (function); 6a77d532c654d677 (function); c7991555da2cfc3b (function); 3243f239d8bbb530 (function); 328c5cf6cbe66606 (function); 7c089d13b53cb26c (function); 959622e729ad8a22 (function); 0dd7f84e43dd4fbc (function); cb73a3e9d22ca4c2 (function); 5cf5504a9e98cac1 (function); dcf7fa854b924f67 (link out); 3aa8d4a40cecc839 (function); 1399b6ccc35e59ae (function); c2a3be85cbfb0cee (delay); 6ec2244d9dad06ed (function); 38523125b8085c8b (link out); d37d614f33c57150 (delay); 8c1c86bc95a5b312 (function); 822f6f216f24cd12 (function); f43f06187e7d7382 (link out); 79706501e55433cf (function); 9aee63f93ec0283e (link out); a76968875489ba69 (function); f549c476aa58ecff (function); f25930dd8526d2c9 (function); 04a44d5b764d0bcb (function); 6762b5adb3de295d (function); eae168eb6c28f675 (link in); d66f1c556e19cbfc (function); f7f5f9658091d726 (link in); 1673e9f0acf90a40 (switch); ca9ea12469f74a1b (switch); 8f3914632acb71bc (link out); d8e1dbe45fc4ce60 (link out); 402dfd39c17d608a (link out); bc2980567dcb074f (link out); 834763b5e6807c9a (link out); 1a362185d4de590a (link out); fe9a84e9e99fb913 (link out); e4a11721808db0b1 (link out); 631e04e732bc5864 (link in); e1b033b72073b492 (link in); 1b1168f8607d8205 (link in); 38cb32c06a098f9e (link in); 5f3c2890ccaaed78 (serial out); d3a9fa8e367c7416 (serial out); bc45a6814d4665e2 (serial out); e9ea1cc93d4ce5e6 (serial out)"
GET;/gps;be4eb9d57f984b56;HTTP API;False;get variables;"d7ba0acc80ad79e7 (function); 0c08bcc5d5494f65 (http response)"
GET;/app_home/;85b194725e15adc0;HTTP API;False;reformat payload;"9440ee5c45caa398 (function); f44afe09da373e9a (function); 740da6826b4757db (function); e5df736feee72178 (http response)"
GET;/position_sensor/;65e561c5aa1b380a;HTTP API;False;get variables;"fb780f6a94877b94 (function); 46505864c3d9e739 (link out); 44b78f2a6ec1dafb (link out); be6a1f7f781fb604 (http response); ebdf10e1d4ee8666 (link out); a32a3d5947c57eb9 (link in); 6619f21f66ccc3a3 (link in); be30fa7396b2172a (link in); 7689c36c4b4dc602 (ui_button); 526759393f6f5f68 (ui_button); c645aa409e021565 (ui_button); 736e6e74dd4099c1 (function); 7625b64c194676df (function); ea251b4e38d7ad0e (function); 295e95de4318d1b8 (function); 8d6625f941a1734f (delay); 339615045b1bfa7f (function); 8d848d0e113ab89e (delay); a25b0d3ed530fb58 (function); de3b646ac20702e7 (function); e1981fc3d5bd5dcd (ui_toast); 918ecfdca7d5a82f (function); ef2c0086391012ae (function); a674e27aa3a674b7 (delay); 2c56fd6e65d34c56 (function); d10b39878b9bc1a9 (delay); e661be93174a3c06 (exec); 36d5a73111491a8e (exec); e3cd1d26208cb692 (exec); dfdafd0c8a8edc14 (function); d793139abfd73467 (json); ba44e911eba18dd4 (json); 28d29a321847e02c (split); 315d8bb09e74599b (file); e89bd5a498300906 (file); b5902b221bf2671b (function); f339edc0a0e2f0cb (function); e88f4ba0f4d1d09e (function); 99c6d65d1486302f (smooth); 02a45f9f766e8ed7 (smooth); 114d553e0f28d537 (function); 0123f1a21f90df33 (delay); 8efd01a8cc1df5c1 (delay); f50f27a0bc038b47 (function); e46980325aa122bc (function); 9405f0312e7b530c (function); c237ca3c3d06f36d (function); eb2be90032ddbb37 (range); e32377b70bd38880 (debug); eb0e4d09392a8a43 (range); 03cf751f02a10609 (debug); c72e374c3e18cf30 (delay); 9c8fa4b038815cd0 (exec); b34272741406a457 (http request); b834a73edcc9df3a (function); 4f3b8fba418c2d7d (function); 4c75eab53d356616 (function); 5fc2a31f4d9810ef (function); eaf79c9ddd746cfb (ui_template); 3fbb529e13212092 (ui_text); 19d5f52d021a63c8 (ui_template); f6c18d4dc580ea4b (ui_text); 1f78a9c366e84c7e (ui_template); dba3eb11dced800d (ui_text); 470695f3ce6d3416 (ui_text); b653142964ad81c7 (ui_template)"
GET;/mppt/;dd28e3dc8c844555;HTTP API;False;get variables;"c718d3c8b0336c88 (function); 34a5f673fa6a9f39 (http response)"
PUT;/switchallSelected/:truefalse;925aec786f7ead39;HTTP API;False;check true or false;"bf4fda172f6bae9c (function); 5d86bde247919085 (function); 4698b60431d3791c (file in); 42545a8d0b1b087a (file in); ce5fa18d6463874b (json); e853033ab49a44b4 (json); fef1477ed48adede (function); 37712c9fb0c30f58 (function); 465cbfb97b5403c9 (function); b64c925bbb122fdb (split); 7cd4789a3c771eba (http response); 1d38dc2f97c8765c (file); 550ed83d5a10dc76 (change); 31f2212dc9d6fb36 (function); e899c3281fe04abe (http request); bb81a2e3dac69361 (delay); 57360380cc1d6f37 (function); 262bc389d28aabdb (function); 17ce3ec01553018c (switch); d6c0637581ab0b06 (http request); fe3bd9cebe537b50 (http response); 7ed69f21ad1434ac (link out); cda770ab2f46c788 (link out); bb79cf2bdda4cbf9 (link out); 377cec73d5831e15 (link out); 96f1ca6e150d01b6 (link out); a9d7408af6de4b4a (link out); b91ce52fc7b7ec29 (link out); 7d555d8fefaa67d1 (link out); d2ec0ca4fdea4837 (link out); 4382d102cfbb19cb (link out); 95fdc508d08ee7dc (link out); 86fb5e7eb3c9a478 (link out); cf35a3337b5492b5 (link out); 38d9d91bcb1a94df (link out); b569903ab09f514a (link out); a4c0fd66546e7864 (link in); 1db51e9f7fe5ebea (link in); 09bf8b5862924eed (link in); 4896e98db77c2f91 (link in); 77683cc8a2a2dd71 (link in); 2530d817d07d6ef2 (link in); d4e73c36b453526a (link in); 9111409c75d85d09 (link in); 4644e57c1705d5cf (link in); e087d6825c289e2b (link in); e19e083430f85a9f (link in); 80cad585daad7c91 (link in); 7f6e759ecc8eb4b9 (link in); 8a9ea6cc9e8bbcb1 (link in); 5a18a21e19d10933 (link in); a7e7b0d40c1f1ce0 (link in); 9c260c0c01dcecee (ui_slider); b566912b7da01b3e (ui_slider); 457080d6f1a0a58c (ui_slider); 5a141498315d3639 (ui_slider); dea8372f33e5f952 (ui_slider); f0b6f11e944e3076 (ui_slider); cbd699c76f36f433 (ui_slider); c847cd4fb553c336 (switch); 5cb087480bcfae29 (debug); 1d8bd7c6994fa13d (ui_slider); 364fd86a428e2c8d (ui_slider); 0da98015a0dc90a0 (ui_slider); 3297948ce503b36d (ui_slider); 636d1aeb12d5a72e (ui_slider); 92debea3531c5385 (ui_slider); b0de16f674be1a07 (ui_slider); 2d50f5134c863c0a (ui_slider); c0714c204d44c8fe (rbe); 9a3db5651a28e8f9 (rbe); 4438ae44ed3bff35 (rbe); a3310993b5528553 (rbe); 13b5de2f06ab1e12 (rbe); 7b8b8bffd70b23b3 (rbe); 161a674ae1c48cfe (rbe); d60b096d792bafef (function); 1e2d6734043420e1 (function); b37d7dc323089de3 (rbe); 5c20f36a5384a3ce (rbe); 2699c3059087953f (rbe); 81d64f9a144bbe9e (rbe); 5b2e1ec2a8e315f5 (rbe); 09e325df898a43c0 (rbe); dcb2b9cf17fb3a84 (rbe); 956ea6dc1e4c4217 (rbe); 6c2a8f64017e95f3 (function); 354f1305d10a584d (function); fe8125f01767e145 (function); 532353aff239cca0 (function); da2c0b26d84f2a2d (function); 0bfb1cd7131cb278 (function); d8b62a68bc265de2 (function); 696b0d1dc778a4b1 (function); caaa10531049fe5d (function); fe6f612a27c5f195 (function); 8de1a1aef6c90609 (function); 512cde55abcc6258 (function); f1b82142a16f4543 (function); dd8357352639317c (function); 06edc5bd4d89025e (function); 2a5998b1e122a988 (function); 54b399881ab7d9fa (function); 569314ac11f42396 (function); 8a80d7cb80b5b381 (function); a57df99bb3cb7a36 (function); 086c230238b039ea (function); 2a2ecc988fd5ea83 (function); 6e8f7f4b3480db6c (function); 916abc52c8bbae6e (function); f74fddb26d9a21e2 (function); 1c5e825826a5afb0 (function); 0436c052feb5f17b (function); 232cb7aa458c8edd (function); 06e389c3d3dd1195 (http request); 9889e86a0f3212d2 (function); 0c8ad73c51095959 (function); 32505e5772cb99a5 (function); af9928ce90ceca3b (function); 216a0b2364522e65 (function); 6b517e97905f7b8a (function); bda6ffa54c607090 (function); 428e7e6348d8bb2b (function); 9e920cb74918afef (function); b9ade6fabfc93850 (function); f3c7d8b69b3260e7 (function); 99aec922b7591e52 (function); 033a3988fbd41395 (function); bc00175b46d38afc (function); 4e86aac383ef8f9a (function); f498f29b06527dab (function); 206fe27b92407b7f (function); 03697a638bd67e28 (function); 13b06d70f85f2f5e (function); 16a80bd033f2bf4b (function); 55b264ae7ae695f6 (function); a661ec1d48b5d2e0 (function); efaa75b2350672a2 (function); 0371aa9a0d9cc322 (function); ade35dfcbe948db8 (function); 5fa9ca4f122f46b8 (function); c7d376f6055649b6 (function); 0855e42ac3713efa (function); c8d1d8a5036d5eb6 (function); 342a7f32c60efecd (function); 457fe7a60c4802b3 (function); 338ad9f9da244154 (function); 03b72c51139aa111 (mqtt out); bf3abacef992f565 (delay); 11ca7492470d67a3 (delay); 8efeb6afa4745edd (PCA9685 out); 2011ec5eeb1c4aca (trigger); dd9af841e8537f3d (file); 545757a37f07c6db (delay); dd66774b350987e0 (file); 1e6d3c0453de73ea (delay); 9e42cdd7cba31cdf (file); d9ba974a40b153d9 (delay); 4a17c943df9897d7 (file); 33211d3baf3d1e48 (delay); a1f69b735c441f4d (file); 29ed9634fd2d2969 (delay); dd33b8ee8534e829 (file); 2611d858482c399a (delay); 7f584139d7a5150d (file); 6215de491eeb12de (mqtt out); e8a3b994409b581d (delay); 1339450c7feefdf5 (delay); d8157e4ee48b4143 (PCA9685 out); 8ef6c313f32ea77e (trigger); ff2617dcdeae25c2 (file); d951df35ecf6861b (delay); dc9721908c3cf996 (file); 2c1340374b5f3ec0 (delay); b79fdd0e663c292f (file); 7e1e28962b90fa67 (delay); fe5066af465dfbdd (file); 2051c9f400260a6d (delay); a233967cfb35fa78 (file); 06d463d0cdabe816 (delay); f2f73ec5e3274f30 (file); ae59533a688914d5 (delay); 84d2f3b60202cb5e (file); fb656f5eaf7e0951 (delay); 5e780c4d0093882e (file); dd4df6eea9463e7d (ui_toast); 77f46d7148f4e9d3 (function); 2a054d354f71502b (function); 350cc103d9513627 (function); 7a824e5117f251eb (function); 77268c3ff5d5ab2b (function); 9934d71668639798 (function); 333fe6f89746b733 (function); 10d1782a44749d7b (function); df079394c9c7478c (ui_toast); fe95f3f255bcdf81 (function); a3ee04234d7a9cac (function); 74af7882b6704a27 (function); 08862d5761be885e (function); bd7137a6448cb4bc (function); dd377477c2355a1b (function); 5bd546f70b1bab0a (function); e8e9f08869c2b303 (function); 73276b8c91258a3d (function); 79f9894e231c4335 (mqtt out); 6ff0c4b66e13b1b6 (mqtt out)"
PUT;/autoterm/:mode/:value;35fa50255dfb5421;HTTP API;False;set autoterm mode w/ value and runtime;"07fee04d490eeaa5 (function); 8815e1a3402dfb37 (link out); 691499b994b1afc9 (link out); 4815d5db8374c57d (link out); 841be0b2356b18c1 (link out); a4436e56da531f06 (link out); 735447b9090b525b (link out); d240b30d48dc1d29 (http response); 406e545efabf0947 (link in); ab88d75f9b3df89b (link in); d3ae57a14d16dd42 (link in); a4ec456aeab1f088 (link in); f3452e30be415c80 (link in); 6f0c393d70e54938 (link in); ab5f9a530f57530b (ui_numeric); ead09df0cdb6fbc8 (ui_numeric); 961e743805f7f454 (ui_button); 3791111c48ce0b47 (function); c4651edcaaf39001 (delay); be5f17d1f0080e0e (delay); b6d8e984.954568 (ui_dropdown); 31ea03578920c642 (ui_numeric); 962ae611768ff46d (function); fd42660d236e32a4 (function); b9a005820d1c6844 (function); 3243f239d8bbb530 (function); 328c5cf6cbe66606 (function); 7c089d13b53cb26c (function); 58ae1cab5a2899c8 (function); 7279b91fb3ddc1b8 (function); e7b1551b5bec695b (delay); 5cf5504a9e98cac1 (function); 7963c241.48f1dc (function); 0e3458ee6f4e839f (function); cb73a3e9d22ca4c2 (function); dcf7fa854b924f67 (link out); c2a3be85cbfb0cee (delay); 6ec2244d9dad06ed (function); 38523125b8085c8b (link out); 641d1f9d168cd72d (ui_toast); d6a3e402307f4de9 (function); 7805c30b88c02cca (link out); f43f06187e7d7382 (link out); 298b3e3f.9dd672 (function); 399cfdd3.1ac542 (file); 54b148df80d4c8bb (countdown); a8b6acc5c5917ef3 (delay); 822f6f216f24cd12 (function); 8c85cdd689ce2643 (link in); a76968875489ba69 (function); f549c476aa58ecff (function); 9aee726329c401e9 (link in); bfcccc9873061f78 (delay); 692b067e5563fdde (link in); 630b58df3c363da9 (link in); eae168eb6c28f675 (link in); 7b00c6ec.fe47e8 (ui_toast); 2d96e8.2c96e918 (link out); 39f0d5a8e1664c66 (function); a2753fc4bdcfb753 (function); 6762b5adb3de295d (function); e23a935b5d5fba5b (ui_numeric); 17aff29b52d75558 (ui_numeric); 2193429d5871fd26 (link out); 28ae88ef85dea3ec (function); e46adda839a9fb79 (function); ad15a63c1dc3b21f (link in); 20d7d8610792929b (link in); f1d14a13e9c7d434 (link out); 402b2bb60d6420b3 (ui_button); 1673e9f0acf90a40 (switch); 6a77d532c654d677 (function); c7991555da2cfc3b (function); 959622e729ad8a22 (function); 0dd7f84e43dd4fbc (function); 89786e3e0efa5193 (delay); bc97c69199889c73 (ui_text); 2a0aa498c2d5b820 (change); cdd2ace332422bae (function); 349d6ee22ce2a82c (function); 37bb945e4e90e73f (link in); 8f3914632acb71bc (link out); d8e1dbe45fc4ce60 (link out); 402dfd39c17d608a (link out); bc2980567dcb074f (link out); 3aa8d4a40cecc839 (function); 1399b6ccc35e59ae (function); d37d614f33c57150 (delay); 8c1c86bc95a5b312 (function); c4a29aef719b60e9 (function); 4710f8abd22f9699 (function); 0f35785abd159d0a (ui_text); 79415ee0b3ce1a4f (change); da652ce989439669 (ui_text); 3a4d9331370d75a3 (change); 398727a635c332c4 (ui_button); 631e04e732bc5864 (link in); e1b033b72073b492 (link in); 1b1168f8607d8205 (link in); 38cb32c06a098f9e (link in); 79706501e55433cf (function); 9aee63f93ec0283e (link out); f25930dd8526d2c9 (function); 04a44d5b764d0bcb (function); 8247959bc02cbc35 (file); a59d3296db090be0 (link out); f86be3d86ff9d172 (function); 1642e2e3f36559b2 (function); 5f3c2890ccaaed78 (serial out); d3a9fa8e367c7416 (serial out); bc45a6814d4665e2 (serial out); e9ea1cc93d4ce5e6 (serial out); d66f1c556e19cbfc (function); f7f5f9658091d726 (link in); b68ce0e97cd9cb49 (link in); c0f3cddba633d9e8 (file); d4f6a7ac4e6db0fe (link out); 17bc994c48ef15a7 (file); c42af9e324f834bc (link out); ca9ea12469f74a1b (switch); 08507eab2b753939 (function); f5243159fd127654 (link in); 834763b5e6807c9a (link out); 1a362185d4de590a (link out); fe9a84e9e99fb913 (link out); e4a11721808db0b1 (link out); 07e7560111d4b9b8 (ui_toast); 55c87fa729fb0216 (function); efd49bd71fddc65b (function); 1c1586a28680f628 (ui_toast); 1f1e470952e7a61b (function)"
PUT;/autoterm2/:mode/:value;f78b61aa241a03bb;HTTP API;False;set autoterm2 mode w/ value and runtime;"c866686f00ca5958 (function); 2353a47275e85e0a (link out); 3cfa5e2cedd3be0e (link out); 3ba986a0eb794bec (link out); 178bc6bbf51fa633 (link out); 8486eb65268870dd (link out); 13af0b07673025a4 (link out); 100fd239c7f29260 (link out); 6675f4b3092b0a9c (http response); 8c85cdd689ce2643 (link in); 9aee726329c401e9 (link in); 1a8990ee345dec1e (link in); 20e60978f3931872 (link in); 7cc256d744493e75 (link in); f54a4281fcefc938 (link in); b71e5390f1a13c55 (link in); e23a935b5d5fba5b (ui_numeric); 17aff29b52d75558 (ui_numeric); c64c0da0ce9bde09 (ui_button); 03820fcd94da7f59 (function); e8ab7963bf895644 (delay); e204ef3fc9dd1b9a (function); 0283d7ad9fd38d63 (function); 5035d35ad5ef565d (ui_dropdown); 6a765babb1382104 (ui_numeric); 6a77d532c654d677 (function); c7991555da2cfc3b (function); 959622e729ad8a22 (function); 0dd7f84e43dd4fbc (function); 8bda59cdebebee24 (function); 1399b6ccc35e59ae (function); 484f4295724356ec (ui_dropdown); 7c8d771865836729 (function); 51cbcc9df0ed9de5 (function); 3aa8d4a40cecc839 (function); d37d614f33c57150 (delay); 8c1c86bc95a5b312 (function); 751f75fbfd5ea754 (ui_toast); 00450dfaf4263e44 (function); 9aee63f93ec0283e (link out); 7b8f65b694673686 (function); e814b275717f0b5b (file); 1e6cab4a1dcf0b81 (ui_button); 0471b3d1c34a252f (ui_button); 0934a5c6a76be1a8 (ui_button); ad79043cc5c554d5 (delay); 96007a80ca96f985 (countdown); 79706501e55433cf (function); f25930dd8526d2c9 (function); 04a44d5b764d0bcb (function); 4177006a5b5dc2aa (delay); f7f5f9658091d726 (link in); 8e60eb211ba64487 (function); 3e4662433f6ea83c (file); 524de6910c56e907 (delay); 349d6ee22ce2a82c (function); dae6751c69f1d7dc (function); 25f6a071893a1bd8 (function); d66f1c556e19cbfc (function); 6d16441cb6c88add (link out); 691fc19f20cd8692 (ui_toast); 77c73221521511f6 (link out); da652ce989439669 (ui_text); 3a4d9331370d75a3 (change); e0f2150a33778a93 (ui_button); 7ed5ad65c02cd406 (link out); ca9ea12469f74a1b (switch); 20d7d8610792929b (link in); 7c825eee5dde7de2 (link in); 1642e2e3f36559b2 (function); ce77c805fd6f375d (function); 4bafa884adfb8089 (link in); 834763b5e6807c9a (link out); 1a362185d4de590a (link out); fe9a84e9e99fb913 (link out); e4a11721808db0b1 (link out); 17bc994c48ef15a7 (file); c42af9e324f834bc (link out); 62a00a20dca1d386 (delay); 631e04e732bc5864 (link in); e1b033b72073b492 (link in); 1b1168f8607d8205 (link in); 38cb32c06a098f9e (link in); f5243159fd127654 (link in); b98a68a6de01af38 (function); 5f3c2890ccaaed78 (serial out); d3a9fa8e367c7416 (serial out); bc45a6814d4665e2 (serial out); e9ea1cc93d4ce5e6 (serial out); efd49bd71fddc65b (function); 1c1586a28680f628 (ui_toast); 1f1e470952e7a61b (function)"
PUT;/timers/:device;268ab5b68106b017;HTTP API;False;create response & process;"a5f5e881adc78ac7 (function); 9b5484214f51831a (link out); bfd6eeb13b0edcd1 (link out); 77c64560dea67538 (link out); 50911e8c1585bf9f (link out); e3b7717b3f02a3ba (link out); b88c98739064a375 (link out); 2b1056235cf5ad3a (http response); 75388c9d591ca004 (link in); 140a73414e06e582 (link in); fc6c4c72faa20c0e (link in); 7e86a6b3c0df19c7 (link in); a0aa3292c3439feb (link in); b4ee31e0ade8dfd4 (link in); d77b6b10b4826cc8 (ui_time_scheduler); 15b626fea55a823c (ui_switch); ba59632bf01d8d4a (ui_time_scheduler); 773d9bfdbb55d26d (ui_switch); c64857dd22909bbe (ui_time_scheduler); a2c62f8cc4cf44dd (ui_switch); 1560ab8a3c49658b (file); f7f96d91c2d21698 (function); 24996cdacc9fb439 (function); f215fb8b70a91e89 (file); 391c9825ca6fe36e (function); 45d0348ba75e6f45 (function); 3d04165bcf52b546 (file); bdefae9ccda6d046 (function); c67d15761a7a0109 (function); a295598af402dbfc (function); bd3a6057503c03f2 (switch); de01e3e08fb2b8f4 (function); 9e70e22a49a978e9 (switch); 223294cefd2aeab1 (function); 9c82e4ef3d7bb1bc (switch); dc67f340f93a8328 (link out); ebd09a1e558e200e (link out); b3b8e5402cec08ba (delay); df986e6a5787d93e (link out); d0e044ed2e915498 (link out); 0fc5e8b0fc31cba2 (delay); 1118365a2f4915bf (link out); 363f534a6a534d11 (link out); cc1ee79f625c655d (delay); 267bc170a502c4dd (link in); c0c9648b612029f4 (link in); 3ada4d7bf43f1283 (link out); d3ae57a14d16dd42 (link in); a4ec456aeab1f088 (link in); b59b4091e7c63391 (link out); 1a8990ee345dec1e (link in); 20e60978f3931872 (link in); 87361b73a8a8a708 (link out); 26e7fa777c6a1c36 (ui_button); c89471c67059e637 (ui_button); 961e743805f7f454 (ui_button); 3791111c48ce0b47 (function); c4651edcaaf39001 (delay); be5f17d1f0080e0e (delay); c64c0da0ce9bde09 (ui_button); 03820fcd94da7f59 (function); e8ab7963bf895644 (delay); e204ef3fc9dd1b9a (function); 053b49be973853cb (link out); 26780ff6f5fa503f (function); 728d5197332f3437 (function); 0cd30c5fadedafec (delay); f5c9beb7b33e86aa (link out); 18568e42b9ab7171 (function); 58ae1cab5a2899c8 (function); ab5f9a530f57530b (ui_numeric); 7279b91fb3ddc1b8 (function); e7b1551b5bec695b (delay); 5cf5504a9e98cac1 (function); 8bda59cdebebee24 (function); e23a935b5d5fba5b (ui_numeric); 1399b6ccc35e59ae (function); 17aff29b52d75558 (ui_numeric); 3aec10b81cfcbc6f (link in); 777866f44d62b0d8 (link in); 996d8e4b19fe38c8 (link in); ea162cdb6c429eed (split); d6327f4c3ebe62a4 (ui_toast); 5f36a7372f8a6e1b (link out); 2030cad5ffd9fb27 (link in); 25c3852715792925 (link in); 9fa1b8aab7d6ac39 (link in); 55bef719414f57fb (split); 641d1f9d168cd72d (ui_toast); d6a3e402307f4de9 (function); 962ae611768ff46d (function); fd42660d236e32a4 (function); b9a005820d1c6844 (function); ead09df0cdb6fbc8 (ui_numeric); 7805c30b88c02cca (link out); f43f06187e7d7382 (link out); 751f75fbfd5ea754 (ui_toast); 00450dfaf4263e44 (function); 6a77d532c654d677 (function); c7991555da2cfc3b (function); 9aee63f93ec0283e (link out); 959622e729ad8a22 (function); 0dd7f84e43dd4fbc (function); 9ac8f4c1014b5272 (delay); 88042b35527a7ea0 (trigger); 392132c20d720c68 (delay); f195df1fdd01b724 (function); 6a2dbf6d8d4803ee (trigger); e605e9bacd9f9d76 (function); ad15a63c1dc3b21f (link in); 91fc66c5f22729df (delay); 268eb092e3ad1af2 (function); 2e20c105ee14f2f8 (function); 03c1df756adff042 (function); 63e12070590e4f41 (function); cb73a3e9d22ca4c2 (function); bfcccc9873061f78 (delay); dcf7fa854b924f67 (link out); 3243f239d8bbb530 (function); 328c5cf6cbe66606 (function); 7c089d13b53cb26c (function); 692b067e5563fdde (link in); 630b58df3c363da9 (link in); eae168eb6c28f675 (link in); 3aa8d4a40cecc839 (function); 4177006a5b5dc2aa (delay); f7f5f9658091d726 (link in); d37d614f33c57150 (delay); 8c1c86bc95a5b312 (function); fa68377089123349 (function); 63aa4d26e3d0fb6f (function); 4ed948cd7c1f141b (function); 3ec0e33e42336eb4 (function); e210492c2a220822 (function); d2806b4d15941928 (http request); cdd2ace332422bae (function); 8f64d654478052f5 (function); 987232b902e2a129 (countdown); 6be7443bb8f022a2 (delay); 861c83dd47cb0ddd (function); 822f6f216f24cd12 (function); 2193429d5871fd26 (link out); 8c85cdd689ce2643 (link in); c2a3be85cbfb0cee (delay); 6ec2244d9dad06ed (function); 38523125b8085c8b (link out); 28ae88ef85dea3ec (function); e46adda839a9fb79 (function); 6762b5adb3de295d (function); 79706501e55433cf (function); 6d16441cb6c88add (link out); d66f1c556e19cbfc (function); f25930dd8526d2c9 (function); 04a44d5b764d0bcb (function); 5843b7dd0417ee19 (function); 9138d2bec3dd6888 (switch); 3f0467c2cdbc1710 (delay); c87377a78da44bee (switch); 0f35785abd159d0a (ui_text); 79415ee0b3ce1a4f (change); 768aa988ca5774e3 (function); 5a11710dd37e96d4 (function); 7097255967acecb2 (function); a76968875489ba69 (function); f549c476aa58ecff (function); 9aee726329c401e9 (link in); 54b148df80d4c8bb (countdown); 89786e3e0efa5193 (delay); bc97c69199889c73 (ui_text); 2a0aa498c2d5b820 (change); 1673e9f0acf90a40 (switch); 20d7d8610792929b (link in); ca9ea12469f74a1b (switch); cdf5c953b6db4517 (switch); 6d5917dc04d190a0 (link out); 8ffe8216ce4b58e9 (link out); 3f2d0d99422ba676 (link out); f6b7d9ea69e00d2b (link out); 876eb65067c7e2f1 (link out); 8879f99ded5a9057 (link out); 6e57363062cbee1a (exec); 6726e31a5d83c0a8 (delay); 2a4f7c1adb2fd1b6 (link out); 8b9fcd42c35c93e1 (link out); 8e3d7368a9420b01 (delay); f86be3d86ff9d172 (function); 0c934cddc0d6061b (link out); b1bc07cff8fdf524 (ui_button); 0e78a15f60afe2b5 (ui_numeric); 39f0d5a8e1664c66 (function); a2753fc4bdcfb753 (function); c4a29aef719b60e9 (function); 4710f8abd22f9699 (function); 8f3914632acb71bc (link out); d8e1dbe45fc4ce60 (link out); 402dfd39c17d608a (link out); bc2980567dcb074f (link out); 349d6ee22ce2a82c (function); 834763b5e6807c9a (link out); 1a362185d4de590a (link out); fe9a84e9e99fb913 (link out); e4a11721808db0b1 (link out); 14ac3a004339aa29 (link out); 246a92bff38e129f (link out); 019e0d59897b6a70 (link out); 27f9332e695de4b7 (link out); 1c8ea076f1487c81 (link out); bb2a109a66b34c73 (link in); 631e04e732bc5864 (link in); e1b033b72073b492 (link in); 1b1168f8607d8205 (link in); 38cb32c06a098f9e (link in); ad88f10fd1f2d787 (link out); d4603be116c1764d (function); c0f3cddba633d9e8 (file); d4f6a7ac4e6db0fe (link out); d34803547356c41f (function); f1d14a13e9c7d434 (link out); 402b2bb60d6420b3 (ui_button); 31ea03578920c642 (ui_numeric); 8247959bc02cbc35 (file); a59d3296db090be0 (link out); da652ce989439669 (ui_text); 3a4d9331370d75a3 (change); 407403ab94fd67cd (serial out); 5f3c2890ccaaed78 (serial out); d3a9fa8e367c7416 (serial out); bc45a6814d4665e2 (serial out); e9ea1cc93d4ce5e6 (serial out); 51858671e39c9f96 (link in); 8eb597b7ad8580fb (link in); bf2cea84191ef3d2 (link in); c5f0c4372a081cd7 (link in); dcf6b3ca1dcb55b8 (delay); 37bb945e4e90e73f (link in); 0e3458ee6f4e839f (function); b68ce0e97cd9cb49 (link in); 1642e2e3f36559b2 (function); a8515966cb3dbe53 (file in); 59c1aa8dadbf8857 (file in); 8b774c24bc62d9fa (file in); 3bae0e9f6d145e9b (file in); 398727a635c332c4 (ui_button); a8b6acc5c5917ef3 (delay); 08507eab2b753939 (function); 17bc994c48ef15a7 (file); c42af9e324f834bc (link out); 01dd2c03bf9d5a8d (ui_dropdown); 7611e48a476c884e (ui_dropdown); eb3ddc69e93d1b2d (ui_dropdown); 0f9831dab4db207f (ui_dropdown); 07e7560111d4b9b8 (ui_toast); 55c87fa729fb0216 (function); f5243159fd127654 (link in); 476c314c5bcfdce5 (link out); 05bf79d02a574117 (function); 8120ba7117c8b9b3 (function); 0c3b9bc3c57b38a1 (function); 82cba0c9acde2538 (link out); 61100ccaca2da0c8 (function); 763907570bb7b915 (function); 6b6e79e3f626c4d5 (link out); fa3527cc29323b59 (function); 889d909fd7f3f84d (function); efd49bd71fddc65b (function); 9c3fb485dd0c5376 (link in); 753986414cbd2eec (file); b186ea440a295e27 (delay); a1ec3f80405825b1 (link out); f46c975631a3e9bc (function); 123657f3e3998f27 (function); 66a66fa682527b84 (ui_toast); 76003c928eac1a0e (file); c215fc6a1f3948dc (delay); a8d5ae5375f9d672 (file); b77092becd98d7ba (delay); 1c1586a28680f628 (ui_toast); 1f1e470952e7a61b (function); 068ec4f6bd7a5f66 (function); cc47bd193f56bf89 (serial request); 55d0f9bcd4256ee1 (file); 0e4fb0275827de42 (delay); 35745cbf70188d5c (function); 402b82484ab91b65 (serial request); 9d0a30926aeee2fe (serial request); 21d02601345bcaa5 (ui_ui_control); 817df75c7ab35981 (serial request); 03218a06a7c94bb8 (ui_toast); 1048dc98df382fa0 (function)"
GET;/fan/;4374ca7e1e9c706a;HTTP API;False;get maxxfan & bayernluefter;"c005543f31bd2dcf (function); b837f384a460263d (http response)"
PUT;/maxxfan/:type/:value?;be04e0436d12af78;HTTP API;False;create responses & process;"87db10e4cf614218 (function); b837f384a460263d (http response); d42bad054a44a880 (link out); 3b0811fb7b1011da (link out); 1247a97250206c6b (link out); 7d09038c987afa91 (link out); 6445863b9497958e (link out); 60f8dfe1221de838 (link out); 330ad0824237dafd (link out); 7114f4eb56fe95e1 (link in); 323fd7b7567ab286 (link in); 5963d5a6599c359c (link in); 25c4bd4cf9c47bb6 (link in); 49c16406ebaefc95 (link in); 470d4f8fef07a06a (link in); 9af5b6f479af6d64 (function); 855eab42b1b2a97f (function); bd058d1b15d54a9c (function); 321a700458bb0e59 (function); 0d9bc5e7fdb8c3b8 (function); 16c4d9d3af833674 (function); ccd0c289fbe020bf (ui_text); 71faf1e40a707026 (function); 3256e0d769d87597 (ui_button); 14b12ad4e18d0cee (link out); bf9d6423ef9fcdaa (ui_button); 773b27c9239f0cb0 (ui_button); 5f6c296042bb0295 (link out); 5c0a633bd609c0de (ui_button); 4eb8d4c93ddd8be2 (link out); 1aa558ee02d8e7a6 (delay); 82655a7d0d02ec03 (ui_button); 5d99806a85d2b0c9 (ui_button); d23e83a9d40c86ad (mcp23017output); 84a9b83f1e1ab625 (mcp23017output); 88a7c48de5a7e559 (mcp23017output); 2674b4e095192a57 (mcp23017output); 54c1775f01a0b00c (mcp23017output)"
PUT;/bayernluefter/:type/:value?;d9c34f2b4faeb4df;HTTP API;False;create responses & process;"abca97188ae624ff (function); 04ef8fc96d0907dd (http response); b70e6b86a19b2ea4 (link out); 61bd9660da93d4f8 (link out); 24885ddeabb42cde (link in); e36939acf8784f9e (link in); 042cc8e6d4a04aea (http request); 1d4718fc9b345934 (ui_numeric); 4bc7401535ac6451 (function); 1b45929a68045c2c (function); 9f5461cb0053f9f7 (http request); 6f25829eb6d0d910 (countdown); 215468adcc5eb53a (delay); 2e286f10ee7129b0 (function); ab8265808547d017 (function); 8ddf9c29e376a7f6 (function); a7282b41e66c825f (ui_text); ddec744acf17bed7 (function); 9778ef10c287fb51 (delay); c5e5f4140cae33f0 (delay); db4351be10fd8315 (ui_button); 97f2147ebbb5935c (ui_text); e12538ffec7696a3 (link out); 26651133a16cf058 (http request); dd4aa49df5e1dd81 (function); b8f5b6d3efa56e71 (link in); b152cde5e4c9691a (delay); b26ba87ace27fd14 (function); 64a79732b818c2ad (function); 49c2ee2c612fb3b1 (ui_button); a16ddffe23e36b51 (ui_button); 71ed1bb8171dbecd (ui_button); a78788314a84704a (ui_text); aaac296f7ab72c5b (ui_button); 5dce953cbeab8f31 (ui_button); 37dbf02a7fff3275 (ui_button); e2a32d67b08f41fa (ui_text); 22ce83668e769fa9 (ui_button); 543a995c9cdf8411 (ui_button); 302e2318c70b2faf (ui_text); 8e7bc703642de5e2 (ui_button); 30d19c0ed507f682 (ui_button); 9b763c7cab506570 (function)"
GET;/maxxfan/;608408a294bf58e1;HTTP API;False;get only maxxfan;"20b29055a2bfe444 (function); b837f384a460263d (http response)"
GET;/bayernluefter/;38e7e5fa3621bb89;HTTP API;False;get only bayernluefter;"ac8c4ff7d9f0846f (function); 04ef8fc96d0907dd (http response)"
GET;/smartboil;110f907da14b2626;HTTP API;False;parse smartboil;"bbb7d8329cedcdc9 (function); 7c139d85b2b11297 (http response)"
GET;/dometic_rc10_ci/;278b62cae74991c6;HTTP API;False;get only Dometic RC 10;"8afcd91dc26192d8 (function); 2de5213ace3911cb (http response)"
PUT;/rgbw/:input;36ece5734829534f;HTTP API;False;check input and control rgbw;"dac963d295ad6c35 (function); 7a21f7b847198ca2 (link out); 5dcc807b97de558e (link out); 81d94d87af05d626 (http response); 0df896544c8ea225 (link in); 055620f8ae3e6fdf (link in); 4668e9e125acb5dc (function); d807d67c95221571 (function); e3241d06bc59f216 (PCA9685 out)"
PUT;/timberline;44b4b854feaa0e56;HTTP API;False;json;"8cef0c75052d62c3 (json); 1b27d20e36a90bc3 (function); 089d7b0c5ab17fbe (http response); 502c2a1dddbb4c05 (link out); 7f38beefa5104496 (link in); 9969edc8264d9f60 (function); 84ac1b7f9e582d02 (link out); 50767187af4b9d7f (link in); eff39f2461ff0ee4 (function); b2918f1ec8fb7d19 (exec)"
GET;/lte_bridge;46b380cf93ad07b8;HTTP API;False;get lteBridge state;"1e4703fb1d118670 (function); 7f1a9792b18534aa (http response)"
PUT;/smartboil/:command/:value?;7aec9024dd3b7522;HTTP API;False;parse;"1ab5b5e2de8573f6 (function); f64630c101de675c (link out); 7c139d85b2b11297 (http response); b1cdeeb59380b59a (link in); b70be055496ad738 (function); 1cbd8c64c803a767 (mqtt out)"
PUT;/truma_ci/:device/:value?;8c55fdeaf758da4c;HTTP API;False;parse;"e269efdcbd9a675b (function); 6cdb1f882ba4432c (link out); 35baa52689f21301 (link out); 92e06725e247edcf (delay); de081e1a4e8d01ad (link out); 0afacaeb1ef0adb4 (http response); af3f9e530c546ae5 (link in); 0dc2dcdf95b08783 (link in); d04bfb4e21bfb08b (link in); eea79cffac053e21 (exec); 2c657f9c81740d96 (link in); ea1c471561f0727b (function); 399420b4993379cd (delay); 6b6d7fa3f60b027a (ui_numeric); fb79667458ede5d3 (function); bc5aea9df3928fab (ui_button); 135e811695480e57 (ui_text); f7b0cfdf49283c1e (change); 996352d5ce8d8d96 (mqtt out); 45d182f36a1da9c7 (function); 786968491de7aa55 (delay); 9db4affa5ca29a02 (exec); 7f09b9a0739f1443 (delay); 33afeb55424229ff (function); edd4605d81d8964b (countdown); 3e4c20a8d5f4235b (delay); 333dce7eb0c6524b (link out); e904315b0777875f (function); 974567f8772631bf (exec); b7b616cab3296c38 (file); 235d5c3eedebd4f4 (link out); 865ef05ac1f21b66 (function); 54413172e51ab358 (function); b2b489c7604ef466 (link in); e2110322effd9cac (link out); e950e3e59379bfa7 (function); bd2ff0debff93bc6 (link out); 05b0c571d3a612b1 (ui_button); 96c1f065ba9fc7c8 (exec); e0efa0464d06ef76 (link in); 698a66a0f9b508b8 (link in); 5e87a7ab9147f219 (link in); 05480957d3466950 (link in); c486140ba6404d12 (function); 8f8b0f51643094a4 (function); 2814182752208187 (ui_text); 3fc7e84aaad3a041 (ui_text); 158c5104e3692fd5 (ui_button); ba413b1332efac51 (function); 2ff93d3991702a2d (delay); 1b70296512cff1f7 (ui_text); 321a7ef0a4813182 (function); b4d7bb361c82a261 (function); beb3d59ed3c29291 (ui_dropdown); b7f91df89f7ba8b3 (function); 8aae8fa623659714 (function); 062991f66498926d (ui_toast)"
PUT;/boiler/:auto/:target/:boost?;902ef1d4ea5920d6;HTTP API;False;create responses & process;"6ff13ada0d2f2cd8 (function); 80e48372c032e6a5 (http response); bf4412a324497e8b (link out); 2f43f2b6d8d28dea (link out); f55335a1bc4f1347 (link out); 69207afe054634bb (link out); ccfd0675c4088e9b (link in); 893d2ca75a8253a9 (link in); 69bba24bdd369aa2 (link in); 5010aa9c2c5dea02 (link in); 491c5ce83003166d (ui_switch); 5b24ebe12aac6991 (ui_numeric); aab893f4966b4052 (ui_switch); 9b56fde63a3f63d9 (ui_numeric); 9921826ed119e73c (file); 5a9222c4dde567f0 (function); ebcc0ec2c9c1912c (function); 280fc406530107e0 (file); f4bf5832a2aaed82 (function); c0d05fb872ef430c (file); 6cadeaed9ebc2155 (function); f5a179ec153e17b0 (trigger); 23421647ad78d17d (link out); d19d99a6e5a537b7 (link out); 2f5698b942bf08e6 (ui_toast); 7a75b247e6cededd (function); b8c1c2cee30ae10a (link out); 1ce0ce73a1a43769 (function); 84d340f5ed95b1c1 (link in); af5df9c96f95c449 (link in); 49878440a32efc41 (link in); 86d9d10cd25caa2e (link in); 596b5c2e6a85a9bf (http request); 58278452926c0fbe (function); 29c128d431adafba (delay); 9c643f889953b0f1 (switch); 00679106493db8ac (link out); a02cb9ba4e6050c4 (ui_numeric); 8aff4bcee2b55b8a (function); 58d92867b231b434 (function); dd821150f8164e91 (function); 71897893a2c14798 (function); a24ee93d9de7e077 (trigger); 3d327c1d00c538c0 (function); 15482ce510e792b6 (countdown); a939627709ac4329 (delay); 7e1c044ab3b77770 (link out); e82fdfc33903fb5f (link out); 2e4bae2a9e7a9504 (link out); ca49936a5a820eb7 (link out); cc0b945c80ecf135 (link out); 518a8288047d454e (link out); 1d8928e531d0e06e (link out); 56400c47deecbe4c (link out); bd8672ba07de696f (link out); 4b0ca954e629f2b8 (link out); 408f6cd253bacdd8 (link out); c1243a0bf2857362 (link out); de9aa9f8eca085be (link out); 9c73cdec3f57397f (link out); ebab9d7174ce5a23 (link out); 8b548c9f3137d612 (link out); 7def1500905d2a5e (function); ca42ca3a2918ed2d (delay); dd78d68857791f75 (function); e683e1cde9a7d7d5 (function); c085b358e8bdaca3 (function); e9ffa3ef.cde5d (link in); 7255f9f4.6304d8 (link in); c698c6e8.416b58 (link in); f14867fc.930ab8 (link in); 1d05179e.1f1a78 (link in); c9adec52.63ae6 (link in); 38796905.f4b7f6 (link in); 2840c10.f61294 (link in); 4ff4423177e9c9e2 (link in); ae6b631be7ec453e (link in); 4491f643662d5c77 (link in); 8ce3227d4b571f7e (link in); fab3f22bfc74de38 (link in); fc59071f7bc9c363 (link in); 16c40068df12d089 (link in); 45c64f25acd963b0 (link in); 2425e2ba3183346e (http request); df0f4456500c8635 (link out); 2ebf305ebe1aea0b (ui_button); dacb7f5b.44d74 (ui_switch); c264fb8c.f1e758 (ui_switch); 405eccb2.a22934 (ui_switch); 49d48198.941ac (ui_switch); 16ced63f.7270ba (ui_switch); 2351c2f9.7423ee (ui_switch); b842531c.0277e (ui_switch); f37320d0.ce86 (ui_switch); 10fa8948db3baf41 (ui_switch); 8529f61a8f9e643c (ui_switch); c423568c54e281e9 (ui_switch); 9555af1be9250d32 (ui_switch); fdfe9d8614f8ca3e (ui_switch); 4dbe142ed792ce0a (ui_switch); 838558e07a04c3f2 (ui_switch); 23d487546698075b (ui_switch); 6e5de283f365e25c (link in); 556369299806b459 (rbe); b7839b3e9d37f0d3 (rbe); 28afece1ae7c572c (rbe); c85a9d56e53c1c84 (rbe); 8f8ba72315e45977 (rbe); 0b8806316b9f1f97 (rbe); b7f1000d67f675cb (rbe); 07f48a64f4b612d3 (rbe); 98c7ecc0174e5299 (rbe); ac55dfb2e69804fe (rbe); 4921ba15ebb3d4a4 (rbe); 4b4e0a4b2e23ff26 (rbe); 7896a7b50cc2f972 (rbe); 3d89407b6bf8ee6b (rbe); 0f94d3852d666b31 (rbe); b71b7a48fed25aad (rbe); 354b4a1fab694ab0 (function); 575e0839.875e98 (function); 3f8eb0095811ce76 (function); 6b072cbdf39bdb32 (function); 5d4c63f3.64e5cc (function); c78c564257955279 (function); 772f50fb.034d (function); 948c057927ef953c (function); 307f6235.0808be (function); f551adef67b211a0 (function); 84e71d87.e932b (function); 16a04cee2fe86c0d (function); 3296f90c.eb22a6 (function); 8bb48b46f22cc9a4 (function); 7a15f64.9a20508 (function); 5fbc33ef8d4c3264 (function); fe61676.936ee98 (function); d808ce1c4dd82dbc (function); 844b28e8488c4e1e (function); 83f491958b6bf7e0 (function); e31a56d5c337354f (function); c94192cc36f00d3c (function); 17ef8fb35cb98a3c (function); 6ae0c683959c7f7f (function); a48f1fccc7739d49 (function); dc71bdcdeb611f4e (function); 355ceeaae73f7e45 (function); 3e18fafbc72717e1 (function); be345e74560b367e (function); 629b8965e5cbe52d (function); 1d0e15751b516264 (function); b4a661a9fdeb88cb (function); b7349a7681405584 (function); cdaaa637cae47296 (function); a581cc08db80c7d9 (function); 5178ecbeaff0a048 (http request); 5730cd6a1ed3ebab (link out); 11c24833.f847b8 (link out); c4140e0413dc1967 (mqtt out); ea33014cabf2c836 (file); 714b8fe5d32f4ad8 (ui_toast); 745b7417fa854db2 (delay); 893b1d6d.f3097 (link out); 10853a74a8853af2 (delay); c0c96477.8f3118 (link out); 774ca146eb3d1f9f (delay); e6f5ea3d.aa0598 (link out); 72e77a114e869c04 (delay); 22d3166b.ba4d7a (link out); b7ac58ad17708d99 (delay); fdbe2584.d2b908 (link out); b39bc3b9fc585e68 (delay); 7342408f.2fe48 (link out); 29817dad5c4835e4 (delay); 3d012ced.3740b4 (link out); 31e4ebd73479bb42 (delay); 691214c579b41c70 (link out); 87d611f5a919ad84 (file); 4b1704410f20510f (ui_toast); 808515c78c12fc37 (delay); d2bf0caba8614b1e (link out); 1fb5abddf79117c5 (delay); c39792e7c90a2fe2 (link out); 37528c4efe70bad7 (delay); a5d89c3742d78dea (link out); 8fd899769644db0f (delay); 208e1f1eb9f22c32 (link out); 9cf76ecd8a9e2d84 (delay); b014531417d071b4 (link out); d516e760d9162fa9 (delay); e6ee0633f754d4d5 (link out); e8bdacb6919fa24f (delay); ab591dafa79d90ae (link out); f94c80569fbd0156 (delay); 5f7ef225e802d331 (link in); 9348abf8c276270a (link in); dbe756dfc89b0fb4 (link in); abbd303277aa527c (function); 2b6c67a08a38b33c (link in); aa89907677290b8c (link in); ca12122251924b01 (link in); c12e18a92136db46 (function); 1fc8eb3c4bc42c79 (link in); 79abbf32fb06c334 (link in); ec54228c4db0212d (link in); 9322254df0a50dd0 (function); 5053b040708d4007 (link in); b597242323e2a770 (link in); e5329047f8fee3b4 (link in); f31eb22dda87ec25 (function); 73311fc8d6eb600e (link in); 8151aed611eaa8e7 (link in); e02facf1447320bb (link in); 28523a58aea84894 (function); 47027916b2d62ebe (link in); 52e43a6771948438 (link in); f9f407ba63088578 (link in); e4ad212b47f86f0d (function); 0db21f3392bc27a4 (link in); 7aa42e41ebc575e6 (link in); d680dc96a13fab05 (link in); 7ef34e21da1f846c (function); 55747310bf7b4629 (link in); 98f97f53934b5d8c (link in); a34e368716a3eb73 (link in); a138645632ac4637 (function); e6bea5fb1ded6892 (link in); 96e247f4ce6043ff (link in); 04787940e354e854 (function); 58484475349c675d (link in); 3a7b92781df7312e (link in); 51e0eada2e6d0a0f (function); b8666aeb17d99e61 (link in); 9aa7270446fc9780 (link in); 418e285bf6c8e3c9 (function); 4d22fba0c6417f36 (link in); 542e1a38edb5b98a (link in); 1324f824247da153 (function); c6ab0ac75f670622 (link in); 9dcdd5e7213946d8 (link in); d13f5ef2fe061c89 (function); d1d5fa7d5a5160ed (link in); 9f68421874a8d03f (link in); 70c42719b58982e6 (function); 5b08957e63eefe68 (link in); 121d5bf274ecaaf2 (link in); 1901fbab1c6f995c (function); 0b98d2c3e7d8bad4 (link in); 8c77aae9dca78c80 (link in); db3d733b9665c0fe (function); 2074e9d605439834 (mqtt out); 889c8ddc118e5fca (function); ca6953ce.b6db4 (rpi-gpio out); 7ad5169983d2368e (mcp23017output); b4b738fbd7ad5aff (mcp23017output); 97ba6cd7.e559d (rpi-gpio out); f43809f3173a44bf (mqtt out); cee3c747.dbc478 (rpi-gpio out); 8507c66a115490b8 (mcp23017output); c8efce5699d02327 (mqtt out); f392f502296a6232 (mqtt out); b5d0eab215660af2 (mcp23017output); 4697133a.aceddc (rpi-gpio out); 3735167f9f619201 (mqtt out); e8c9636a.4c1bf (rpi-gpio out); 241e64303925f345 (mcp23017output); 4a2c0ad9ea94e045 (mqtt out); 2ed6fd73969112bc (mcp23017output); 53ad6ee2.c6f0e (rpi-gpio out); d06d12d901c7c070 (mcp23017output); 75e34b238b5abc25 (function); deb408ae953cf4cc (mqtt out); 3b8b7be9db74a220 (mqtt out); a3c4ea31880b6744 (mcp23017output); ed05436f.d7f34 (rpi-gpio out); 23afebf2b0e96047 (mcp23017output); send_status_9_16 (function); 7be676b641755f5c (mcp23017output); 9d342fd84d8a4784 (mcp23017output); 8fd9e521d36f20b2 (mcp23017output); f260231cee24fcd4 (mcp23017output); c5dda9fd8ecf260d (mcp23017output); 8a2d6816fd659bbb (mcp23017output); 8836eac87c5e9f8a (mcp23017output); 3ed42485ebab0ac2 (link out); f8b588d3.973108 (exec); 256c7ad0d0588ea0 (link out); 149f7856ccf5def5 (link in); a4299d651f63f813 (link in); 958943bee83afdc3 (serial out); aa61ce8655a20665 (serial out)"
GET;/boiler/;93d429b036b5fc65;HTTP API;False;get only boiler;"df54e9ede0d32b97 (function); 80e48372c032e6a5 (http response)"
POST;/custom/smartboil/:command/:value?;9b75bd5a3e21e04b;HTTP API;False;parse;"1ab5b5e2de8573f6 (function); f64630c101de675c (link out); 7c139d85b2b11297 (http response); b1cdeeb59380b59a (link in); b70be055496ad738 (function); 1cbd8c64c803a767 (mqtt out)"
PUT;/dometic_rc10_ci/:power/:mode/:step?;9cf5ef7574f5f108;HTTP API;False;get only Dometic RC 10;"db0e7521c50b7d7b (function); 5e6435adc3352754 (link out); d19678d78efbe55b (http response); 2a8dbaaf899dbce2 (link in); 4518b478a7d719ab (delay); 364724b0c369271c (mqtt out)"
GET;/timberline;a29a663dbd52473c;HTTP API;False;timberline state;"2d495a4af6eb0228 (function); 089d7b0c5ab17fbe (http response)"
POST;/lte_bridge_data;c21c219c5dd1e023;HTTP API;False;heartbeat update;"41fc2c0c7673efc0 (function); 24797e48357aead2 (http response)"
GET;/uploadvanimg;68e58c0264f01092;GPS & MPU6050;False;html;"2d58f65f1a4f70d7 (template); 55d6b62153e69209 (http response)"
POST;/uploadedvanimg;f1cf0386f93ec839;GPS & MPU6050;False;save buffer;"8250245f4f564565 (function); 90c3536a40d2a9b5 (template); 580950b50cc5d42a (file); 80eab85d689e534b (http response)"
GET;/uploadtft;41799cb843b00d18;Wifi TOUCHPANEL;False;html;"e3cad5921d09b0c2 (template); ceac38b6975cf28f (http response)"
POST;/uploadedtft;cecce3b3952eb184;Wifi TOUCHPANEL;False;save buffer;"eca2f43df9f7aa25 (function); 8c03406073e738b1 (template); 5938c5dfc18563f4 (file); 0929f591f25eed1f (http response)"
GET;/userdata_pekaway.zip;2e9dbf3e91bf8eef;Update;False;userdata file;"fb69f9427422eb76 (file in); a032cf7cd2fdae62 (http response)"
GET;/restoreuserdata;9d39f181599b0a09;Update;False;html;"531d7485751e086e (template); a222f87baade2c02 (http response)"
POST;/upload;b77abd07bd8c7701;Update;False;save buffer;"50d479fcbf5cde1c (function); cc7a109d44cf536e (template); 7023f992e4e00164 (file); 17894e4d7ed6429d (http response)"
POST;/capture-url;fb4b91b9.f38cf;Config;False;set access_url;5be07ac0b6a8ae2a (function)
